;index;letters_per_second;words_per_second
1666165760;0.07642289002736409;0.016666666666666666;0.016666666666666666
1666165820;0.0;0.0;0.0
1666165880;0.0;0.0;0.0
1666165940;0.0;0.0;0.0
1666166000;0.0;0.0;0.0
1666166060;0.0;0.0;0.0
1666166120;0.0;0.0;0.0
1666166180;0.0;0.0;0.0
1666166240;0.0;0.0;0.0
1666166300;0.0;0.0;0.0
1666166360;0.0;0.0;0.0
1666166420;0.0;0.0;0.0
1666166480;0.0;0.0;0.0
1666166540;0.0;0.0;0.0
1666166600;0.0;0.0;0.0
1666166660;0.0;0.0;0.0
1666166720;0.0;0.0;0.0
1666166780;0.0;0.0;0.0
1666166840;7.8686596751213065;0.3624399043260631;0.0762439904326063
1666166900;0.7221048831939697;0.07089342900727029;0.00708934290072703
1666166960;0.0;0.0;0.0
1666167020;0.0;0.0;0.0
1666167080;6.554352259635926;0.14624219436082672;0.016666666666666666
1666167140;34.08709226051966;0.04346556070120099;0.0
1666167200;38.0;0.008570457877894821;0.0
1666167260;10.589163553714751;0.31838845372674407;0.03333333333333333
1666167320;0.0;0.0;0.0
1666167380;0.0;0.0;0.0
1666167440;0.0;0.0;0.0
1666167500;0.0;0.0;0.0
1666167560;0.0;0.0;0.0
1666167620;0.0;0.0;0.0
1666167680;5.66958757241567;0.27673424537838;0.0
1666167740;5.854254555702209;0.43993242128828675;0.0
1666167800;0.0;0.0;0.0
1666167860;0.0;0.0;0.0
1666167920;0.0;0.0;0.0
1666167980;0.0;0.0;0.0
1666168040;0.0;0.0;0.0
1666168100;0.0;0.0;0.0
1666168160;0.0;0.0;0.0
1666168220;0.0;0.0;0.0
1666168280;0.0;0.0;0.0
1666168340;12.866287982463836;0.004590603699901709;0.0
1666168400;61.0;0.021764383486182495;0.0
1666168460;31.344716199239095;0.10697834614724913;0.0
1666168520;0.0;0.0;0.0
1666168580;0.0;0.0;0.0
1666168640;12.494521478811901;0.0109825784779899;0.0
1666168700;28.876083668073015;0.08901742152201009;0.0
1666168760;0.0;0.0;0.0
1666168820;14.974619297186534;0.06666666666666667;0.0
1666168880;0.0;0.0;0.0
1666168940;0.0;0.0;0.0
1666169000;70.3421461780866;0.27587060665409147;0.009626863666037907
1666169060;6.447191814581553;0.14079606001257527;0.007039803000628763
1666169120;43.48097128470738;0.09999999999999999;0.016666666666666666
1666169180;0.0;0.0;0.0
1666169240;0.0;0.0;0.0
1666169300;0.0;0.0;0.0
1666169360;0.0;0.0;0.0
1666169420;0.0;0.0;0.0
1666169480;0.0;0.0;0.0
1666169540;0.0;0.0;0.0
1666169600;0.0;0.0;0.0
1666169660;0.0;0.0;0.0
1666169720;0.0;0.0;0.0
1666169780;0.0;0.0;0.0
1666169840;0.0;0.0;0.0
1666169900;0.0;0.0;0.0
1666169960;0.0;0.0;0.0
1666170020;116.49446868896484;0.010912158073570296;0.0
1666170080;117.47493020296096;0.0249752112217665;0.0
1666170140;118.0;0.04047058390651516;0.0
1666170200;117.52803467909494;0.04030871346481471;0.0
1666170260;0.0;0.0;0.0
1666170320;0.0;0.0;0.0
1666170380;0.0;0.0;0.0
1666170440;0.0;0.0;0.0
1666170500;0.0;0.0;0.0
1666170560;1.1401487032572428;0.016666666666666666;0.016666666666666666
1666170620;0.0;0.0;0.0
1666170680;0.0;0.0;0.0
1666170740;0.0;0.0;0.0
1666170800;0.0;0.0;0.0
1666170860;0.0;0.0;0.0
1666170920;0.0;0.0;0.0
1666170980;0.0;0.0;0.0
1666171040;0.0;0.0;0.0
1666171100;0.0;0.0;0.0
1666171160;0.0;0.0;0.0
1666171220;0.0;0.0;0.0
1666171280;0.0;0.0;0.0
1666171340;0.0;0.0;0.0
1666171400;0.0;0.0;0.0
1666171460;0.0;0.0;0.0
1666171520;0.0;0.0;0.0
1666171580;0.0;0.0;0.0
1666171640;0.0;0.0;0.0
1666171700;0.0;0.0;0.0
1666171760;0.0;0.0;0.0
1666171820;0.0;0.0;0.0
1666171880;0.0;0.0;0.0
1666171940;0.0;0.0;0.0
1666172000;0.0;0.0;0.0
1666172060;0.0;0.0;0.0
1666172120;0.0;0.0;0.0
1666172180;0.0;0.0;0.0
1666172240;0.0;0.0;0.0
1666172300;0.0;0.0;0.0
1666172360;0.0;0.0;0.0
1666172420;0.0;0.0;0.0
1666172480;0.0;0.0;0.0
1666172540;0.0;0.0;0.0
1666172600;0.0;0.0;0.0
1666172660;0.0;0.0;0.0
1666172720;0.0;0.0;0.0
1666172780;0.0;0.0;0.0
1666172840;0.0;0.0;0.0
1666172900;0.0;0.0;0.0
1666172960;0.0;0.0;0.0
1666173020;0.0;0.0;0.0
1666173080;0.0;0.0;0.0
1666173140;0.0;0.0;0.0
1666173200;0.0;0.0;0.0
1666173260;0.0;0.0;0.0
1666173320;0.0;0.0;0.0
1666173380;0.0;0.0;0.0
1666173440;0.0;0.0;0.0
1666173500;0.0;0.0;0.0
1666173560;0.0;0.0;0.0
1666173620;0.0;0.0;0.0
1666173680;0.0;0.0;0.0
1666173740;0.0;0.0;0.0
1666173800;0.0;0.0;0.0
1666173860;0.0;0.0;0.0
1666173920;0.0;0.0;0.0
1666173980;0.0;0.0;0.0
1666174040;0.0;0.0;0.0
1666174100;0.0;0.0;0.0
1666174160;0.0;0.0;0.0
1666174220;0.0;0.0;0.0
1666174280;0.0;0.0;0.0
1666174340;0.0;0.0;0.0
1666174400;0.0;0.0;0.0
1666174460;0.0;0.0;0.0
1666174520;0.0;0.0;0.0
1666174580;0.0;0.0;0.0
1666174640;0.0;0.0;0.0
1666174700;0.0;0.0;0.0
1666174760;0.0;0.0;0.0
1666174820;0.0;0.0;0.0
1666174880;0.0;0.0;0.0
1666174940;0.0;0.0;0.0
1666175000;0.0;0.0;0.0
1666175060;0.0;0.0;0.0
1666175120;0.0;0.0;0.0
1666175180;0.0;0.0;0.0
1666175240;0.0;0.0;0.0
1666175300;0.0;0.0;0.0
1666175360;0.0;0.0;0.0
1666175420;0.0;0.0;0.0
1666175480;0.0;0.0;0.0
1666175540;0.0;0.0;0.0
1666175600;0.0;0.0;0.0
1666175660;0.0;0.0;0.0
1666175720;0.0;0.0;0.0
1666175780;0.0;0.0;0.0
1666175840;0.0;0.0;0.0
1666175900;0.0;0.0;0.0
1666175960;0.0;0.0;0.0
1666176020;0.0;0.0;0.0
1666176080;0.0;0.0;0.0
1666176140;0.0;0.0;0.0
1666176200;0.0;0.0;0.0
1666176260;0.0;0.0;0.0
1666176320;0.0;0.0;0.0
1666176380;0.0;0.0;0.0
1666176440;0.0;0.0;0.0
1666176500;0.0;0.0;0.0
1666176560;0.0;0.0;0.0
1666176620;0.0;0.0;0.0
1666176680;0.0;0.0;0.0
1666176740;0.0;0.0;0.0
1666176800;0.0;0.0;0.0
1666176860;0.0;0.0;0.0
1666176920;0.0;0.0;0.0
1666176980;0.0;0.0;0.0
1666177040;0.0;0.0;0.0
1666177100;0.0;0.0;0.0
1666177160;0.0;0.0;0.0
1666177220;0.0;0.0;0.0
1666177280;0.0;0.0;0.0
1666177340;0.0;0.0;0.0
1666177400;0.0;0.0;0.0
1666177460;0.0;0.0;0.0
1666177520;0.0;0.0;0.0
1666177580;0.0;0.0;0.0
1666177640;0.0;0.0;0.0
1666177700;0.0;0.0;0.0
1666177760;0.0;0.0;0.0
1666177820;0.0;0.0;0.0
1666177880;0.0;0.0;0.0
1666177940;0.0;0.0;0.0
1666178000;0.0;0.0;0.0
1666178060;0.0;0.0;0.0
1666178120;0.0;0.0;0.0
1666178180;0.0;0.0;0.0
1666178240;0.0;0.0;0.0
1666178300;0.0;0.0;0.0
1666178360;0.0;0.0;0.0
1666178420;0.0;0.0;0.0
1666178480;0.0;0.0;0.0
1666178540;0.0;0.0;0.0
1666178600;0.0;0.0;0.0
1666178660;0.0;0.0;0.0
1666178720;0.0;0.0;0.0
1666178780;0.0;0.0;0.0
1666178840;0.0;0.0;0.0
1666178900;0.0;0.0;0.0
1666178960;0.0;0.0;0.0
1666179020;0.0;0.0;0.0
1666179080;0.0;0.0;0.0
1666179140;0.0;0.0;0.0
1666179200;0.0;0.0;0.0
1666179260;0.0;0.0;0.0
1666179320;0.0;0.0;0.0
1666179380;0.0;0.0;0.0
1666179440;0.0;0.0;0.0
1666179500;0.0;0.0;0.0
1666179560;0.0;0.0;0.0
1666179620;0.0;0.0;0.0
1666179680;0.0;0.0;0.0
1666179740;0.0;0.0;0.0
1666179800;0.0;0.0;0.0
1666179860;0.0;0.0;0.0
1666179920;0.0;0.0;0.0
1666179980;0.0;0.0;0.0
1666180040;0.0;0.0;0.0
1666180100;0.0;0.0;0.0
1666180160;0.0;0.0;0.0
1666180220;0.0;0.0;0.0
1666180280;0.0;0.0;0.0
1666180340;0.0;0.0;0.0
1666180400;0.0;0.0;0.0
1666180460;0.0;0.0;0.0
1666180520;0.0;0.0;0.0
1666180580;0.0;0.0;0.0
1666180640;0.0;0.0;0.0
1666180700;0.0;0.0;0.0
1666180760;0.0;0.0;0.0
1666180820;0.0;0.0;0.0
1666180880;0.0;0.0;0.0
1666180940;0.0;0.0;0.0
1666181000;0.0;0.0;0.0
1666181060;0.0;0.0;0.0
1666181120;0.0;0.0;0.0
1666181180;0.0;0.0;0.0
1666181240;0.0;0.0;0.0
1666181300;0.0;0.0;0.0
1666181360;0.0;0.0;0.0
1666181420;0.0;0.0;0.0
1666181480;0.0;0.0;0.0
1666181540;0.0;0.0;0.0
1666181600;0.0;0.0;0.0
1666181660;0.0;0.0;0.0
1666181720;0.0;0.0;0.0
1666181780;0.0;0.0;0.0
1666181840;0.0;0.0;0.0
1666181900;0.0;0.0;0.0
1666181960;0.0;0.0;0.0
1666182020;0.0;0.0;0.0
1666182080;0.0;0.0;0.0
1666182140;0.0;0.0;0.0
1666182200;0.0;0.0;0.0
1666182260;0.0;0.0;0.0
1666182320;0.0;0.0;0.0
1666182380;0.0;0.0;0.0
1666182440;0.0;0.0;0.0
1666182500;0.0;0.0;0.0
1666182560;0.0;0.0;0.0
1666182620;0.0;0.0;0.0
1666182680;0.0;0.0;0.0
1666182740;0.0;0.0;0.0
1666182800;0.0;0.0;0.0
1666182860;0.0;0.0;0.0
1666182920;0.0;0.0;0.0
1666182980;0.0;0.0;0.0
1666183040;0.0;0.0;0.0
1666183100;0.0;0.0;0.0
1666183160;0.0;0.0;0.0
1666183220;0.0;0.0;0.0
1666183280;0.0;0.0;0.0
1666183340;0.0;0.0;0.0
1666183400;0.0;0.0;0.0
1666183460;0.0;0.0;0.0
1666183520;0.0;0.0;0.0
1666183580;0.0;0.0;0.0
1666183640;0.0;0.0;0.0
1666183700;0.0;0.0;0.0
1666183760;0.0;0.0;0.0
1666183820;0.0;0.0;0.0
1666183880;0.0;0.0;0.0
1666183940;0.0;0.0;0.0
1666184000;0.0;0.0;0.0
1666184060;0.0;0.0;0.0
1666184120;0.0;0.0;0.0
1666184180;0.0;0.0;0.0
1666184240;0.0;0.0;0.0
1666184300;0.0;0.0;0.0
1666184360;0.0;0.0;0.0
1666184420;0.0;0.0;0.0
1666184480;0.0;0.0;0.0
1666184540;0.0;0.0;0.0
1666184600;0.0;0.0;0.0
1666184660;0.0;0.0;0.0
1666184720;0.0;0.0;0.0
1666184780;0.0;0.0;0.0
1666184840;0.0;0.0;0.0
1666184900;0.0;0.0;0.0
1666184960;0.0;0.0;0.0
1666185020;0.0;0.0;0.0
1666185080;0.0;0.0;0.0
1666185140;0.0;0.0;0.0
1666185200;0.0;0.0;0.0
1666185260;0.0;0.0;0.0
1666185320;0.0;0.0;0.0
1666185380;0.0;0.0;0.0
1666185440;0.0;0.0;0.0
1666185500;0.0;0.0;0.0
1666185560;0.0;0.0;0.0
1666185620;0.0;0.0;0.0
1666185680;0.0;0.0;0.0
1666185740;0.0;0.0;0.0
1666185800;0.0;0.0;0.0
1666185860;0.0;0.0;0.0
1666185920;0.0;0.0;0.0
1666185980;0.0;0.0;0.0
1666186040;0.0;0.0;0.0
1666186100;0.0;0.0;0.0
1666186160;0.0;0.0;0.0
1666186220;0.0;0.0;0.0
1666186280;0.0;0.0;0.0
1666186340;0.0;0.0;0.0
1666186400;0.0;0.0;0.0
1666186460;0.0;0.0;0.0
1666186520;0.0;0.0;0.0
1666186580;0.0;0.0;0.0
1666186640;0.0;0.0;0.0
1666186700;0.0;0.0;0.0
1666186760;0.0;0.0;0.0
1666186820;0.0;0.0;0.0
1666186880;0.0;0.0;0.0
1666186940;0.0;0.0;0.0
1666187000;0.0;0.0;0.0
1666187060;0.0;0.0;0.0
1666187120;0.0;0.0;0.0
1666187180;0.0;0.0;0.0
1666187240;0.0;0.0;0.0
1666187300;0.0;0.0;0.0
1666187360;0.0;0.0;0.0
1666187420;0.0;0.0;0.0
1666187480;0.0;0.0;0.0
1666187540;0.0;0.0;0.0
1666187600;0.0;0.0;0.0
1666187660;0.0;0.0;0.0
1666187720;0.0;0.0;0.0
1666187780;0.0;0.0;0.0
1666187840;0.0;0.0;0.0
1666187900;0.0;0.0;0.0
1666187960;0.0;0.0;0.0
1666188020;0.0;0.0;0.0
1666188080;0.0;0.0;0.0
1666188140;0.0;0.0;0.0
1666188200;0.0;0.0;0.0
1666188260;0.0;0.0;0.0
1666188320;0.0;0.0;0.0
1666188380;0.0;0.0;0.0
1666188440;0.0;0.0;0.0
1666188500;0.0;0.0;0.0
1666188560;0.0;0.0;0.0
1666188620;0.0;0.0;0.0
1666188680;0.0;0.0;0.0
1666188740;0.0;0.0;0.0
1666188800;0.0;0.0;0.0
1666188860;0.0;0.0;0.0
1666188920;0.0;0.0;0.0
1666188980;0.0;0.0;0.0
1666189040;0.0;0.0;0.0
1666189100;0.0;0.0;0.0
1666189160;0.0;0.0;0.0
1666189220;0.0;0.0;0.0
1666189280;0.0;0.0;0.0
1666189340;0.0;0.0;0.0
1666189400;0.0;0.0;0.0
1666189460;0.0;0.0;0.0
1666189520;0.0;0.0;0.0
1666189580;0.0;0.0;0.0
1666189640;0.0;0.0;0.0
1666189700;0.0;0.0;0.0
1666189760;0.0;0.0;0.0
1666189820;0.0;0.0;0.0
1666189880;0.0;0.0;0.0
1666189940;0.0;0.0;0.0
1666190000;0.0;0.0;0.0
1666190060;0.0;0.0;0.0
1666190120;0.0;0.0;0.0
1666190180;0.0;0.0;0.0
1666190240;0.0;0.0;0.0
1666190300;0.0;0.0;0.0
1666190360;0.0;0.0;0.0
1666190420;0.0;0.0;0.0
1666190480;0.0;0.0;0.0
1666190540;0.0;0.0;0.0
1666190600;0.0;0.0;0.0
1666190660;0.0;0.0;0.0
1666190720;0.0;0.0;0.0
1666190780;0.0;0.0;0.0
1666190840;0.0;0.0;0.0
1666190900;0.0;0.0;0.0
1666190960;0.0;0.0;0.0
1666191020;0.0;0.0;0.0
1666191080;0.0;0.0;0.0
1666191140;0.0;0.0;0.0
1666191200;0.0;0.0;0.0
1666191260;0.0;0.0;0.0
1666191320;0.0;0.0;0.0
1666191380;0.0;0.0;0.0
1666191440;0.0;0.0;0.0
1666191500;0.0;0.0;0.0
1666191560;0.0;0.0;0.0
1666191620;0.0;0.0;0.0
1666191680;0.0;0.0;0.0
1666191740;0.0;0.0;0.0
1666191800;0.0;0.0;0.0
1666191860;0.0;0.0;0.0
1666191920;0.0;0.0;0.0
1666191980;0.0;0.0;0.0
1666192040;0.0;0.0;0.0
1666192100;0.0;0.0;0.0
1666192160;0.0;0.0;0.0
1666192220;0.0;0.0;0.0
1666192280;0.0;0.0;0.0
1666192340;0.0;0.0;0.0
1666192400;0.0;0.0;0.0
1666192460;0.0;0.0;0.0
1666192520;0.0;0.0;0.0
1666192580;0.0;0.0;0.0
1666192640;0.0;0.0;0.0
1666192700;0.0;0.0;0.0
1666192760;0.0;0.0;0.0
1666192820;0.0;0.0;0.0
1666192880;0.0;0.0;0.0
1666192940;0.0;0.0;0.0
1666193000;0.0;0.0;0.0
1666193060;0.0;0.0;0.0
1666193120;0.0;0.0;0.0
1666193180;0.0;0.0;0.0
1666193240;0.0;0.0;0.0
1666193300;0.0;0.0;0.0
1666193360;0.0;0.0;0.0
1666193420;0.0;0.0;0.0
1666193480;0.0;0.0;0.0
1666193540;0.0;0.0;0.0
1666193600;0.0;0.0;0.0
1666193660;0.0;0.0;0.0
1666193720;0.0;0.0;0.0
1666193780;0.0;0.0;0.0
1666193840;0.0;0.0;0.0
1666193900;0.0;0.0;0.0
1666193960;0.0;0.0;0.0
1666194020;0.0;0.0;0.0
1666194080;0.0;0.0;0.0
1666194140;0.0;0.0;0.0
1666194200;0.0;0.0;0.0
1666194260;0.0;0.0;0.0
1666194320;0.0;0.0;0.0
1666194380;0.0;0.0;0.0
1666194440;0.0;0.0;0.0
1666194500;0.0;0.0;0.0
1666194560;0.0;0.0;0.0
1666194620;0.0;0.0;0.0
1666194680;0.0;0.0;0.0
1666194740;0.0;0.0;0.0
1666194800;0.0;0.0;0.0
1666194860;0.0;0.0;0.0
1666194920;0.0;0.0;0.0
1666194980;0.0;0.0;0.0
1666195040;0.0;0.0;0.0
1666195100;0.0;0.0;0.0
1666195160;0.0;0.0;0.0
1666195220;0.0;0.0;0.0
1666195280;0.0;0.0;0.0
1666195340;0.0;0.0;0.0
1666195400;0.0;0.0;0.0
1666195460;0.0;0.0;0.0
1666195520;0.0;0.0;0.0
1666195580;0.0;0.0;0.0
1666195640;0.0;0.0;0.0
1666195700;0.0;0.0;0.0
1666195760;0.0;0.0;0.0
1666195820;0.0;0.0;0.0
1666195880;0.0;0.0;0.0
1666195940;0.0;0.0;0.0
1666196000;0.0;0.0;0.0
1666196060;0.0;0.0;0.0
1666196120;0.0;0.0;0.0
1666196180;0.0;0.0;0.0
1666196240;0.0;0.0;0.0
1666196300;0.0;0.0;0.0
1666196360;0.0;0.0;0.0
1666196420;0.0;0.0;0.0
1666196480;0.0;0.0;0.0
1666196540;0.0;0.0;0.0
1666196600;0.0;0.0;0.0
1666196660;0.0;0.0;0.0
1666196720;0.0;0.0;0.0
1666196780;0.0;0.0;0.0
1666196840;0.0;0.0;0.0
1666196900;0.0;0.0;0.0
1666196960;0.0;0.0;0.0
1666197020;0.0;0.0;0.0
1666197080;0.0;0.0;0.0
1666197140;0.0;0.0;0.0
1666197200;0.0;0.0;0.0
1666197260;0.0;0.0;0.0
1666197320;0.0;0.0;0.0
1666197380;0.0;0.0;0.0
1666197440;0.0;0.0;0.0
1666197500;0.0;0.0;0.0
1666197560;0.0;0.0;0.0
1666197620;0.0;0.0;0.0
1666197680;0.0;0.0;0.0
1666197740;0.0;0.0;0.0
1666197800;0.0;0.0;0.0
1666197860;0.0;0.0;0.0
1666197920;0.0;0.0;0.0
1666197980;0.0;0.0;0.0
1666198040;0.0;0.0;0.0
1666198100;0.0;0.0;0.0
1666198160;0.0;0.0;0.0
1666198220;0.0;0.0;0.0
1666198280;0.0;0.0;0.0
1666198340;0.0;0.0;0.0
1666198400;0.0;0.0;0.0
1666198460;0.0;0.0;0.0
1666198520;0.0;0.0;0.0
1666198580;0.0;0.0;0.0
1666198640;0.0;0.0;0.0
1666198700;0.0;0.0;0.0
1666198760;0.0;0.0;0.0
1666198820;0.0;0.0;0.0
1666198880;0.0;0.0;0.0
1666198940;0.0;0.0;0.0
1666199000;0.0;0.0;0.0
1666199060;0.0;0.0;0.0
1666199120;0.0;0.0;0.0
1666199180;0.0;0.0;0.0
1666199240;0.0;0.0;0.0
1666199300;0.0;0.0;0.0
1666199360;0.0;0.0;0.0
1666199420;0.0;0.0;0.0
1666199480;0.0;0.0;0.0
1666199540;0.0;0.0;0.0
1666199600;0.0;0.0;0.0
1666199660;0.0;0.0;0.0
1666199720;0.0;0.0;0.0
1666199780;0.0;0.0;0.0
1666199840;0.0;0.0;0.0
1666199900;0.0;0.0;0.0
1666199960;0.0;0.0;0.0
1666200020;0.0;0.0;0.0
1666200080;0.0;0.0;0.0
1666200140;0.0;0.0;0.0
1666200200;0.0;0.0;0.0
1666200260;0.0;0.0;0.0
1666200320;0.0;0.0;0.0
1666200380;0.0;0.0;0.0
1666200440;0.0;0.0;0.0
1666200500;0.0;0.0;0.0
1666200560;0.0;0.0;0.0
1666200620;0.0;0.0;0.0
1666200680;0.0;0.0;0.0
1666200740;0.0;0.0;0.0
1666200800;0.0;0.0;0.0
1666200860;0.0;0.0;0.0
1666200920;0.0;0.0;0.0
1666200980;0.0;0.0;0.0
1666201040;0.0;0.0;0.0
1666201100;0.0;0.0;0.0
1666201160;0.0;0.0;0.0
1666201220;0.0;0.0;0.0
1666201280;0.0;0.0;0.0
1666201340;0.0;0.0;0.0
1666201400;0.0;0.0;0.0
1666201460;0.0;0.0;0.0
1666201520;0.0;0.0;0.0
1666201580;0.0;0.0;0.0
1666201640;0.0;0.0;0.0
1666201700;0.0;0.0;0.0
1666201760;0.0;0.0;0.0
1666201820;0.0;0.0;0.0
1666201880;0.0;0.0;0.0
1666201940;0.0;0.0;0.0
1666202000;0.0;0.0;0.0
1666202060;0.0;0.0;0.0
1666202120;0.0;0.0;0.0
1666202180;0.0;0.0;0.0
1666202240;0.0;0.0;0.0
1666202300;0.0;0.0;0.0
1666202360;0.0;0.0;0.0
1666202420;0.0;0.0;0.0
1666202480;0.0;0.0;0.0
1666202540;0.0;0.0;0.0
1666202600;0.0;0.0;0.0
1666202660;0.0;0.0;0.0
1666202720;0.0;0.0;0.0
1666202780;0.0;0.0;0.0
1666202840;0.0;0.0;0.0
1666202900;0.0;0.0;0.0
1666202960;0.0;0.0;0.0
1666203020;0.0;0.0;0.0
1666203080;0.0;0.0;0.0
1666203140;0.0;0.0;0.0
1666203200;0.0;0.0;0.0
1666203260;0.0;0.0;0.0
1666203320;0.0;0.0;0.0
1666203380;0.0;0.0;0.0
1666203440;0.0;0.0;0.0
1666203500;0.0;0.0;0.0
1666203560;0.0;0.0;0.0
1666203620;0.0;0.0;0.0
1666203680;0.0;0.0;0.0
1666203740;0.0;0.0;0.0
1666203800;0.0;0.0;0.0
1666203860;0.0;0.0;0.0
1666203920;0.0;0.0;0.0
1666203980;0.0;0.0;0.0
1666204040;0.0;0.0;0.0
1666204100;0.0;0.0;0.0
1666204160;0.0;0.0;0.0
1666204220;0.0;0.0;0.0
1666204280;0.0;0.0;0.0
1666204340;0.0;0.0;0.0
1666204400;0.0;0.0;0.0
1666204460;0.0;0.0;0.0
1666204520;0.0;0.0;0.0
1666204580;0.0;0.0;0.0
1666204640;0.0;0.0;0.0
1666204700;0.0;0.0;0.0
1666204760;0.0;0.0;0.0
1666204820;0.0;0.0;0.0
1666204880;0.0;0.0;0.0
1666204940;0.0;0.0;0.0
1666205000;0.0;0.0;0.0
1666205060;0.0;0.0;0.0
1666205120;0.0;0.0;0.0
1666205180;0.0;0.0;0.0
1666205240;0.0;0.0;0.0
1666205300;0.0;0.0;0.0
1666205360;0.0;0.0;0.0
1666205420;0.0;0.0;0.0
1666205480;0.0;0.0;0.0
1666205540;0.0;0.0;0.0
1666205600;0.0;0.0;0.0
1666205660;0.0;0.0;0.0
1666205720;0.0;0.0;0.0
1666205780;0.0;0.0;0.0
1666205840;0.0;0.0;0.0
1666205900;0.0;0.0;0.0
1666205960;0.0;0.0;0.0
1666206020;0.0;0.0;0.0
1666206080;0.0;0.0;0.0
1666206140;0.0;0.0;0.0
1666206200;0.0;0.0;0.0
1666206260;0.0;0.0;0.0
1666206320;0.0;0.0;0.0
1666206380;0.0;0.0;0.0
1666206440;0.0;0.0;0.0
1666206500;0.0;0.0;0.0
1666206560;0.0;0.0;0.0
1666206620;0.0;0.0;0.0
1666206680;0.0;0.0;0.0
1666206740;0.0;0.0;0.0
1666206800;0.0;0.0;0.0
1666206860;0.0;0.0;0.0
1666206920;0.0;0.0;0.0
1666206980;0.0;0.0;0.0
1666207040;0.0;0.0;0.0
1666207100;0.0;0.0;0.0
1666207160;0.0;0.0;0.0
1666207220;0.0;0.0;0.0
1666207280;0.0;0.0;0.0
1666207340;0.0;0.0;0.0
1666207400;0.0;0.0;0.0
1666207460;0.0;0.0;0.0
1666207520;0.0;0.0;0.0
1666207580;0.0;0.0;0.0
1666207640;0.0;0.0;0.0
1666207700;0.0;0.0;0.0
1666207760;0.0;0.0;0.0
1666207820;0.0;0.0;0.0
1666207880;0.0;0.0;0.0
1666207940;0.0;0.0;0.0
1666208000;0.0;0.0;0.0
1666208060;0.0;0.0;0.0
1666208120;0.0;0.0;0.0
1666208180;0.0;0.0;0.0
1666208240;0.0;0.0;0.0
1666208300;0.0;0.0;0.0
1666208360;0.0;0.0;0.0
1666208420;0.0;0.0;0.0
1666208480;0.0;0.0;0.0
1666208540;0.0;0.0;0.0
1666208600;0.0;0.0;0.0
1666208660;0.0;0.0;0.0
1666208720;0.0;0.0;0.0
1666208780;0.0;0.0;0.0
1666208840;0.0;0.0;0.0
1666208900;0.0;0.0;0.0
1666208960;0.0;0.0;0.0
1666209020;0.0;0.0;0.0
1666209080;0.0;0.0;0.0
1666209140;0.0;0.0;0.0
1666209200;0.0;0.0;0.0
1666209260;0.0;0.0;0.0
1666209320;0.0;0.0;0.0
1666209380;0.0;0.0;0.0
1666209440;0.0;0.0;0.0
1666209500;0.0;0.0;0.0
1666209560;0.0;0.0;0.0
1666209620;0.0;0.0;0.0
1666209680;0.0;0.0;0.0
1666209740;0.0;0.0;0.0
1666209800;0.0;0.0;0.0
1666209860;0.0;0.0;0.0
1666209920;0.0;0.0;0.0
1666209980;0.0;0.0;0.0
1666210040;0.0;0.0;0.0
1666210100;0.0;0.0;0.0
1666210160;0.0;0.0;0.0
1666210220;0.0;0.0;0.0
1666210280;0.0;0.0;0.0
1666210340;0.0;0.0;0.0
1666210400;0.0;0.0;0.0
1666210460;0.0;0.0;0.0
1666210520;0.0;0.0;0.0
1666210580;0.0;0.0;0.0
1666210640;0.0;0.0;0.0
1666210700;0.0;0.0;0.0
1666210760;0.0;0.0;0.0
1666210820;0.0;0.0;0.0
1666210880;0.0;0.0;0.0
1666210940;0.0;0.0;0.0
1666211000;0.0;0.0;0.0
1666211060;0.0;0.0;0.0
1666211120;0.0;0.0;0.0
1666211180;0.0;0.0;0.0
1666211240;0.0;0.0;0.0
1666211300;0.0;0.0;0.0
1666211360;0.0;0.0;0.0
1666211420;0.0;0.0;0.0
1666211480;0.0;0.0;0.0
1666211540;0.0;0.0;0.0
1666211600;9.641234795252483;0.016666666666666666;0.016666666666666666
1666211660;83.46104743878047;0.015135222865657378;0.0
1666211720;8.444930402437846;0.0015314438010092877;0.0
1666211780;0.0;0.0;0.0
1666211840;0.0;0.0;0.0
1666211900;19.51400363445282;0.0816381644686648;0.0
1666211960;9.563434330622355;0.0683618355313352;0.0
1666212020;0.0;0.0;0.0
1666212080;95.878320479393;0.11093890563578458;0.019293722719266885
1666212140;194.0;0.22447355758560597;0.039038879580105386
1666212200;194.0;0.22447355758560597;0.039038879580105386
1666212260;178.7090013106664;0.20678064585967015;0.03596185145385568
1666212320;186.5800214290619;0.4478980105276039;0.1097898010527604
1666212380;198.0;0.3334516764250548;0.03334516764250548
1666212440;198.0;0.3334516764250548;0.03334516764250548
1666212500;161.45363883177438;0.6851986366222865;0.07351986366222865
1666212560;39.93299074570338;0.6323563184854847;0.06771264345458787
1666212620;32.36806809902191;0.2343103481811819;0.015620689878745458
1666212680;41.75738890171051;0.23333333333333334;0.03333333333333333
1666212740;0.0;0.0;0.0
1666212800;0.0;0.0;0.0
1666212860;31.987564675013225;0.08333333333333334;0.0
1666212920;0.0;0.0;0.0
1666212980;85.17340723276139;0.16024035415200355;0.0
1666213040;70.69297624031702;0.17309297918132974;0.0
1666213100;0.0;0.0;0.0
1666213160;0.0;0.0;0.0
1666213220;0.0;0.0;0.0
1666213280;0.0;0.0;0.0
1666213340;0.0;0.0;0.0
1666213400;0.0;0.0;0.0
1666213460;0.0;0.0;0.0
1666213520;0.0;0.0;0.0
1666213580;0.0;0.0;0.0
1666213640;0.0;0.0;0.0
1666213700;0.0;0.0;0.0
1666213760;17.730620463689167;0.26666666666666666;0.016666666666666666
1666213820;0.0;0.0;0.0
1666213880;0.0;0.0;0.0
1666213940;0.0;0.0;0.0
1666214000;0.0;0.0;0.0
1666214060;0.0;0.0;0.0
1666214120;0.0;0.0;0.0
1666214180;0.0;0.0;0.0
1666214240;0.0;0.0;0.0
1666214300;0.0;0.0;0.0
1666214360;0.0;0.0;0.0
1666214420;0.0;0.0;0.0
1666214480;0.0;0.0;0.0
1666214540;0.0;0.0;0.0
1666214600;0.0;0.0;0.0
1666214660;0.0;0.0;0.0
1666214720;0.0;0.0;0.0
1666214780;0.0;0.0;0.0
1666214840;0.0;0.0;0.0
1666214900;0.0;0.0;0.0
1666214960;0.0;0.0;0.0
1666215020;0.0;0.0;0.0
1666215080;0.0;0.0;0.0
1666215140;0.0;0.0;0.0
1666215200;0.0;0.0;0.0
1666215260;0.0;0.0;0.0
1666215320;0.0;0.0;0.0
1666215380;0.0;0.0;0.0
1666215440;0.0;0.0;0.0
1666215500;0.0;0.0;0.0
1666215560;0.0;0.0;0.0
1666215620;0.0;0.0;0.0
1666215680;0.0;0.0;0.0
1666215740;0.0;0.0;0.0
1666215800;0.0;0.0;0.0
1666215860;0.0;0.0;0.0
1666215920;0.0;0.0;0.0
1666215980;0.0;0.0;0.0
1666216040;0.0;0.0;0.0
1666216100;0.0;0.0;0.0
1666216160;0.0;0.0;0.0
1666216220;42.53644638061524;0.0011922042727636382;0.0011922042727636382
1666216280;288.0;0.00807201493711054;0.00807201493711054
1666216340;264.11061973571776;0.007402447456792485;0.007402447456792485
1666216400;0.0;0.0;0.0
1666216460;0.0;0.0;0.0
1666216520;0.0;0.0;0.0
1666216580;0.0;0.0;0.0
1666216640;0.0;0.0;0.0
1666216700;0.0;0.0;0.0
1666216760;0.0;0.0;0.0
1666216820;180.73657151858012;0.013981261609370004;0.0
1666216880;46.99411450227101;0.15268540505729666;0.03333333333333333
1666216940;0.0;0.0;0.0
1666217000;0.0;0.0;0.0
1666217060;0.0;0.0;0.0
1666217120;0.0;0.0;0.0
1666217180;0.0;0.0;0.0
1666217240;0.0;0.0;0.0
1666217300;0.0;0.0;0.0
1666217360;0.0;0.0;0.0
1666217420;5.276920950412751;0.05000000000000002;0.0
1666217480;0.0;0.0;0.0
1666217540;0.0;0.0;0.0
1666217600;0.0;0.0;0.0
1666217660;0.0;0.0;0.0
1666217720;0.0;0.0;0.0
1666217780;0.0;0.0;0.0
1666217840;0.0;0.0;0.0
1666217900;0.0;0.0;0.0
1666217960;0.0;0.0;0.0
1666218020;0.0;0.0;0.0
1666218080;0.0;0.0;0.0
1666218140;0.0;0.0;0.0
1666218200;0.0;0.0;0.0
1666218260;0.0;0.0;0.0
1666218320;0.0;0.0;0.0
1666218380;0.0;0.0;0.0
1666218440;0.0;0.0;0.0
1666218500;0.0;0.0;0.0
1666218560;0.0;0.0;0.0
1666218620;0.0;0.0;0.0
1666218680;0.0;0.0;0.0
1666218740;0.0;0.0;0.0
1666218800;0.0;0.0;0.0
1666218860;0.0;0.0;0.0
1666218920;0.0;0.0;0.0
1666218980;0.0;0.0;0.0
1666219040;0.0;0.0;0.0
1666219100;0.0;0.0;0.0
1666219160;0.0;0.0;0.0
1666219220;0.0;0.0;0.0
1666219280;0.0;0.0;0.0
1666219340;0.0;0.0;0.0
1666219400;0.0;0.0;0.0
1666219460;0.0;0.0;0.0
1666219520;0.0;0.0;0.0
1666219580;0.0;0.0;0.0
1666219640;0.0;0.0;0.0
1666219700;0.0;0.0;0.0
1666219760;0.0;0.0;0.0
1666219820;0.0;0.0;0.0
1666219880;0.0;0.0;0.0
1666219940;0.0;0.0;0.0
1666220000;0.0;0.0;0.0
1666220060;0.0;0.0;0.0
1666220120;0.0;0.0;0.0
1666220180;0.0;0.0;0.0
1666220240;0.0;0.0;0.0
1666220300;0.0;0.0;0.0
1666220360;0.0;0.0;0.0
1666220420;0.0;0.0;0.0
1666220480;0.0;0.0;0.0
1666220540;0.0;0.0;0.0
1666220600;0.0;0.0;0.0
1666220660;0.0;0.0;0.0
1666220720;0.0;0.0;0.0
1666220780;0.0;0.0;0.0
1666220840;0.0;0.0;0.0
1666220900;0.0;0.0;0.0
1666220960;0.0;0.0;0.0
1666221020;0.0;0.0;0.0
1666221080;0.0;0.0;0.0
1666221140;0.0;0.0;0.0
1666221200;0.0;0.0;0.0
1666221260;0.0;0.0;0.0
1666221320;0.0;0.0;0.0
1666221380;0.0;0.0;0.0
1666221440;0.0;0.0;0.0
1666221500;0.0;0.0;0.0
1666221560;0.0;0.0;0.0
1666221620;0.0;0.0;0.0
1666221680;0.0;0.0;0.0
1666221740;0.0;0.0;0.0
1666221800;0.0;0.0;0.0
1666221860;0.0;0.0;0.0
1666221920;0.0;0.0;0.0
1666221980;0.0;0.0;0.0
1666222040;0.0;0.0;0.0
1666222100;0.0;0.0;0.0
1666222160;0.0;0.0;0.0
1666222220;0.0;0.0;0.0
1666222280;0.0;0.0;0.0
1666222340;0.0;0.0;0.0
1666222400;0.0;0.0;0.0
1666222460;0.0;0.0;0.0
1666222520;0.0;0.0;0.0
1666222580;0.0;0.0;0.0
1666222640;0.0;0.0;0.0
1666222700;0.0;0.0;0.0
1666222760;0.0;0.0;0.0
1666222820;0.0;0.0;0.0
1666222880;0.0;0.0;0.0
1666222940;0.0;0.0;0.0
1666223000;0.0;0.0;0.0
1666223060;0.0;0.0;0.0
1666223120;0.0;0.0;0.0
1666223180;0.0;0.0;0.0
1666223240;0.0;0.0;0.0
1666223300;0.0;0.0;0.0
1666223360;0.0;0.0;0.0
1666223420;0.0;0.0;0.0
1666223480;0.0;0.0;0.0
1666223540;0.0;0.0;0.0
1666223600;0.0;0.0;0.0
1666223660;0.0;0.0;0.0
1666223720;0.0;0.0;0.0
1666223780;0.0;0.0;0.0
1666223840;0.0;0.0;0.0
1666223900;0.0;0.0;0.0
1666223960;0.0;0.0;0.0
1666224020;0.0;0.0;0.0
1666224080;0.0;0.0;0.0
1666224140;0.0;0.0;0.0
1666224200;0.0;0.0;0.0
1666224260;0.0;0.0;0.0
1666224320;0.0;0.0;0.0
1666224380;0.0;0.0;0.0
1666224440;0.0;0.0;0.0
1666224500;0.0;0.0;0.0
1666224560;0.0;0.0;0.0
1666224620;0.0;0.0;0.0
1666224680;0.0;0.0;0.0
1666224740;0.0;0.0;0.0
1666224800;0.0;0.0;0.0
1666224860;0.0;0.0;0.0
1666224920;0.0;0.0;0.0
1666224980;0.0;0.0;0.0
1666225040;0.0;0.0;0.0
1666225100;0.0;0.0;0.0
1666225160;0.0;0.0;0.0
1666225220;0.0;0.0;0.0
1666225280;0.0;0.0;0.0
1666225340;0.0;0.0;0.0
1666225400;0.0;0.0;0.0
1666225460;0.0;0.0;0.0
1666225520;0.0;0.0;0.0
1666225580;0.0;0.0;0.0
1666225640;0.0;0.0;0.0
1666225700;0.0;0.0;0.0
1666225760;0.0;0.0;0.0
1666225820;0.0;0.0;0.0
1666225880;0.0;0.0;0.0
1666225940;0.0;0.0;0.0
1666226000;0.0;0.0;0.0
1666226060;0.0;0.0;0.0
1666226120;0.0;0.0;0.0
1666226180;0.0;0.0;0.0
1666226240;0.0;0.0;0.0
1666226300;0.0;0.0;0.0
1666226360;0.0;0.0;0.0
1666226420;0.0;0.0;0.0
1666226480;0.0;0.0;0.0
1666226540;0.0;0.0;0.0
1666226600;0.0;0.0;0.0
1666226660;0.0;0.0;0.0
1666226720;0.0;0.0;0.0
1666226780;0.0;0.0;0.0
1666226840;0.0;0.0;0.0
1666226900;0.0;0.0;0.0
1666226960;0.0;0.0;0.0
1666227020;0.0;0.0;0.0
1666227080;0.0;0.0;0.0
1666227140;0.0;0.0;0.0
1666227200;0.0;0.0;0.0
1666227260;0.0;0.0;0.0
1666227320;0.0;0.0;0.0
1666227380;0.0;0.0;0.0
1666227440;0.0;0.0;0.0
1666227500;0.0;0.0;0.0
1666227560;0.0;0.0;0.0
1666227620;0.0;0.0;0.0
1666227680;0.0;0.0;0.0
1666227740;0.0;0.0;0.0
1666227800;0.0;0.0;0.0
1666227860;0.0;0.0;0.0
1666227920;0.0;0.0;0.0
1666227980;0.0;0.0;0.0
1666228040;0.0;0.0;0.0
1666228100;0.0;0.0;0.0
1666228160;0.0;0.0;0.0
1666228220;0.0;0.0;0.0
1666228280;0.0;0.0;0.0
1666228340;0.0;0.0;0.0
1666228400;0.0;0.0;0.0
1666228460;0.0;0.0;0.0
1666228520;0.0;0.0;0.0
1666228580;0.0;0.0;0.0
1666228640;0.0;0.0;0.0
1666228700;0.0;0.0;0.0
1666228760;0.0;0.0;0.0
1666228820;0.0;0.0;0.0
1666228880;0.0;0.0;0.0
1666228940;0.0;0.0;0.0
1666229000;0.0;0.0;0.0
1666229060;0.0;0.0;0.0
1666229120;0.0;0.0;0.0
1666229180;0.0;0.0;0.0
1666229240;0.0;0.0;0.0
1666229300;0.0;0.0;0.0
1666229360;0.0;0.0;0.0
1666229420;0.0;0.0;0.0
1666229480;0.0;0.0;0.0
1666229540;0.0;0.0;0.0
1666229600;0.0;0.0;0.0
1666229660;0.0;0.0;0.0
1666229720;0.0;0.0;0.0
1666229780;0.0;0.0;0.0
1666229840;0.0;0.0;0.0
1666229900;0.0;0.0;0.0
1666229960;0.0;0.0;0.0
1666230020;0.0;0.0;0.0
1666230080;0.0;0.0;0.0
1666230140;0.0;0.0;0.0
1666230200;0.0;0.0;0.0
1666230260;0.0;0.0;0.0
1666230320;0.0;0.0;0.0
1666230380;0.0;0.0;0.0
1666230440;0.0;0.0;0.0
1666230500;0.0;0.0;0.0
1666230560;0.0;0.0;0.0
1666230620;0.0;0.0;0.0
1666230680;0.0;0.0;0.0
1666230740;0.0;0.0;0.0
1666230800;0.0;0.0;0.0
1666230860;0.0;0.0;0.0
1666230920;0.0;0.0;0.0
1666230980;0.0;0.0;0.0
1666231040;0.0;0.0;0.0
1666231100;0.0;0.0;0.0
1666231160;0.0;0.0;0.0
1666231220;0.0;0.0;0.0
1666231280;0.0;0.0;0.0
1666231340;0.0;0.0;0.0
1666231400;0.0;0.0;0.0
1666231460;0.0;0.0;0.0
1666231520;0.0;0.0;0.0
1666231580;0.0;0.0;0.0
1666231640;0.0;0.0;0.0
1666231700;0.0;0.0;0.0
1666231760;0.0;0.0;0.0
1666231820;0.0;0.0;0.0
1666231880;0.0;0.0;0.0
1666231940;0.0;0.0;0.0
1666232000;0.0;0.0;0.0
1666232060;0.0;0.0;0.0
1666232120;0.0;0.0;0.0
1666232180;0.0;0.0;0.0
1666232240;0.0;0.0;0.0
1666232300;0.0;0.0;0.0
1666232360;0.0;0.0;0.0
1666232420;0.0;0.0;0.0
1666232480;0.0;0.0;0.0
1666232540;0.0;0.0;0.0
1666232600;0.0;0.0;0.0
1666232660;0.0;0.0;0.0
1666232720;0.0;0.0;0.0
1666232780;0.0;0.0;0.0
1666232840;0.0;0.0;0.0
1666232900;0.0;0.0;0.0
1666232960;0.0;0.0;0.0
1666233020;0.0;0.0;0.0
1666233080;0.0;0.0;0.0
1666233140;0.0;0.0;0.0
1666233200;0.0;0.0;0.0
1666233260;0.0;0.0;0.0
1666233320;0.0;0.0;0.0
1666233380;0.0;0.0;0.0
1666233440;0.0;0.0;0.0
1666233500;0.0;0.0;0.0
1666233560;0.0;0.0;0.0
1666233620;0.0;0.0;0.0
1666233680;0.0;0.0;0.0
1666233740;0.0;0.0;0.0
1666233800;0.0;0.0;0.0
1666233860;0.0;0.0;0.0
1666233920;0.0;0.0;0.0
1666233980;0.0;0.0;0.0
1666234040;0.0;0.0;0.0
1666234100;0.0;0.0;0.0
1666234160;0.0;0.0;0.0
1666234220;0.0;0.0;0.0
1666234280;0.0;0.0;0.0
1666234340;0.0;0.0;0.0
1666234400;0.0;0.0;0.0
1666234460;0.0;0.0;0.0
1666234520;0.0;0.0;0.0
1666234580;0.0;0.0;0.0
1666234640;0.0;0.0;0.0
1666234700;0.0;0.0;0.0
1666234760;0.0;0.0;0.0
1666234820;0.0;0.0;0.0
1666234880;0.0;0.0;0.0
1666234940;0.0;0.0;0.0
1666235000;0.0;0.0;0.0
1666235060;0.0;0.0;0.0
1666235120;0.0;0.0;0.0
1666235180;0.0;0.0;0.0
1666235240;0.0;0.0;0.0
1666235300;0.0;0.0;0.0
1666235360;0.0;0.0;0.0
1666235420;0.0;0.0;0.0
1666235480;0.0;0.0;0.0
1666235540;0.0;0.0;0.0
1666235600;0.0;0.0;0.0
1666235660;0.0;0.0;0.0
1666235720;0.0;0.0;0.0
1666235780;0.0;0.0;0.0
1666235840;0.0;0.0;0.0
1666235900;0.0;0.0;0.0
1666235960;0.0;0.0;0.0
1666236020;0.0;0.0;0.0
1666236080;0.0;0.0;0.0
1666236140;0.0;0.0;0.0
1666236200;0.0;0.0;0.0
1666236260;0.0;0.0;0.0
1666236320;0.0;0.0;0.0
1666236380;0.0;0.0;0.0
1666236440;0.0;0.0;0.0
1666236500;0.0;0.0;0.0
1666236560;0.0;0.0;0.0
1666236620;0.0;0.0;0.0
1666236680;0.0;0.0;0.0
1666236740;0.0;0.0;0.0
1666236800;0.0;0.0;0.0
1666236860;0.0;0.0;0.0
1666236920;0.0;0.0;0.0
1666236980;0.0;0.0;0.0
1666237040;0.0;0.0;0.0
1666237100;0.0;0.0;0.0
1666237160;0.0;0.0;0.0
1666237220;0.0;0.0;0.0
1666237280;0.0;0.0;0.0
1666237340;0.0;0.0;0.0
1666237400;0.0;0.0;0.0
1666237460;0.0;0.0;0.0
1666237520;0.0;0.0;0.0
1666237580;0.0;0.0;0.0
1666237640;0.0;0.0;0.0
1666237700;0.0;0.0;0.0
1666237760;0.0;0.0;0.0
1666237820;0.0;0.0;0.0
1666237880;0.0;0.0;0.0
1666237940;0.0;0.0;0.0
1666238000;0.0;0.0;0.0
1666238060;0.0;0.0;0.0
1666238120;0.0;0.0;0.0
1666238180;0.0;0.0;0.0
1666238240;0.0;0.0;0.0
1666238300;0.0;0.0;0.0
1666238360;0.0;0.0;0.0
1666238420;0.0;0.0;0.0
1666238480;0.0;0.0;0.0
1666238540;0.0;0.0;0.0
1666238600;0.0;0.0;0.0
1666238660;0.0;0.0;0.0
1666238720;0.0;0.0;0.0
1666238780;0.0;0.0;0.0
1666238840;0.0;0.0;0.0
1666238900;0.0;0.0;0.0
1666238960;0.0;0.0;0.0
1666239020;0.0;0.0;0.0
1666239080;0.0;0.0;0.0
1666239140;0.0;0.0;0.0
1666239200;0.0;0.0;0.0
1666239260;0.0;0.0;0.0
1666239320;0.0;0.0;0.0
1666239380;0.0;0.0;0.0
1666239440;0.0;0.0;0.0
1666239500;0.0;0.0;0.0
1666239560;0.0;0.0;0.0
1666239620;0.0;0.0;0.0
1666239680;0.0;0.0;0.0
1666239740;0.0;0.0;0.0
1666239800;0.0;0.0;0.0
1666239860;0.0;0.0;0.0
1666239920;0.0;0.0;0.0
1666239980;0.0;0.0;0.0
1666240040;0.0;0.0;0.0
1666240100;0.0;0.0;0.0
1666240160;0.0;0.0;0.0
1666240220;0.0;0.0;0.0
1666240280;0.0;0.0;0.0
1666240340;0.0;0.0;0.0
1666240400;0.0;0.0;0.0
1666240460;0.0;0.0;0.0
1666240520;0.0;0.0;0.0
1666240580;0.0;0.0;0.0
1666240640;0.0;0.0;0.0
1666240700;0.0;0.0;0.0
1666240760;0.0;0.0;0.0
1666240820;0.0;0.0;0.0
1666240880;0.0;0.0;0.0
1666240940;0.0;0.0;0.0
1666241000;0.0;0.0;0.0
1666241060;0.0;0.0;0.0
1666241120;0.0;0.0;0.0
1666241180;0.0;0.0;0.0
1666241240;0.0;0.0;0.0
1666241300;0.0;0.0;0.0
1666241360;0.0;0.0;0.0
1666241420;0.0;0.0;0.0
1666241480;0.0;0.0;0.0
1666241540;0.0;0.0;0.0
1666241600;0.0;0.0;0.0
1666241660;0.0;0.0;0.0
1666241720;0.0;0.0;0.0
1666241780;0.0;0.0;0.0
1666241840;0.0;0.0;0.0
1666241900;0.0;0.0;0.0
1666241960;0.0;0.0;0.0
1666242020;0.0;0.0;0.0
1666242080;0.0;0.0;0.0
1666242140;0.0;0.0;0.0
1666242200;0.0;0.0;0.0
1666242260;0.0;0.0;0.0
1666242320;0.0;0.0;0.0
1666242380;0.0;0.0;0.0
1666242440;0.0;0.0;0.0
1666242500;0.0;0.0;0.0
1666242560;0.0;0.0;0.0
1666242620;0.0;0.0;0.0
1666242680;0.0;0.0;0.0
1666242740;0.0;0.0;0.0
1666242800;0.0;0.0;0.0
1666242860;0.0;0.0;0.0
1666242920;0.0;0.0;0.0
1666242980;0.0;0.0;0.0
1666243040;0.0;0.0;0.0
1666243100;0.0;0.0;0.0
1666243160;0.0;0.0;0.0
1666243220;0.0;0.0;0.0
1666243280;0.0;0.0;0.0
1666243340;0.0;0.0;0.0
1666243400;0.0;0.0;0.0
1666243460;0.0;0.0;0.0
1666243520;0.0;0.0;0.0
1666243580;0.0;0.0;0.0
1666243640;0.0;0.0;0.0
1666243700;0.0;0.0;0.0
1666243760;0.0;0.0;0.0
1666243820;0.0;0.0;0.0
1666243880;0.0;0.0;0.0
1666243940;0.0;0.0;0.0
1666244000;0.0;0.0;0.0
1666244060;0.0;0.0;0.0
1666244120;0.0;0.0;0.0
1666244180;0.0;0.0;0.0
1666244240;0.0;0.0;0.0
1666244300;0.0;0.0;0.0
1666244360;0.0;0.0;0.0
1666244420;0.0;0.0;0.0
1666244480;0.0;0.0;0.0
1666244540;0.0;0.0;0.0
1666244600;0.0;0.0;0.0
1666244660;0.0;0.0;0.0
1666244720;0.0;0.0;0.0
1666244780;0.0;0.0;0.0
1666244840;0.0;0.0;0.0
1666244900;0.0;0.0;0.0
1666244960;0.0;0.0;0.0
1666245020;0.0;0.0;0.0
1666245080;0.0;0.0;0.0
1666245140;0.0;0.0;0.0
1666245200;0.0;0.0;0.0
1666245260;0.0;0.0;0.0
1666245320;0.0;0.0;0.0
1666245380;0.0;0.0;0.0
1666245440;0.0;0.0;0.0
1666245500;0.0;0.0;0.0
1666245560;0.0;0.0;0.0
1666245620;0.0;0.0;0.0
1666245680;0.0;0.0;0.0
1666245740;0.0;0.0;0.0
1666245800;0.0;0.0;0.0
1666245860;0.0;0.0;0.0
1666245920;0.0;0.0;0.0
1666245980;0.0;0.0;0.0
1666246040;0.0;0.0;0.0
1666246100;0.0;0.0;0.0
1666246160;0.0;0.0;0.0
1666246220;0.0;0.0;0.0
1666246280;0.0;0.0;0.0
1666246340;0.0;0.0;0.0
1666246400;0.0;0.0;0.0
1666246460;0.0;0.0;0.0
1666246520;0.0;0.0;0.0
1666246580;0.0;0.0;0.0
1666246640;0.0;0.0;0.0
1666246700;0.0;0.0;0.0
1666246760;0.0;0.0;0.0
1666246820;0.0;0.0;0.0
1666246880;0.0;0.0;0.0
1666246940;0.0;0.0;0.0
1666247000;0.0;0.0;0.0
1666247060;0.0;0.0;0.0
1666247120;0.0;0.0;0.0
1666247180;0.0;0.0;0.0
1666247240;0.0;0.0;0.0
1666247300;0.0;0.0;0.0
1666247360;0.0;0.0;0.0
1666247420;0.0;0.0;0.0
1666247480;0.0;0.0;0.0
1666247540;0.0;0.0;0.0
1666247600;0.0;0.0;0.0
1666247660;0.0;0.0;0.0
1666247720;0.0;0.0;0.0
1666247780;0.0;0.0;0.0
1666247840;0.0;0.0;0.0
1666247900;0.0;0.0;0.0
1666247960;0.0;0.0;0.0
1666248020;0.0;0.0;0.0
1666248080;0.0;0.0;0.0
1666248140;0.0;0.0;0.0
1666248200;0.0;0.0;0.0
1666248260;0.0;0.0;0.0
1666248320;0.0;0.0;0.0
1666248380;0.0;0.0;0.0
1666248440;0.0;0.0;0.0
1666248500;0.0;0.0;0.0
1666248560;0.0;0.0;0.0
1666248620;0.0;0.0;0.0
1666248680;0.0;0.0;0.0
1666248740;0.0;0.0;0.0
1666248800;0.0;0.0;0.0
1666248860;0.0;0.0;0.0
1666248920;0.0;0.0;0.0
1666248980;0.0;0.0;0.0
1666249040;0.0;0.0;0.0
1666249100;0.0;0.0;0.0
1666249160;0.0;0.0;0.0
1666249220;0.0;0.0;0.0
1666249280;0.0;0.0;0.0
1666249340;0.0;0.0;0.0
1666249400;0.0;0.0;0.0
1666249460;0.0;0.0;0.0
1666249520;0.0;0.0;0.0
1666249580;0.0;0.0;0.0
1666249640;0.0;0.0;0.0
1666249700;0.0;0.0;0.0
1666249760;0.0;0.0;0.0
1666249820;0.0;0.0;0.0
1666249880;0.0;0.0;0.0
1666249940;0.0;0.0;0.0
1666250000;0.0;0.0;0.0
1666250060;0.0;0.0;0.0
1666250120;0.0;0.0;0.0
1666250180;0.0;0.0;0.0
1666250240;0.0;0.0;0.0
1666250300;0.0;0.0;0.0
1666250360;0.0;0.0;0.0
1666250420;0.0;0.0;0.0
1666250480;0.0;0.0;0.0
1666250540;0.0;0.0;0.0
1666250600;0.0;0.0;0.0
1666250660;0.0;0.0;0.0
1666250720;0.0;0.0;0.0
1666250780;0.0;0.0;0.0
1666250840;0.0;0.0;0.0
1666250900;0.0;0.0;0.0
1666250960;0.0;0.0;0.0
1666251020;0.0;0.0;0.0
1666251080;0.0;0.0;0.0
1666251140;0.0;0.0;0.0
1666251200;0.0;0.0;0.0
1666251260;0.0;0.0;0.0
1666251320;0.0;0.0;0.0
1666251380;0.0;0.0;0.0
1666251440;0.0;0.0;0.0
1666251500;0.0;0.0;0.0
1666251560;0.0;0.0;0.0
1666251620;0.0;0.0;0.0
1666251680;0.0;0.0;0.0
1666251740;0.0;0.0;0.0
1666251800;0.0;0.0;0.0
1666251860;0.0;0.0;0.0
1666251920;0.0;0.0;0.0
1666251980;0.0;0.0;0.0
1666252040;0.0;0.0;0.0
1666252100;0.0;0.0;0.0
1666252160;0.0;0.0;0.0
1666252220;0.0;0.0;0.0
1666252280;0.0;0.0;0.0
1666252340;0.0;0.0;0.0
1666252400;0.0;0.0;0.0
1666252460;0.0;0.0;0.0
1666252520;0.0;0.0;0.0
1666252580;0.0;0.0;0.0
1666252640;0.0;0.0;0.0
1666252700;0.0;0.0;0.0
1666252760;0.0;0.0;0.0
1666252820;0.0;0.0;0.0
1666252880;0.0;0.0;0.0
1666252940;0.0;0.0;0.0
1666253000;0.0;0.0;0.0
1666253060;0.0;0.0;0.0
1666253120;0.0;0.0;0.0
1666253180;0.0;0.0;0.0
1666253240;0.0;0.0;0.0
1666253300;0.0;0.0;0.0
1666253360;0.0;0.0;0.0
1666253420;0.0;0.0;0.0
1666253480;0.0;0.0;0.0
1666253540;0.0;0.0;0.0
1666253600;0.0;0.0;0.0
1666253660;0.0;0.0;0.0
1666253720;0.0;0.0;0.0
1666253780;0.0;0.0;0.0
1666253840;0.0;0.0;0.0
1666253900;0.0;0.0;0.0
1666253960;0.0;0.0;0.0
1666254020;0.0;0.0;0.0
1666254080;0.0;0.0;0.0
1666254140;0.0;0.0;0.0
1666254200;0.0;0.0;0.0
1666254260;0.0;0.0;0.0
1666254320;0.0;0.0;0.0
1666254380;0.0;0.0;0.0
1666254440;0.0;0.0;0.0
1666254500;0.0;0.0;0.0
1666254560;0.0;0.0;0.0
1666254620;0.0;0.0;0.0
1666254680;0.0;0.0;0.0
1666254740;0.0;0.0;0.0
1666254800;0.0;0.0;0.0
1666254860;0.0;0.0;0.0
1666254920;0.0;0.0;0.0
1666254980;0.0;0.0;0.0
1666255040;0.0;0.0;0.0
1666255100;0.0;0.0;0.0
1666255160;0.0;0.0;0.0
1666255220;0.0;0.0;0.0
1666255280;0.0;0.0;0.0
1666255340;0.0;0.0;0.0
1666255400;0.0;0.0;0.0
1666255460;0.0;0.0;0.0
1666255520;0.0;0.0;0.0
1666255580;0.0;0.0;0.0
1666255640;0.0;0.0;0.0
1666255700;0.0;0.0;0.0
1666255760;0.0;0.0;0.0
1666255820;0.0;0.0;0.0
1666255880;0.0;0.0;0.0
1666255940;0.0;0.0;0.0
1666256000;0.0;0.0;0.0
1666256060;0.0;0.0;0.0
1666256120;0.0;0.0;0.0
1666256180;0.0;0.0;0.0
1666256240;0.0;0.0;0.0
1666256300;0.0;0.0;0.0
1666256360;0.0;0.0;0.0
1666256420;0.0;0.0;0.0
1666256480;0.0;0.0;0.0
1666256540;0.0;0.0;0.0
1666256600;0.0;0.0;0.0
1666256660;0.0;0.0;0.0
1666256720;0.0;0.0;0.0
1666256780;0.0;0.0;0.0
1666256840;0.0;0.0;0.0
1666256900;0.0;0.0;0.0
1666256960;0.0;0.0;0.0
1666257020;0.0;0.0;0.0
1666257080;0.0;0.0;0.0
1666257140;0.0;0.0;0.0
1666257200;0.0;0.0;0.0
1666257260;0.0;0.0;0.0
1666257320;0.0;0.0;0.0
1666257380;0.0;0.0;0.0
1666257440;0.0;0.0;0.0
1666257500;0.0;0.0;0.0
1666257560;0.0;0.0;0.0
1666257620;0.0;0.0;0.0
1666257680;0.0;0.0;0.0
1666257740;0.0;0.0;0.0
1666257800;0.0;0.0;0.0
1666257860;0.0;0.0;0.0
1666257920;0.0;0.0;0.0
1666257980;0.0;0.0;0.0
1666258040;0.0;0.0;0.0
1666258100;0.0;0.0;0.0
1666258160;0.0;0.0;0.0
1666258220;0.0;0.0;0.0
1666258280;0.0;0.0;0.0
1666258340;0.0;0.0;0.0
1666258400;0.0;0.0;0.0
1666258460;0.0;0.0;0.0
1666258520;0.0;0.0;0.0
1666258580;0.0;0.0;0.0
1666258640;0.0;0.0;0.0
1666258700;0.0;0.0;0.0
1666258760;0.0;0.0;0.0
1666258820;0.0;0.0;0.0
1666258880;0.0;0.0;0.0
1666258940;0.0;0.0;0.0
1666259000;0.0;0.0;0.0
1666259060;0.0;0.0;0.0
1666259120;0.0;0.0;0.0
1666259180;0.0;0.0;0.0
1666259240;0.0;0.0;0.0
1666259300;0.0;0.0;0.0
1666259360;0.0;0.0;0.0
1666259420;0.0;0.0;0.0
1666259480;0.0;0.0;0.0
1666259540;0.0;0.0;0.0
1666259600;0.0;0.0;0.0
1666259660;0.0;0.0;0.0
1666259720;0.0;0.0;0.0
1666259780;0.0;0.0;0.0
1666259840;0.0;0.0;0.0
1666259900;0.0;0.0;0.0
1666259960;0.0;0.0;0.0
1666260020;0.0;0.0;0.0
1666260080;0.0;0.0;0.0
1666260140;0.0;0.0;0.0
1666260200;0.0;0.0;0.0
1666260260;0.0;0.0;0.0
1666260320;0.0;0.0;0.0
1666260380;0.0;0.0;0.0
1666260440;0.0;0.0;0.0
1666260500;0.0;0.0;0.0
1666260560;0.0;0.0;0.0
1666260620;0.0;0.0;0.0
1666260680;0.0;0.0;0.0
1666260740;0.0;0.0;0.0
1666260800;0.0;0.0;0.0
1666260860;0.0;0.0;0.0
1666260920;0.0;0.0;0.0
1666260980;0.0;0.0;0.0
1666261040;0.0;0.0;0.0
1666261100;0.0;0.0;0.0
1666261160;0.0;0.0;0.0
1666261220;0.0;0.0;0.0
1666261280;0.0;0.0;0.0
1666261340;0.0;0.0;0.0
1666261400;0.0;0.0;0.0
1666261460;0.0;0.0;0.0
1666261520;0.0;0.0;0.0
1666261580;0.0;0.0;0.0
1666261640;0.0;0.0;0.0
1666261700;0.0;0.0;0.0
1666261760;0.0;0.0;0.0
1666261820;0.0;0.0;0.0
1666261880;0.0;0.0;0.0
1666261940;0.0;0.0;0.0
1666262000;0.0;0.0;0.0
1666262060;0.0;0.0;0.0
1666262120;0.0;0.0;0.0
1666262180;0.0;0.0;0.0
1666262240;0.0;0.0;0.0
1666262300;0.0;0.0;0.0
1666262360;0.0;0.0;0.0
1666262420;0.0;0.0;0.0
1666262480;0.0;0.0;0.0
1666262540;0.0;0.0;0.0
1666262600;0.0;0.0;0.0
1666262660;0.0;0.0;0.0
1666262720;0.0;0.0;0.0
1666262780;0.0;0.0;0.0
1666262840;0.0;0.0;0.0
1666262900;0.0;0.0;0.0
1666262960;0.0;0.0;0.0
1666263020;0.0;0.0;0.0
1666263080;0.0;0.0;0.0
1666263140;0.0;0.0;0.0
1666263200;0.0;0.0;0.0
1666263260;0.0;0.0;0.0
1666263320;0.0;0.0;0.0
1666263380;0.0;0.0;0.0
1666263440;0.0;0.0;0.0
1666263500;0.0;0.0;0.0
1666263560;0.0;0.0;0.0
1666263620;0.0;0.0;0.0
1666263680;0.0;0.0;0.0
1666263740;0.0;0.0;0.0
1666263800;0.0;0.0;0.0
1666263860;0.0;0.0;0.0
1666263920;0.0;0.0;0.0
1666263980;0.0;0.0;0.0
1666264040;0.0;0.0;0.0
1666264100;0.0;0.0;0.0
1666264160;0.0;0.0;0.0
1666264220;0.0;0.0;0.0
1666264280;0.0;0.0;0.0
1666264340;0.0;0.0;0.0
1666264400;0.0;0.0;0.0
1666264460;0.0;0.0;0.0
1666264520;0.0;0.0;0.0
1666264580;0.0;0.0;0.0
1666264640;0.0;0.0;0.0
1666264700;0.0;0.0;0.0
1666264760;0.0;0.0;0.0
1666264820;0.0;0.0;0.0
1666264880;0.0;0.0;0.0
1666264940;0.0;0.0;0.0
1666265000;0.0;0.0;0.0
1666265060;0.0;0.0;0.0
1666265120;0.0;0.0;0.0
1666265180;0.0;0.0;0.0
1666265240;0.0;0.0;0.0
1666265300;0.0;0.0;0.0
1666265360;0.0;0.0;0.0
1666265420;0.0;0.0;0.0
1666265480;0.0;0.0;0.0
1666265540;0.0;0.0;0.0
1666265600;0.0;0.0;0.0
1666265660;0.0;0.0;0.0
1666265720;0.0;0.0;0.0
1666265780;0.0;0.0;0.0
1666265840;0.0;0.0;0.0
1666265900;0.0;0.0;0.0
1666265960;0.0;0.0;0.0
1666266020;0.0;0.0;0.0
1666266080;0.0;0.0;0.0
1666266140;0.0;0.0;0.0
1666266200;0.0;0.0;0.0
1666266260;0.0;0.0;0.0
1666266320;0.0;0.0;0.0
1666266380;0.0;0.0;0.0
1666266440;0.0;0.0;0.0
1666266500;0.0;0.0;0.0
1666266560;0.0;0.0;0.0
1666266620;0.0;0.0;0.0
1666266680;0.0;0.0;0.0
1666266740;0.0;0.0;0.0
1666266800;0.0;0.0;0.0
1666266860;0.0;0.0;0.0
1666266920;0.0;0.0;0.0
1666266980;0.0;0.0;0.0
1666267040;0.0;0.0;0.0
1666267100;0.0;0.0;0.0
1666267160;0.0;0.0;0.0
1666267220;0.0;0.0;0.0
1666267280;0.0;0.0;0.0
1666267340;0.0;0.0;0.0
1666267400;0.0;0.0;0.0
1666267460;0.0;0.0;0.0
1666267520;0.0;0.0;0.0
1666267580;0.0;0.0;0.0
1666267640;0.0;0.0;0.0
1666267700;0.0;0.0;0.0
1666267760;0.0;0.0;0.0
1666267820;0.0;0.0;0.0
1666267880;0.0;0.0;0.0
1666267940;0.0;0.0;0.0
1666268000;0.0;0.0;0.0
1666268060;0.0;0.0;0.0
1666268120;0.0;0.0;0.0
1666268180;0.0;0.0;0.0
1666268240;0.0;0.0;0.0
1666268300;0.0;0.0;0.0
1666268360;0.0;0.0;0.0
1666268420;0.0;0.0;0.0
1666268480;0.0;0.0;0.0
1666268540;0.0;0.0;0.0
1666268600;0.0;0.0;0.0
1666268660;0.0;0.0;0.0
1666268720;0.0;0.0;0.0
1666268780;0.0;0.0;0.0
1666268840;0.0;0.0;0.0
1666268900;0.0;0.0;0.0
1666268960;0.0;0.0;0.0
1666269020;0.0;0.0;0.0
1666269080;0.0;0.0;0.0
1666269140;0.0;0.0;0.0
1666269200;0.0;0.0;0.0
1666269260;0.0;0.0;0.0
1666269320;0.0;0.0;0.0
1666269380;0.0;0.0;0.0
1666269440;0.0;0.0;0.0
1666269500;0.0;0.0;0.0
1666269560;0.0;0.0;0.0
1666269620;0.0;0.0;0.0
1666269680;0.0;0.0;0.0
1666269740;0.0;0.0;0.0
1666269800;0.0;0.0;0.0
1666269860;0.0;0.0;0.0
1666269920;0.0;0.0;0.0
1666269980;0.0;0.0;0.0
1666270040;0.0;0.0;0.0
1666270100;0.0;0.0;0.0
1666270160;0.0;0.0;0.0
1666270220;0.0;0.0;0.0
1666270280;0.0;0.0;0.0
1666270340;0.0;0.0;0.0
1666270400;0.0;0.0;0.0
1666270460;0.0;0.0;0.0
1666270520;0.0;0.0;0.0
1666270580;0.0;0.0;0.0
1666270640;0.0;0.0;0.0
1666270700;0.0;0.0;0.0
1666270760;0.0;0.0;0.0
1666270820;0.0;0.0;0.0
1666270880;0.0;0.0;0.0
1666270940;0.0;0.0;0.0
1666271000;0.0;0.0;0.0
1666271060;0.0;0.0;0.0
1666271120;0.0;0.0;0.0
1666271180;0.0;0.0;0.0
1666271240;0.0;0.0;0.0
1666271300;0.0;0.0;0.0
1666271360;0.0;0.0;0.0
1666271420;0.0;0.0;0.0
1666271480;0.0;0.0;0.0
1666271540;0.0;0.0;0.0
1666271600;0.0;0.0;0.0
1666271660;0.0;0.0;0.0
1666271720;0.0;0.0;0.0
1666271780;0.0;0.0;0.0
1666271840;0.0;0.0;0.0
1666271900;0.0;0.0;0.0
1666271960;0.0;0.0;0.0
1666272020;0.0;0.0;0.0
1666272080;0.0;0.0;0.0
1666272140;0.0;0.0;0.0
1666272200;0.0;0.0;0.0
1666272260;0.0;0.0;0.0
1666272320;0.0;0.0;0.0
1666272380;0.0;0.0;0.0
1666272440;0.0;0.0;0.0
1666272500;0.0;0.0;0.0
1666272560;0.0;0.0;0.0
1666272620;0.0;0.0;0.0
1666272680;0.0;0.0;0.0
1666272740;0.0;0.0;0.0
1666272800;0.0;0.0;0.0
1666272860;0.0;0.0;0.0
1666272920;0.0;0.0;0.0
1666272980;0.0;0.0;0.0
1666273040;0.0;0.0;0.0
1666273100;0.0;0.0;0.0
1666273160;0.0;0.0;0.0
1666273220;0.0;0.0;0.0
1666273280;0.0;0.0;0.0
1666273340;0.0;0.0;0.0
1666273400;0.0;0.0;0.0
1666273460;0.0;0.0;0.0
1666273520;0.0;0.0;0.0
1666273580;0.0;0.0;0.0
1666273640;0.0;0.0;0.0
1666273700;0.0;0.0;0.0
1666273760;0.0;0.0;0.0
1666273820;0.0;0.0;0.0
1666273880;0.0;0.0;0.0
1666273940;0.0;0.0;0.0
1666274000;0.0;0.0;0.0
1666274060;0.0;0.0;0.0
1666274120;0.0;0.0;0.0
1666274180;0.0;0.0;0.0
1666274240;0.0;0.0;0.0
1666274300;0.0;0.0;0.0
1666274360;0.0;0.0;0.0
1666274420;0.0;0.0;0.0
1666274480;0.0;0.0;0.0
1666274540;0.0;0.0;0.0
1666274600;0.0;0.0;0.0
1666274660;0.0;0.0;0.0
1666274720;0.0;0.0;0.0
1666274780;0.0;0.0;0.0
1666274840;0.0;0.0;0.0
1666274900;0.0;0.0;0.0
1666274960;0.0;0.0;0.0
1666275020;0.0;0.0;0.0
1666275080;0.0;0.0;0.0
1666275140;0.0;0.0;0.0
1666275200;0.0;0.0;0.0
1666275260;0.0;0.0;0.0
1666275320;0.0;0.0;0.0
1666275380;0.0;0.0;0.0
1666275440;0.0;0.0;0.0
1666275500;0.0;0.0;0.0
1666275560;0.0;0.0;0.0
1666275620;0.0;0.0;0.0
1666275680;0.0;0.0;0.0
1666275740;0.0;0.0;0.0
1666275800;0.0;0.0;0.0
1666275860;0.0;0.0;0.0
1666275920;0.0;0.0;0.0
1666275980;0.0;0.0;0.0
1666276040;0.0;0.0;0.0
1666276100;0.0;0.0;0.0
1666276160;0.0;0.0;0.0
1666276220;0.0;0.0;0.0
1666276280;0.0;0.0;0.0
1666276340;0.0;0.0;0.0
1666276400;0.0;0.0;0.0
1666276460;0.0;0.0;0.0
1666276520;0.0;0.0;0.0
1666276580;0.0;0.0;0.0
1666276640;0.0;0.0;0.0
1666276700;0.0;0.0;0.0
1666276760;0.0;0.0;0.0
1666276820;0.0;0.0;0.0
1666276880;0.0;0.0;0.0
1666276940;0.0;0.0;0.0
1666277000;0.0;0.0;0.0
1666277060;0.0;0.0;0.0
1666277120;0.0;0.0;0.0
1666277180;0.0;0.0;0.0
1666277240;0.0;0.0;0.0
1666277300;0.0;0.0;0.0
1666277360;0.0;0.0;0.0
1666277420;0.0;0.0;0.0
1666277480;0.0;0.0;0.0
1666277540;0.0;0.0;0.0
1666277600;0.0;0.0;0.0
1666277660;0.0;0.0;0.0
1666277720;0.0;0.0;0.0
1666277780;0.0;0.0;0.0
1666277840;0.0;0.0;0.0
1666277900;0.0;0.0;0.0
1666277960;0.0;0.0;0.0
1666278020;0.0;0.0;0.0
1666278080;0.0;0.0;0.0
1666278140;0.0;0.0;0.0
1666278200;0.0;0.0;0.0
1666278260;0.0;0.0;0.0
1666278320;0.0;0.0;0.0
1666278380;0.0;0.0;0.0
1666278440;0.0;0.0;0.0
1666278500;0.0;0.0;0.0
1666278560;0.0;0.0;0.0
1666278620;0.0;0.0;0.0
1666278680;0.0;0.0;0.0
1666278740;0.0;0.0;0.0
1666278800;0.0;0.0;0.0
1666278860;0.0;0.0;0.0
1666278920;0.0;0.0;0.0
1666278980;0.0;0.0;0.0
1666279040;0.0;0.0;0.0
1666279100;0.0;0.0;0.0
1666279160;0.0;0.0;0.0
1666279220;0.0;0.0;0.0
1666279280;0.0;0.0;0.0
1666279340;0.0;0.0;0.0
1666279400;0.0;0.0;0.0
1666279460;0.0;0.0;0.0
1666279520;0.0;0.0;0.0
1666279580;0.0;0.0;0.0
1666279640;0.0;0.0;0.0
1666279700;0.0;0.0;0.0
1666279760;0.0;0.0;0.0
1666279820;0.0;0.0;0.0
1666279880;0.0;0.0;0.0
1666279940;0.0;0.0;0.0
1666280000;0.0;0.0;0.0
1666280060;0.0;0.0;0.0
1666280120;0.0;0.0;0.0
1666280180;0.0;0.0;0.0
1666280240;0.0;0.0;0.0
1666280300;0.0;0.0;0.0
1666280360;0.0;0.0;0.0
1666280420;0.0;0.0;0.0
1666280480;0.0;0.0;0.0
1666280540;0.0;0.0;0.0
1666280600;0.0;0.0;0.0
1666280660;0.0;0.0;0.0
1666280720;0.0;0.0;0.0
1666280780;0.0;0.0;0.0
1666280840;0.0;0.0;0.0
1666280900;0.0;0.0;0.0
1666280960;0.0;0.0;0.0
1666281020;0.0;0.0;0.0
1666281080;0.0;0.0;0.0
1666281140;0.0;0.0;0.0
1666281200;0.0;0.0;0.0
1666281260;0.0;0.0;0.0
1666281320;0.0;0.0;0.0
1666281380;0.0;0.0;0.0
1666281440;0.0;0.0;0.0
1666281500;0.0;0.0;0.0
1666281560;0.0;0.0;0.0
1666281620;0.0;0.0;0.0
1666281680;0.0;0.0;0.0
1666281740;0.0;0.0;0.0
1666281800;0.0;0.0;0.0
1666281860;0.0;0.0;0.0
1666281920;0.0;0.0;0.0
1666281980;0.0;0.0;0.0
1666282040;0.0;0.0;0.0
1666282100;0.0;0.0;0.0
1666282160;0.0;0.0;0.0
1666282220;0.0;0.0;0.0
1666282280;0.0;0.0;0.0
1666282340;0.0;0.0;0.0
1666282400;0.0;0.0;0.0
1666282460;0.0;0.0;0.0
1666282520;0.0;0.0;0.0
1666282580;0.0;0.0;0.0
1666282640;0.0;0.0;0.0
1666282700;0.0;0.0;0.0
1666282760;0.0;0.0;0.0
1666282820;0.0;0.0;0.0
1666282880;0.0;0.0;0.0
1666282940;0.0;0.0;0.0
1666283000;0.0;0.0;0.0
1666283060;0.0;0.0;0.0
1666283120;0.0;0.0;0.0
1666283180;0.0;0.0;0.0
1666283240;0.0;0.0;0.0
1666283300;0.0;0.0;0.0
1666283360;0.0;0.0;0.0
1666283420;0.0;0.0;0.0
1666283480;0.0;0.0;0.0
1666283540;0.0;0.0;0.0
1666283600;0.0;0.0;0.0
1666283660;0.0;0.0;0.0
1666283720;0.0;0.0;0.0
1666283780;0.0;0.0;0.0
1666283840;0.0;0.0;0.0
1666283900;0.0;0.0;0.0
1666283960;0.0;0.0;0.0
1666284020;0.0;0.0;0.0
1666284080;0.0;0.0;0.0
1666284140;0.0;0.0;0.0
1666284200;0.0;0.0;0.0
1666284260;0.0;0.0;0.0
1666284320;0.0;0.0;0.0
1666284380;0.0;0.0;0.0
1666284440;0.0;0.0;0.0
1666284500;0.0;0.0;0.0
1666284560;0.0;0.0;0.0
1666284620;0.0;0.0;0.0
1666284680;0.0;0.0;0.0
1666284740;0.0;0.0;0.0
1666284800;0.0;0.0;0.0
1666284860;0.0;0.0;0.0
1666284920;0.0;0.0;0.0
1666284980;0.0;0.0;0.0
1666285040;0.0;0.0;0.0
1666285100;0.0;0.0;0.0
1666285160;0.0;0.0;0.0
1666285220;0.0;0.0;0.0
1666285280;0.0;0.0;0.0
1666285340;0.0;0.0;0.0
1666285400;0.0;0.0;0.0
1666285460;0.0;0.0;0.0
1666285520;0.0;0.0;0.0
1666285580;0.0;0.0;0.0
1666285640;0.0;0.0;0.0
1666285700;0.0;0.0;0.0
1666285760;0.0;0.0;0.0
1666285820;0.0;0.0;0.0
1666285880;0.0;0.0;0.0
1666285940;0.0;0.0;0.0
1666286000;0.0;0.0;0.0
1666286060;0.0;0.0;0.0
1666286120;0.0;0.0;0.0
1666286180;0.0;0.0;0.0
1666286240;0.0;0.0;0.0
1666286300;0.0;0.0;0.0
1666286360;0.0;0.0;0.0
1666286420;0.0;0.0;0.0
1666286480;0.0;0.0;0.0
1666286540;0.0;0.0;0.0
1666286600;0.0;0.0;0.0
1666286660;0.0;0.0;0.0
1666286720;0.0;0.0;0.0
1666286780;0.0;0.0;0.0
1666286840;0.0;0.0;0.0
1666286900;0.0;0.0;0.0
1666286960;0.0;0.0;0.0
1666287020;0.0;0.0;0.0
1666287080;0.0;0.0;0.0
1666287140;0.0;0.0;0.0
1666287200;0.0;0.0;0.0
1666287260;0.0;0.0;0.0
1666287320;0.0;0.0;0.0
1666287380;0.0;0.0;0.0
1666287440;0.0;0.0;0.0
1666287500;0.0;0.0;0.0
1666287560;0.0;0.0;0.0
1666287620;0.0;0.0;0.0
1666287680;0.0;0.0;0.0
1666287740;0.0;0.0;0.0
1666287800;0.0;0.0;0.0
1666287860;0.0;0.0;0.0
1666287920;0.0;0.0;0.0
1666287980;0.0;0.0;0.0
1666288040;0.0;0.0;0.0
1666288100;0.0;0.0;0.0
1666288160;0.0;0.0;0.0
1666288220;0.0;0.0;0.0
1666288280;0.0;0.0;0.0
1666288340;0.0;0.0;0.0
1666288400;0.0;0.0;0.0
1666288460;0.0;0.0;0.0
1666288520;0.0;0.0;0.0
1666288580;0.0;0.0;0.0
1666288640;0.0;0.0;0.0
1666288700;0.0;0.0;0.0
1666288760;0.0;0.0;0.0
1666288820;0.0;0.0;0.0
1666288880;0.0;0.0;0.0
1666288940;0.0;0.0;0.0
1666289000;0.0;0.0;0.0
1666289060;0.0;0.0;0.0
1666289120;0.0;0.0;0.0
1666289180;0.0;0.0;0.0
1666289240;0.0;0.0;0.0
1666289300;0.0;0.0;0.0
1666289360;0.0;0.0;0.0
1666289420;0.0;0.0;0.0
1666289480;0.0;0.0;0.0
1666289540;0.0;0.0;0.0
1666289600;0.0;0.0;0.0
1666289660;0.0;0.0;0.0
1666289720;0.0;0.0;0.0
1666289780;0.0;0.0;0.0
1666289840;0.0;0.0;0.0
1666289900;0.0;0.0;0.0
1666289960;0.0;0.0;0.0
1666290020;0.0;0.0;0.0
1666290080;0.0;0.0;0.0
1666290140;0.0;0.0;0.0
1666290200;0.0;0.0;0.0
1666290260;0.0;0.0;0.0
1666290320;0.0;0.0;0.0
1666290380;0.0;0.0;0.0
1666290440;0.0;0.0;0.0
1666290500;0.0;0.0;0.0
1666290560;0.0;0.0;0.0
1666290620;0.0;0.0;0.0
1666290680;0.0;0.0;0.0
1666290740;0.0;0.0;0.0
1666290800;0.0;0.0;0.0
1666290860;0.0;0.0;0.0
1666290920;0.0;0.0;0.0
1666290980;0.0;0.0;0.0
1666291040;0.0;0.0;0.0
1666291100;0.0;0.0;0.0
1666291160;0.0;0.0;0.0
1666291220;0.0;0.0;0.0
1666291280;0.0;0.0;0.0
1666291340;0.0;0.0;0.0
1666291400;0.0;0.0;0.0
1666291460;0.0;0.0;0.0
1666291520;0.0;0.0;0.0
1666291580;0.0;0.0;0.0
1666291640;0.0;0.0;0.0
1666291700;0.0;0.0;0.0
1666291760;0.0;0.0;0.0
1666291820;0.0;0.0;0.0
1666291880;0.0;0.0;0.0
1666291940;0.0;0.0;0.0
1666292000;0.0;0.0;0.0
1666292060;0.0;0.0;0.0
1666292120;0.0;0.0;0.0
1666292180;0.0;0.0;0.0
1666292240;0.0;0.0;0.0
1666292300;0.0;0.0;0.0
1666292360;0.0;0.0;0.0
1666292420;0.0;0.0;0.0
1666292480;0.0;0.0;0.0
1666292540;0.0;0.0;0.0
1666292600;0.0;0.0;0.0
1666292660;0.0;0.0;0.0
1666292720;0.0;0.0;0.0
1666292780;0.0;0.0;0.0
1666292840;0.0;0.0;0.0
1666292900;0.0;0.0;0.0
1666292960;0.0;0.0;0.0
1666293020;0.0;0.0;0.0
1666293080;0.0;0.0;0.0
1666293140;0.0;0.0;0.0
1666293200;0.0;0.0;0.0
1666293260;0.0;0.0;0.0
1666293320;0.0;0.0;0.0
1666293380;0.0;0.0;0.0
1666293440;0.0;0.0;0.0
1666293500;0.0;0.0;0.0
1666293560;0.0;0.0;0.0
1666293620;0.0;0.0;0.0
1666293680;0.0;0.0;0.0
1666293740;0.0;0.0;0.0
1666293800;0.0;0.0;0.0
1666293860;0.0;0.0;0.0
1666293920;0.0;0.0;0.0
1666293980;0.0;0.0;0.0
1666294040;0.0;0.0;0.0
1666294100;0.0;0.0;0.0
1666294160;0.0;0.0;0.0
1666294220;0.0;0.0;0.0
1666294280;0.0;0.0;0.0
1666294340;0.0;0.0;0.0
1666294400;0.0;0.0;0.0
1666294460;0.0;0.0;0.0
1666294520;0.0;0.0;0.0
1666294580;0.0;0.0;0.0
1666294640;0.0;0.0;0.0
1666294700;0.0;0.0;0.0
1666294760;0.0;0.0;0.0
1666294820;0.0;0.0;0.0
1666294880;0.0;0.0;0.0
1666294940;0.0;0.0;0.0
1666295000;0.0;0.0;0.0
1666295060;0.0;0.0;0.0
1666295120;0.0;0.0;0.0
1666295180;0.0;0.0;0.0
1666295240;0.0;0.0;0.0
1666295300;0.0;0.0;0.0
1666295360;0.0;0.0;0.0
1666295420;0.0;0.0;0.0
1666295480;0.0;0.0;0.0
1666295540;0.0;0.0;0.0
1666295600;0.0;0.0;0.0
1666295660;0.0;0.0;0.0
1666295720;0.0;0.0;0.0
1666295780;0.0;0.0;0.0
1666295840;0.0;0.0;0.0
1666295900;0.0;0.0;0.0
1666295960;0.0;0.0;0.0
1666296020;0.0;0.0;0.0
1666296080;0.0;0.0;0.0
1666296140;0.0;0.0;0.0
1666296200;0.0;0.0;0.0
1666296260;0.0;0.0;0.0
1666296320;0.0;0.0;0.0
1666296380;0.0;0.0;0.0
1666296440;0.0;0.0;0.0
1666296500;0.0;0.0;0.0
1666296560;0.0;0.0;0.0
1666296620;0.0;0.0;0.0
1666296680;0.0;0.0;0.0
1666296740;0.0;0.0;0.0
1666296800;0.0;0.0;0.0
1666296860;0.0;0.0;0.0
1666296920;0.0;0.0;0.0
1666296980;0.0;0.0;0.0
1666297040;0.0;0.0;0.0
1666297100;0.0;0.0;0.0
1666297160;0.0;0.0;0.0
1666297220;0.0;0.0;0.0
1666297280;0.0;0.0;0.0
1666297340;0.0;0.0;0.0
1666297400;0.0;0.0;0.0
1666297460;0.0;0.0;0.0
1666297520;0.0;0.0;0.0
1666297580;0.0;0.0;0.0
1666297640;0.0;0.0;0.0
1666297700;0.0;0.0;0.0
1666297760;0.0;0.0;0.0
1666297820;0.0;0.0;0.0
1666297880;0.0;0.0;0.0
1666297940;0.0;0.0;0.0
1666298000;0.0;0.0;0.0
1666298060;0.0;0.0;0.0
1666298120;0.0;0.0;0.0
1666298180;0.0;0.0;0.0
1666298240;0.0;0.0;0.0
1666298300;0.0;0.0;0.0
1666298360;0.0;0.0;0.0
1666298420;0.0;0.0;0.0
1666298480;0.0;0.0;0.0
1666298540;0.0;0.0;0.0
1666298600;0.0;0.0;0.0
1666298660;0.0;0.0;0.0
1666298720;0.0;0.0;0.0
1666298780;0.0;0.0;0.0
1666298840;0.0;0.0;0.0
1666298900;0.0;0.0;0.0
1666298960;0.0;0.0;0.0
1666299020;0.0;0.0;0.0
1666299080;0.0;0.0;0.0
1666299140;0.0;0.0;0.0
1666299200;0.0;0.0;0.0
1666299260;0.0;0.0;0.0
1666299320;0.0;0.0;0.0
1666299380;0.0;0.0;0.0
1666299440;0.0;0.0;0.0
1666299500;0.0;0.0;0.0
1666299560;0.0;0.0;0.0
1666299620;0.0;0.0;0.0
1666299680;0.0;0.0;0.0
1666299740;0.0;0.0;0.0
1666299800;0.0;0.0;0.0
1666299860;0.0;0.0;0.0
1666299920;0.0;0.0;0.0
1666299980;0.0;0.0;0.0
1666300040;0.0;0.0;0.0
1666300100;0.0;0.0;0.0
1666300160;0.0;0.0;0.0
1666300220;0.0;0.0;0.0
1666300280;0.0;0.0;0.0
1666300340;0.0;0.0;0.0
1666300400;0.0;0.0;0.0
1666300460;0.0;0.0;0.0
1666300520;0.0;0.0;0.0
1666300580;0.0;0.0;0.0
1666300640;0.0;0.0;0.0
1666300700;0.0;0.0;0.0
1666300760;0.0;0.0;0.0
1666300820;0.0;0.0;0.0
1666300880;0.0;0.0;0.0
1666300940;0.0;0.0;0.0
1666301000;0.0;0.0;0.0
1666301060;0.0;0.0;0.0
1666301120;0.0;0.0;0.0
1666301180;0.0;0.0;0.0
1666301240;0.0;0.0;0.0
1666301300;0.0;0.0;0.0
1666301360;0.0;0.0;0.0
1666301420;0.0;0.0;0.0
1666301480;0.0;0.0;0.0
1666301540;0.0;0.0;0.0
1666301600;0.0;0.0;0.0
1666301660;0.0;0.0;0.0
1666301720;0.0;0.0;0.0
1666301780;0.0;0.0;0.0
1666301840;0.0;0.0;0.0
1666301900;0.0;0.0;0.0
1666301960;0.0;0.0;0.0
1666302020;0.0;0.0;0.0
1666302080;0.0;0.0;0.0
1666302140;0.0;0.0;0.0
1666302200;0.0;0.0;0.0
1666302260;0.0;0.0;0.0
1666302320;0.0;0.0;0.0
1666302380;0.0;0.0;0.0
1666302440;0.0;0.0;0.0
1666302500;0.0;0.0;0.0
1666302560;0.0;0.0;0.0
1666302620;0.0;0.0;0.0
1666302680;0.0;0.0;0.0
1666302740;0.0;0.0;0.0
1666302800;0.0;0.0;0.0
1666302860;0.0;0.0;0.0
1666302920;0.0;0.0;0.0
1666302980;0.0;0.0;0.0
1666303040;0.0;0.0;0.0
1666303100;0.0;0.0;0.0
1666303160;0.0;0.0;0.0
1666303220;0.0;0.0;0.0
1666303280;0.0;0.0;0.0
1666303340;0.0;0.0;0.0
1666303400;0.0;0.0;0.0
1666303460;0.0;0.0;0.0
1666303520;0.0;0.0;0.0
1666303580;0.0;0.0;0.0
1666303640;0.0;0.0;0.0
1666303700;0.0;0.0;0.0
1666303760;0.0;0.0;0.0
1666303820;0.0;0.0;0.0
1666303880;0.0;0.0;0.0
1666303940;0.0;0.0;0.0
1666304000;0.0;0.0;0.0
1666304060;0.0;0.0;0.0
1666304120;0.0;0.0;0.0
1666304180;0.0;0.0;0.0
1666304240;0.0;0.0;0.0
1666304300;0.0;0.0;0.0
1666304360;0.0;0.0;0.0
1666304420;0.0;0.0;0.0
1666304480;0.0;0.0;0.0
1666304540;0.0;0.0;0.0
1666304600;0.0;0.0;0.0
1666304660;0.0;0.0;0.0
1666304720;0.0;0.0;0.0
1666304780;0.0;0.0;0.0
1666304840;0.0;0.0;0.0
1666304900;0.0;0.0;0.0
1666304960;0.0;0.0;0.0
1666305020;0.0;0.0;0.0
1666305080;0.0;0.0;0.0
1666305140;0.0;0.0;0.0
1666305200;0.0;0.0;0.0
1666305260;0.0;0.0;0.0
1666305320;0.0;0.0;0.0
1666305380;0.0;0.0;0.0
1666305440;0.0;0.0;0.0
1666305500;0.0;0.0;0.0
1666305560;0.0;0.0;0.0
1666305620;0.0;0.0;0.0
1666305680;0.0;0.0;0.0
1666305740;0.0;0.0;0.0
1666305800;0.0;0.0;0.0
1666305860;0.0;0.0;0.0
1666305920;0.0;0.0;0.0
1666305980;0.0;0.0;0.0
1666306040;0.0;0.0;0.0
1666306100;0.0;0.0;0.0
1666306160;0.0;0.0;0.0
1666306220;0.0;0.0;0.0
1666306280;0.0;0.0;0.0
1666306340;0.0;0.0;0.0
1666306400;0.0;0.0;0.0
1666306460;0.0;0.0;0.0
1666306520;0.0;0.0;0.0
1666306580;0.0;0.0;0.0
1666306640;0.0;0.0;0.0
1666306700;0.0;0.0;0.0
1666306760;0.0;0.0;0.0
1666306820;0.0;0.0;0.0
1666306880;0.0;0.0;0.0
1666306940;0.0;0.0;0.0
1666307000;0.0;0.0;0.0
1666307060;0.0;0.0;0.0
1666307120;0.0;0.0;0.0
1666307180;0.0;0.0;0.0
1666307240;0.0;0.0;0.0
1666307300;0.0;0.0;0.0
1666307360;0.0;0.0;0.0
1666307420;0.0;0.0;0.0
1666307480;0.0;0.0;0.0
1666307540;0.0;0.0;0.0
1666307600;0.0;0.0;0.0
1666307660;0.0;0.0;0.0
1666307720;0.0;0.0;0.0
1666307780;0.0;0.0;0.0
1666307840;0.0;0.0;0.0
1666307900;0.0;0.0;0.0
1666307960;0.0;0.0;0.0
1666308020;0.0;0.0;0.0
1666308080;0.0;0.0;0.0
1666308140;0.0;0.0;0.0
1666308200;0.0;0.0;0.0
1666308260;0.0;0.0;0.0
1666308320;0.0;0.0;0.0
1666308380;0.0;0.0;0.0
1666308440;0.0;0.0;0.0
1666308500;0.0;0.0;0.0
1666308560;0.0;0.0;0.0
1666308620;0.0;0.0;0.0
1666308680;0.0;0.0;0.0
1666308740;0.0;0.0;0.0
1666308800;0.0;0.0;0.0
1666308860;0.0;0.0;0.0
1666308920;0.0;0.0;0.0
1666308980;0.0;0.0;0.0
1666309040;0.0;0.0;0.0
1666309100;0.0;0.0;0.0
1666309160;0.0;0.0;0.0
1666309220;0.0;0.0;0.0
1666309280;0.0;0.0;0.0
1666309340;0.0;0.0;0.0
1666309400;0.0;0.0;0.0
1666309460;0.0;0.0;0.0
1666309520;0.0;0.0;0.0
1666309580;0.0;0.0;0.0
1666309640;0.0;0.0;0.0
1666309700;0.0;0.0;0.0
1666309760;0.0;0.0;0.0
1666309820;0.0;0.0;0.0
1666309880;0.0;0.0;0.0
1666309940;0.0;0.0;0.0
1666310000;0.0;0.0;0.0
1666310060;0.0;0.0;0.0
1666310120;0.0;0.0;0.0
1666310180;0.0;0.0;0.0
1666310240;0.0;0.0;0.0
1666310300;0.0;0.0;0.0
1666310360;0.0;0.0;0.0
1666310420;0.0;0.0;0.0
1666310480;0.0;0.0;0.0
1666310540;0.0;0.0;0.0
1666310600;0.0;0.0;0.0
1666310660;0.0;0.0;0.0
1666310720;0.0;0.0;0.0
1666310780;0.0;0.0;0.0
1666310840;0.0;0.0;0.0
1666310900;0.0;0.0;0.0
1666310960;0.0;0.0;0.0
1666311020;0.0;0.0;0.0
1666311080;0.0;0.0;0.0
1666311140;0.0;0.0;0.0
1666311200;0.0;0.0;0.0
1666311260;0.0;0.0;0.0
1666311320;0.0;0.0;0.0
1666311380;0.0;0.0;0.0
1666311440;0.0;0.0;0.0
1666311500;0.0;0.0;0.0
1666311560;0.0;0.0;0.0
1666311620;0.0;0.0;0.0
1666311680;0.0;0.0;0.0
1666311740;0.0;0.0;0.0
1666311800;0.0;0.0;0.0
1666311860;0.0;0.0;0.0
1666311920;0.0;0.0;0.0
1666311980;0.0;0.0;0.0
1666312040;0.0;0.0;0.0
1666312100;0.0;0.0;0.0
1666312160;0.0;0.0;0.0
1666312220;0.0;0.0;0.0
1666312280;0.0;0.0;0.0
1666312340;0.0;0.0;0.0
1666312400;0.0;0.0;0.0
1666312460;0.0;0.0;0.0
1666312520;0.0;0.0;0.0
1666312580;0.0;0.0;0.0
1666312640;0.0;0.0;0.0
1666312700;0.0;0.0;0.0
1666312760;0.0;0.0;0.0
1666312820;0.0;0.0;0.0
1666312880;0.0;0.0;0.0
1666312940;0.0;0.0;0.0
1666313000;0.0;0.0;0.0
1666313060;0.0;0.0;0.0
1666313120;0.0;0.0;0.0
1666313180;0.0;0.0;0.0
1666313240;0.0;0.0;0.0
1666313300;0.0;0.0;0.0
1666313360;0.0;0.0;0.0
1666313420;0.0;0.0;0.0
1666313480;0.0;0.0;0.0
1666313540;0.0;0.0;0.0
1666313600;0.0;0.0;0.0
1666313660;0.0;0.0;0.0
1666313720;0.0;0.0;0.0
1666313780;0.0;0.0;0.0
1666313840;0.0;0.0;0.0
1666313900;0.0;0.0;0.0
1666313960;0.0;0.0;0.0
1666314020;0.0;0.0;0.0
1666314080;0.0;0.0;0.0
1666314140;0.0;0.0;0.0
1666314200;0.0;0.0;0.0
1666314260;0.0;0.0;0.0
1666314320;0.0;0.0;0.0
1666314380;0.0;0.0;0.0
1666314440;0.0;0.0;0.0
1666314500;0.0;0.0;0.0
1666314560;0.0;0.0;0.0
1666314620;0.0;0.0;0.0
1666314680;0.0;0.0;0.0
1666314740;0.0;0.0;0.0
1666314800;0.0;0.0;0.0
1666314860;0.0;0.0;0.0
1666314920;0.0;0.0;0.0
1666314980;0.0;0.0;0.0
1666315040;0.0;0.0;0.0
1666315100;0.0;0.0;0.0
1666315160;0.0;0.0;0.0
1666315220;0.0;0.0;0.0
1666315280;0.0;0.0;0.0
1666315340;0.0;0.0;0.0
1666315400;0.0;0.0;0.0
1666315460;0.0;0.0;0.0
1666315520;0.0;0.0;0.0
1666315580;0.0;0.0;0.0
1666315640;0.0;0.0;0.0
1666315700;0.0;0.0;0.0
1666315760;0.0;0.0;0.0
1666315820;0.0;0.0;0.0
1666315880;0.0;0.0;0.0
1666315940;0.0;0.0;0.0
1666316000;0.0;0.0;0.0
1666316060;0.0;0.0;0.0
1666316120;0.0;0.0;0.0
1666316180;0.0;0.0;0.0
1666316240;0.0;0.0;0.0
1666316300;0.0;0.0;0.0
1666316360;0.0;0.0;0.0
1666316420;0.0;0.0;0.0
1666316480;0.0;0.0;0.0
1666316540;0.0;0.0;0.0
1666316600;0.0;0.0;0.0
1666316660;0.0;0.0;0.0
1666316720;0.0;0.0;0.0
1666316780;0.0;0.0;0.0
1666316840;0.0;0.0;0.0
1666316900;0.0;0.0;0.0
1666316960;0.0;0.0;0.0
1666317020;0.0;0.0;0.0
1666317080;0.0;0.0;0.0
1666317140;0.0;0.0;0.0
1666317200;0.0;0.0;0.0
1666317260;0.0;0.0;0.0
1666317320;0.0;0.0;0.0
1666317380;0.0;0.0;0.0
1666317440;0.0;0.0;0.0
1666317500;0.0;0.0;0.0
1666317560;0.0;0.0;0.0
1666317620;0.0;0.0;0.0
1666317680;0.0;0.0;0.0
1666317740;0.0;0.0;0.0
1666317800;0.0;0.0;0.0
1666317860;0.0;0.0;0.0
1666317920;0.0;0.0;0.0
1666317980;0.0;0.0;0.0
1666318040;0.0;0.0;0.0
1666318100;0.0;0.0;0.0
1666318160;0.0;0.0;0.0
1666318220;0.0;0.0;0.0
1666318280;0.0;0.0;0.0
1666318340;0.0;0.0;0.0
1666318400;0.0;0.0;0.0
1666318460;0.0;0.0;0.0
1666318520;0.0;0.0;0.0
1666318580;0.0;0.0;0.0
1666318640;0.0;0.0;0.0
1666318700;0.0;0.0;0.0
1666318760;0.0;0.0;0.0
1666318820;0.0;0.0;0.0
1666318880;0.0;0.0;0.0
1666318940;0.0;0.0;0.0
1666319000;0.0;0.0;0.0
1666319060;0.0;0.0;0.0
1666319120;0.0;0.0;0.0
1666319180;0.0;0.0;0.0
1666319240;0.0;0.0;0.0
1666319300;0.0;0.0;0.0
1666319360;0.0;0.0;0.0
1666319420;0.0;0.0;0.0
1666319480;0.0;0.0;0.0
1666319540;0.0;0.0;0.0
1666319600;0.0;0.0;0.0
1666319660;0.0;0.0;0.0
1666319720;0.0;0.0;0.0
1666319780;0.0;0.0;0.0
1666319840;0.0;0.0;0.0
1666319900;0.0;0.0;0.0
1666319960;0.0;0.0;0.0
1666320020;0.0;0.0;0.0
1666320080;0.0;0.0;0.0
1666320140;0.0;0.0;0.0
1666320200;0.0;0.0;0.0
1666320260;0.0;0.0;0.0
1666320320;0.0;0.0;0.0
1666320380;0.0;0.0;0.0
1666320440;0.0;0.0;0.0
1666320500;0.0;0.0;0.0
1666320560;0.0;0.0;0.0
1666320620;0.0;0.0;0.0
1666320680;0.0;0.0;0.0
1666320740;0.0;0.0;0.0
1666320800;0.0;0.0;0.0
1666320860;0.0;0.0;0.0
1666320920;0.0;0.0;0.0
1666320980;0.0;0.0;0.0
1666321040;0.0;0.0;0.0
1666321100;0.0;0.0;0.0
1666321160;0.0;0.0;0.0
1666321220;0.0;0.0;0.0
1666321280;0.0;0.0;0.0
1666321340;0.0;0.0;0.0
1666321400;0.0;0.0;0.0
1666321460;0.0;0.0;0.0
1666321520;0.0;0.0;0.0
1666321580;0.0;0.0;0.0
1666321640;0.0;0.0;0.0
1666321700;0.0;0.0;0.0
1666321760;0.0;0.0;0.0
1666321820;0.0;0.0;0.0
1666321880;0.0;0.0;0.0
1666321940;0.0;0.0;0.0
1666322000;0.0;0.0;0.0
1666322060;0.0;0.0;0.0
1666322120;0.0;0.0;0.0
1666322180;0.0;0.0;0.0
1666322240;0.0;0.0;0.0
1666322300;0.0;0.0;0.0
1666322360;0.0;0.0;0.0
1666322420;0.0;0.0;0.0
1666322480;0.0;0.0;0.0
1666322540;0.0;0.0;0.0
1666322600;0.0;0.0;0.0
1666322660;0.0;0.0;0.0
1666322720;0.0;0.0;0.0
1666322780;0.0;0.0;0.0
1666322840;0.0;0.0;0.0
1666322900;0.0;0.0;0.0
1666322960;0.0;0.0;0.0
1666323020;0.0;0.0;0.0
1666323080;0.0;0.0;0.0
1666323140;0.0;0.0;0.0
1666323200;0.0;0.0;0.0
1666323260;0.0;0.0;0.0
1666323320;0.0;0.0;0.0
1666323380;0.0;0.0;0.0
1666323440;0.0;0.0;0.0
1666323500;0.0;0.0;0.0
1666323560;0.0;0.0;0.0
1666323620;0.0;0.0;0.0
1666323680;0.0;0.0;0.0
1666323740;0.0;0.0;0.0
1666323800;0.0;0.0;0.0
1666323860;0.0;0.0;0.0
1666323920;0.0;0.0;0.0
1666323980;0.0;0.0;0.0
1666324040;0.0;0.0;0.0
1666324100;0.0;0.0;0.0
1666324160;0.0;0.0;0.0
1666324220;0.0;0.0;0.0
1666324280;0.0;0.0;0.0
1666324340;0.0;0.0;0.0
1666324400;0.0;0.0;0.0
1666324460;0.0;0.0;0.0
1666324520;0.0;0.0;0.0
1666324580;0.0;0.0;0.0
1666324640;0.0;0.0;0.0
1666324700;0.0;0.0;0.0
1666324760;0.0;0.0;0.0
1666324820;0.0;0.0;0.0
1666324880;0.0;0.0;0.0
1666324940;0.0;0.0;0.0
1666325000;0.0;0.0;0.0
1666325060;0.0;0.0;0.0
1666325120;0.0;0.0;0.0
1666325180;0.0;0.0;0.0
1666325240;0.0;0.0;0.0
1666325300;0.0;0.0;0.0
1666325360;0.0;0.0;0.0
1666325420;0.0;0.0;0.0
1666325480;0.0;0.0;0.0
1666325540;0.0;0.0;0.0
1666325600;0.0;0.0;0.0
1666325660;0.0;0.0;0.0
1666325720;0.0;0.0;0.0
1666325780;0.0;0.0;0.0
1666325840;0.0;0.0;0.0
1666325900;0.0;0.0;0.0
1666325960;0.0;0.0;0.0
1666326020;0.0;0.0;0.0
1666326080;0.0;0.0;0.0
1666326140;0.0;0.0;0.0
1666326200;0.0;0.0;0.0
1666326260;0.0;0.0;0.0
1666326320;0.0;0.0;0.0
1666326380;0.0;0.0;0.0
1666326440;0.0;0.0;0.0
1666326500;0.0;0.0;0.0
1666326560;0.0;0.0;0.0
1666326620;0.0;0.0;0.0
1666326680;0.0;0.0;0.0
1666326740;0.0;0.0;0.0
1666326800;0.0;0.0;0.0
1666326860;0.0;0.0;0.0
1666326920;0.0;0.0;0.0
1666326980;0.0;0.0;0.0
1666327040;0.0;0.0;0.0
1666327100;0.0;0.0;0.0
1666327160;0.0;0.0;0.0
1666327220;0.0;0.0;0.0
1666327280;0.0;0.0;0.0
1666327340;0.0;0.0;0.0
1666327400;0.0;0.0;0.0
1666327460;0.0;0.0;0.0
1666327520;0.0;0.0;0.0
1666327580;0.0;0.0;0.0
1666327640;0.0;0.0;0.0
1666327700;0.0;0.0;0.0
1666327760;0.0;0.0;0.0
1666327820;0.0;0.0;0.0
1666327880;0.0;0.0;0.0
1666327940;0.0;0.0;0.0
1666328000;0.0;0.0;0.0
1666328060;0.0;0.0;0.0
1666328120;0.0;0.0;0.0
1666328180;0.0;0.0;0.0
1666328240;0.0;0.0;0.0
1666328300;0.0;0.0;0.0
1666328360;0.0;0.0;0.0
1666328420;0.0;0.0;0.0
1666328480;0.0;0.0;0.0
1666328540;0.0;0.0;0.0
1666328600;0.0;0.0;0.0
1666328660;0.0;0.0;0.0
1666328720;0.0;0.0;0.0
1666328780;0.0;0.0;0.0
1666328840;0.0;0.0;0.0
1666328900;0.0;0.0;0.0
1666328960;0.0;0.0;0.0
1666329020;0.0;0.0;0.0
1666329080;0.0;0.0;0.0
1666329140;0.0;0.0;0.0
1666329200;0.0;0.0;0.0
1666329260;0.0;0.0;0.0
1666329320;0.0;0.0;0.0
1666329380;0.0;0.0;0.0
1666329440;0.0;0.0;0.0
1666329500;0.0;0.0;0.0
1666329560;0.0;0.0;0.0
1666329620;0.0;0.0;0.0
1666329680;0.0;0.0;0.0
1666329740;0.0;0.0;0.0
1666329800;0.0;0.0;0.0
1666329860;0.0;0.0;0.0
1666329920;0.0;0.0;0.0
1666329980;0.0;0.0;0.0
1666330040;0.0;0.0;0.0
1666330100;0.0;0.0;0.0
1666330160;0.0;0.0;0.0
1666330220;0.0;0.0;0.0
1666330280;0.0;0.0;0.0
1666330340;0.0;0.0;0.0
1666330400;0.0;0.0;0.0
1666330460;0.0;0.0;0.0
1666330520;0.0;0.0;0.0
1666330580;0.0;0.0;0.0
1666330640;0.0;0.0;0.0
1666330700;0.0;0.0;0.0
1666330760;0.0;0.0;0.0
1666330820;0.0;0.0;0.0
1666330880;0.0;0.0;0.0
1666330940;0.0;0.0;0.0
1666331000;0.0;0.0;0.0
1666331060;0.0;0.0;0.0
1666331120;0.0;0.0;0.0
1666331180;0.0;0.0;0.0
1666331240;0.0;0.0;0.0
1666331300;0.0;0.0;0.0
1666331360;0.0;0.0;0.0
1666331420;0.0;0.0;0.0
1666331480;0.0;0.0;0.0
1666331540;0.0;0.0;0.0
1666331600;0.0;0.0;0.0
1666331660;0.0;0.0;0.0
1666331720;0.0;0.0;0.0
1666331780;0.0;0.0;0.0
1666331840;0.0;0.0;0.0
1666331900;0.0;0.0;0.0
1666331960;0.0;0.0;0.0
1666332020;0.0;0.0;0.0
1666332080;0.0;0.0;0.0
1666332140;0.0;0.0;0.0
1666332200;0.0;0.0;0.0
1666332260;0.0;0.0;0.0
1666332320;0.0;0.0;0.0
1666332380;0.0;0.0;0.0
1666332440;0.0;0.0;0.0
1666332500;0.0;0.0;0.0
1666332560;0.0;0.0;0.0
1666332620;0.0;0.0;0.0
1666332680;0.0;0.0;0.0
1666332740;0.0;0.0;0.0
1666332800;0.0;0.0;0.0
1666332860;0.0;0.0;0.0
1666332920;0.0;0.0;0.0
1666332980;0.0;0.0;0.0
1666333040;0.0;0.0;0.0
1666333100;0.0;0.0;0.0
1666333160;0.0;0.0;0.0
1666333220;0.0;0.0;0.0
1666333280;0.0;0.0;0.0
1666333340;0.0;0.0;0.0
1666333400;0.0;0.0;0.0
1666333460;0.0;0.0;0.0
1666333520;0.0;0.0;0.0
1666333580;0.0;0.0;0.0
1666333640;0.0;0.0;0.0
1666333700;0.0;0.0;0.0
1666333760;0.0;0.0;0.0
1666333820;0.0;0.0;0.0
1666333880;0.0;0.0;0.0
1666333940;0.0;0.0;0.0
1666334000;0.0;0.0;0.0
1666334060;0.0;0.0;0.0
1666334120;0.0;0.0;0.0
1666334180;0.0;0.0;0.0
1666334240;0.0;0.0;0.0
1666334300;0.0;0.0;0.0
1666334360;0.0;0.0;0.0
1666334420;0.0;0.0;0.0
1666334480;0.0;0.0;0.0
1666334540;0.0;0.0;0.0
1666334600;0.0;0.0;0.0
1666334660;0.0;0.0;0.0
1666334720;0.0;0.0;0.0
1666334780;0.0;0.0;0.0
1666334840;0.0;0.0;0.0
1666334900;0.0;0.0;0.0
1666334960;0.0;0.0;0.0
1666335020;0.0;0.0;0.0
1666335080;0.0;0.0;0.0
1666335140;0.0;0.0;0.0
1666335200;0.0;0.0;0.0
1666335260;0.0;0.0;0.0
1666335320;0.0;0.0;0.0
1666335380;0.0;0.0;0.0
1666335440;0.0;0.0;0.0
1666335500;0.0;0.0;0.0
1666335560;0.0;0.0;0.0
1666335620;0.0;0.0;0.0
1666335680;0.0;0.0;0.0
1666335740;0.0;0.0;0.0
1666335800;0.0;0.0;0.0
1666335860;0.0;0.0;0.0
1666335920;0.0;0.0;0.0
1666335980;0.0;0.0;0.0
1666336040;0.0;0.0;0.0
1666336100;0.0;0.0;0.0
1666336160;0.0;0.0;0.0
1666336220;0.0;0.0;0.0
1666336280;0.0;0.0;0.0
1666336340;0.0;0.0;0.0
1666336400;0.0;0.0;0.0
1666336460;0.0;0.0;0.0
1666336520;0.0;0.0;0.0
1666336580;0.0;0.0;0.0
1666336640;0.0;0.0;0.0
1666336700;0.0;0.0;0.0
1666336760;0.0;0.0;0.0
1666336820;0.0;0.0;0.0
1666336880;0.0;0.0;0.0
1666336940;0.0;0.0;0.0
1666337000;0.0;0.0;0.0
1666337060;0.0;0.0;0.0
1666337120;0.0;0.0;0.0
1666337180;0.0;0.0;0.0
1666337240;0.0;0.0;0.0
1666337300;0.0;0.0;0.0
1666337360;0.0;0.0;0.0
1666337420;0.0;0.0;0.0
1666337480;0.0;0.0;0.0
1666337540;0.0;0.0;0.0
1666337600;0.0;0.0;0.0
1666337660;0.0;0.0;0.0
1666337720;0.0;0.0;0.0
1666337780;0.0;0.0;0.0
1666337840;0.0;0.0;0.0
1666337900;0.0;0.0;0.0
1666337960;0.0;0.0;0.0
1666338020;0.0;0.0;0.0
1666338080;0.0;0.0;0.0
1666338140;0.0;0.0;0.0
1666338200;0.0;0.0;0.0
1666338260;0.0;0.0;0.0
1666338320;0.0;0.0;0.0
1666338380;0.0;0.0;0.0
1666338440;0.0;0.0;0.0
1666338500;0.0;0.0;0.0
1666338560;0.0;0.0;0.0
1666338620;0.0;0.0;0.0
1666338680;0.0;0.0;0.0
1666338740;0.0;0.0;0.0
1666338800;0.0;0.0;0.0
1666338860;0.0;0.0;0.0
1666338920;0.0;0.0;0.0
1666338980;0.0;0.0;0.0
1666339040;0.0;0.0;0.0
1666339100;0.0;0.0;0.0
1666339160;0.0;0.0;0.0
1666339220;0.0;0.0;0.0
1666339280;0.0;0.0;0.0
1666339340;0.0;0.0;0.0
1666339400;0.0;0.0;0.0
1666339460;0.0;0.0;0.0
1666339520;0.0;0.0;0.0
1666339580;0.0;0.0;0.0
1666339640;0.0;0.0;0.0
1666339700;0.0;0.0;0.0
1666339760;0.0;0.0;0.0
1666339820;0.0;0.0;0.0
1666339880;0.0;0.0;0.0
1666339940;0.0;0.0;0.0
1666340000;0.0;0.0;0.0
1666340060;0.0;0.0;0.0
1666340120;0.0;0.0;0.0
1666340180;0.0;0.0;0.0
1666340240;0.0;0.0;0.0
1666340300;0.0;0.0;0.0
1666340360;0.0;0.0;0.0
1666340420;0.0;0.0;0.0
1666340480;0.0;0.0;0.0
1666340540;0.0;0.0;0.0
1666340600;0.0;0.0;0.0
1666340660;0.0;0.0;0.0
1666340720;0.0;0.0;0.0
1666340780;0.0;0.0;0.0
1666340840;0.0;0.0;0.0
1666340900;0.0;0.0;0.0
1666340960;0.0;0.0;0.0
1666341020;0.0;0.0;0.0
1666341080;0.0;0.0;0.0
1666341140;0.0;0.0;0.0
1666341200;0.0;0.0;0.0
1666341260;0.0;0.0;0.0
1666341320;0.0;0.0;0.0
1666341380;0.0;0.0;0.0
1666341440;0.0;0.0;0.0
1666341500;0.0;0.0;0.0
1666341560;0.0;0.0;0.0
1666341620;0.0;0.0;0.0
1666341680;0.0;0.0;0.0
1666341740;0.0;0.0;0.0
1666341800;0.0;0.0;0.0
1666341860;0.0;0.0;0.0
1666341920;0.0;0.0;0.0
1666341980;0.0;0.0;0.0
1666342040;0.0;0.0;0.0
1666342100;0.0;0.0;0.0
1666342160;0.0;0.0;0.0
1666342220;0.0;0.0;0.0
1666342280;0.0;0.0;0.0
1666342340;0.0;0.0;0.0
1666342400;0.0;0.0;0.0
1666342460;0.0;0.0;0.0
1666342520;0.0;0.0;0.0
1666342580;0.0;0.0;0.0
1666342640;0.0;0.0;0.0
1666342700;0.0;0.0;0.0
1666342760;0.0;0.0;0.0
1666342820;0.0;0.0;0.0
1666342880;0.0;0.0;0.0
1666342940;0.0;0.0;0.0
1666343000;0.0;0.0;0.0
1666343060;0.0;0.0;0.0
1666343120;0.0;0.0;0.0
1666343180;0.0;0.0;0.0
1666343240;0.0;0.0;0.0
1666343300;0.0;0.0;0.0
1666343360;0.0;0.0;0.0
1666343420;0.0;0.0;0.0
1666343480;0.0;0.0;0.0
1666343540;0.0;0.0;0.0
1666343600;0.0;0.0;0.0
1666343660;0.0;0.0;0.0
1666343720;0.0;0.0;0.0
1666343780;0.0;0.0;0.0
1666343840;0.0;0.0;0.0
1666343900;0.0;0.0;0.0
1666343960;0.0;0.0;0.0
1666344020;0.0;0.0;0.0
1666344080;0.0;0.0;0.0
1666344140;0.0;0.0;0.0
1666344200;0.0;0.0;0.0
1666344260;0.0;0.0;0.0
1666344320;0.0;0.0;0.0
1666344380;0.0;0.0;0.0
1666344440;0.0;0.0;0.0
1666344500;0.0;0.0;0.0
1666344560;0.0;0.0;0.0
1666344620;0.0;0.0;0.0
1666344680;0.0;0.0;0.0
1666344740;0.0;0.0;0.0
1666344800;0.0;0.0;0.0
1666344860;0.0;0.0;0.0
1666344920;0.0;0.0;0.0
1666344980;0.0;0.0;0.0
1666345040;0.0;0.0;0.0
1666345100;0.0;0.0;0.0
1666345160;0.0;0.0;0.0
1666345220;0.0;0.0;0.0
1666345280;0.0;0.0;0.0
1666345340;0.0;0.0;0.0
1666345400;0.0;0.0;0.0
1666345460;0.0;0.0;0.0
1666345520;0.0;0.0;0.0
1666345580;0.0;0.0;0.0
1666345640;0.0;0.0;0.0
1666345700;0.0;0.0;0.0
1666345760;0.0;0.0;0.0
1666345820;0.0;0.0;0.0
1666345880;0.0;0.0;0.0
1666345940;0.0;0.0;0.0
1666346000;0.0;0.0;0.0
1666346060;0.0;0.0;0.0
1666346120;0.0;0.0;0.0
1666346180;0.0;0.0;0.0
1666346240;0.0;0.0;0.0
1666346300;0.0;0.0;0.0
1666346360;0.0;0.0;0.0
1666346420;0.0;0.0;0.0
1666346480;0.0;0.0;0.0
1666346540;0.0;0.0;0.0
1666346600;0.0;0.0;0.0
1666346660;0.0;0.0;0.0
1666346720;0.0;0.0;0.0
1666346780;0.0;0.0;0.0
1666346840;0.0;0.0;0.0
1666346900;0.0;0.0;0.0
1666346960;0.0;0.0;0.0
1666347020;0.0;0.0;0.0
1666347080;0.0;0.0;0.0
1666347140;0.0;0.0;0.0
1666347200;0.0;0.0;0.0
1666347260;0.0;0.0;0.0
1666347320;0.0;0.0;0.0
1666347380;0.0;0.0;0.0
1666347440;0.0;0.0;0.0
1666347500;0.0;0.0;0.0
1666347560;0.0;0.0;0.0
1666347620;0.0;0.0;0.0
1666347680;0.0;0.0;0.0
1666347740;0.0;0.0;0.0
1666347800;0.0;0.0;0.0
1666347860;0.0;0.0;0.0
1666347920;0.0;0.0;0.0
1666347980;0.0;0.0;0.0
1666348040;0.0;0.0;0.0
1666348100;0.0;0.0;0.0
1666348160;0.0;0.0;0.0
1666348220;0.0;0.0;0.0
1666348280;0.0;0.0;0.0
1666348340;0.0;0.0;0.0
1666348400;0.0;0.0;0.0
1666348460;0.0;0.0;0.0
1666348520;0.0;0.0;0.0
1666348580;0.0;0.0;0.0
1666348640;0.0;0.0;0.0
1666348700;0.0;0.0;0.0
1666348760;0.0;0.0;0.0
1666348820;0.0;0.0;0.0
1666348880;0.0;0.0;0.0
1666348940;0.0;0.0;0.0
1666349000;0.0;0.0;0.0
1666349060;0.0;0.0;0.0
1666349120;0.0;0.0;0.0
1666349180;0.0;0.0;0.0
1666349240;0.0;0.0;0.0
1666349300;0.0;0.0;0.0
1666349360;0.0;0.0;0.0
1666349420;0.0;0.0;0.0
1666349480;0.0;0.0;0.0
1666349540;0.0;0.0;0.0
1666349600;0.0;0.0;0.0
1666349660;0.0;0.0;0.0
1666349720;0.0;0.0;0.0
1666349780;0.0;0.0;0.0
1666349840;0.0;0.0;0.0
1666349900;0.0;0.0;0.0
1666349960;0.0;0.0;0.0
1666350020;0.0;0.0;0.0
1666350080;0.0;0.0;0.0
1666350140;0.0;0.0;0.0
1666350200;0.0;0.0;0.0
1666350260;0.0;0.0;0.0
1666350320;0.0;0.0;0.0
1666350380;0.0;0.0;0.0
1666350440;0.0;0.0;0.0
1666350500;0.0;0.0;0.0
1666350560;0.0;0.0;0.0
1666350620;0.0;0.0;0.0
1666350680;0.0;0.0;0.0
1666350740;0.0;0.0;0.0
1666350800;0.0;0.0;0.0
1666350860;0.0;0.0;0.0
1666350920;0.0;0.0;0.0
1666350980;0.0;0.0;0.0
1666351040;0.0;0.0;0.0
1666351100;0.0;0.0;0.0
1666351160;0.0;0.0;0.0
1666351220;0.0;0.0;0.0
1666351280;0.0;0.0;0.0
1666351340;0.0;0.0;0.0
1666351400;0.0;0.0;0.0
1666351460;0.0;0.0;0.0
1666351520;0.0;0.0;0.0
1666351580;0.0;0.0;0.0
1666351640;0.0;0.0;0.0
1666351700;0.0;0.0;0.0
1666351760;0.0;0.0;0.0
1666351820;0.0;0.0;0.0
1666351880;0.0;0.0;0.0
1666351940;0.0;0.0;0.0
1666352000;0.0;0.0;0.0
1666352060;0.0;0.0;0.0
1666352120;0.0;0.0;0.0
1666352180;0.0;0.0;0.0
1666352240;0.0;0.0;0.0
1666352300;0.0;0.0;0.0
1666352360;0.0;0.0;0.0
1666352420;0.0;0.0;0.0
1666352480;0.0;0.0;0.0
1666352540;0.0;0.0;0.0
1666352600;0.0;0.0;0.0
1666352660;0.0;0.0;0.0
1666352720;0.0;0.0;0.0
1666352780;0.0;0.0;0.0
1666352840;0.0;0.0;0.0
1666352900;0.0;0.0;0.0
1666352960;0.0;0.0;0.0
1666353020;0.0;0.0;0.0
1666353080;0.0;0.0;0.0
1666353140;0.0;0.0;0.0
1666353200;0.0;0.0;0.0
1666353260;0.0;0.0;0.0
1666353320;0.0;0.0;0.0
1666353380;0.0;0.0;0.0
1666353440;0.0;0.0;0.0
1666353500;0.0;0.0;0.0
1666353560;0.0;0.0;0.0
1666353620;0.0;0.0;0.0
1666353680;0.0;0.0;0.0
1666353740;0.0;0.0;0.0
1666353800;0.0;0.0;0.0
1666353860;0.0;0.0;0.0
1666353920;0.0;0.0;0.0
1666353980;0.0;0.0;0.0
1666354040;0.0;0.0;0.0
1666354100;0.0;0.0;0.0
1666354160;0.0;0.0;0.0
1666354220;0.0;0.0;0.0
1666354280;0.0;0.0;0.0
1666354340;0.0;0.0;0.0
1666354400;0.0;0.0;0.0
1666354460;0.0;0.0;0.0
1666354520;0.0;0.0;0.0
1666354580;0.0;0.0;0.0
1666354640;0.0;0.0;0.0
1666354700;0.0;0.0;0.0
1666354760;0.0;0.0;0.0
1666354820;0.0;0.0;0.0
1666354880;0.0;0.0;0.0
1666354940;0.0;0.0;0.0
1666355000;0.0;0.0;0.0
1666355060;0.0;0.0;0.0
1666355120;0.0;0.0;0.0
1666355180;0.0;0.0;0.0
1666355240;0.0;0.0;0.0
1666355300;0.0;0.0;0.0
1666355360;0.0;0.0;0.0
1666355420;0.0;0.0;0.0
1666355480;0.0;0.0;0.0
1666355540;0.0;0.0;0.0
1666355600;0.0;0.0;0.0
1666355660;0.0;0.0;0.0
1666355720;0.0;0.0;0.0
1666355780;0.0;0.0;0.0
1666355840;0.0;0.0;0.0
1666355900;0.0;0.0;0.0
1666355960;0.0;0.0;0.0
1666356020;0.0;0.0;0.0
1666356080;0.0;0.0;0.0
1666356140;0.0;0.0;0.0
1666356200;0.0;0.0;0.0
1666356260;0.0;0.0;0.0
1666356320;0.0;0.0;0.0
1666356380;0.0;0.0;0.0
1666356440;0.0;0.0;0.0
1666356500;0.0;0.0;0.0
1666356560;0.0;0.0;0.0
1666356620;0.0;0.0;0.0
1666356680;0.0;0.0;0.0
1666356740;0.0;0.0;0.0
1666356800;0.0;0.0;0.0
1666356860;0.0;0.0;0.0
1666356920;0.0;0.0;0.0
1666356980;0.0;0.0;0.0
1666357040;0.0;0.0;0.0
1666357100;0.0;0.0;0.0
1666357160;0.0;0.0;0.0
1666357220;0.0;0.0;0.0
1666357280;0.0;0.0;0.0
1666357340;0.0;0.0;0.0
1666357400;0.0;0.0;0.0
1666357460;0.0;0.0;0.0
1666357520;0.0;0.0;0.0
1666357580;0.0;0.0;0.0
1666357640;0.0;0.0;0.0
1666357700;0.0;0.0;0.0
1666357760;0.0;0.0;0.0
1666357820;0.0;0.0;0.0
1666357880;0.0;0.0;0.0
1666357940;0.0;0.0;0.0
1666358000;0.0;0.0;0.0
1666358060;0.0;0.0;0.0
1666358120;0.0;0.0;0.0
1666358180;0.0;0.0;0.0
1666358240;0.0;0.0;0.0
1666358300;0.0;0.0;0.0
1666358360;0.0;0.0;0.0
1666358420;0.0;0.0;0.0
1666358480;0.0;0.0;0.0
1666358540;0.0;0.0;0.0
1666358600;0.0;0.0;0.0
1666358660;0.0;0.0;0.0
1666358720;0.0;0.0;0.0
1666358780;0.0;0.0;0.0
1666358840;0.0;0.0;0.0
1666358900;0.0;0.0;0.0
1666358960;0.0;0.0;0.0
1666359020;0.0;0.0;0.0
1666359080;0.0;0.0;0.0
1666359140;0.0;0.0;0.0
1666359200;0.0;0.0;0.0
1666359260;0.0;0.0;0.0
1666359320;0.0;0.0;0.0
1666359380;0.0;0.0;0.0
1666359440;0.0;0.0;0.0
1666359500;0.0;0.0;0.0
1666359560;0.0;0.0;0.0
1666359620;0.0;0.0;0.0
1666359680;0.0;0.0;0.0
1666359740;0.0;0.0;0.0
1666359800;0.0;0.0;0.0
1666359860;0.0;0.0;0.0
1666359920;0.0;0.0;0.0
1666359980;0.0;0.0;0.0
1666360040;0.0;0.0;0.0
1666360100;0.0;0.0;0.0
1666360160;0.0;0.0;0.0
1666360220;0.0;0.0;0.0
1666360280;0.0;0.0;0.0
1666360340;0.0;0.0;0.0
1666360400;0.0;0.0;0.0
1666360460;0.0;0.0;0.0
1666360520;0.0;0.0;0.0
1666360580;0.0;0.0;0.0
1666360640;0.0;0.0;0.0
1666360700;0.0;0.0;0.0
1666360760;0.0;0.0;0.0
1666360820;0.0;0.0;0.0
1666360880;0.0;0.0;0.0
1666360940;0.0;0.0;0.0
1666361000;0.0;0.0;0.0
1666361060;0.0;0.0;0.0
1666361120;0.0;0.0;0.0
1666361180;0.0;0.0;0.0
1666361240;0.0;0.0;0.0
1666361300;0.0;0.0;0.0
1666361360;0.0;0.0;0.0
1666361420;0.0;0.0;0.0
1666361480;0.0;0.0;0.0
1666361540;0.0;0.0;0.0
1666361600;0.0;0.0;0.0
1666361660;0.0;0.0;0.0
1666361720;0.0;0.0;0.0
1666361780;0.0;0.0;0.0
1666361840;0.0;0.0;0.0
1666361900;0.0;0.0;0.0
1666361960;0.0;0.0;0.0
1666362020;0.0;0.0;0.0
1666362080;0.0;0.0;0.0
1666362140;0.0;0.0;0.0
1666362200;0.0;0.0;0.0
1666362260;0.0;0.0;0.0
1666362320;0.0;0.0;0.0
1666362380;0.0;0.0;0.0
1666362440;0.0;0.0;0.0
1666362500;0.0;0.0;0.0
1666362560;0.0;0.0;0.0
1666362620;0.0;0.0;0.0
1666362680;0.0;0.0;0.0
1666362740;0.0;0.0;0.0
1666362800;0.0;0.0;0.0
1666362860;0.0;0.0;0.0
1666362920;0.0;0.0;0.0
1666362980;0.0;0.0;0.0
1666363040;0.0;0.0;0.0
1666363100;0.0;0.0;0.0
1666363160;0.0;0.0;0.0
1666363220;0.0;0.0;0.0
1666363280;0.0;0.0;0.0
1666363340;0.0;0.0;0.0
1666363400;0.0;0.0;0.0
1666363460;0.0;0.0;0.0
1666363520;0.0;0.0;0.0
1666363580;0.0;0.0;0.0
1666363640;0.0;0.0;0.0
1666363700;0.0;0.0;0.0
1666363760;0.0;0.0;0.0
1666363820;0.0;0.0;0.0
1666363880;0.0;0.0;0.0
1666363940;0.0;0.0;0.0
1666364000;0.0;0.0;0.0
1666364060;0.0;0.0;0.0
1666364120;0.0;0.0;0.0
1666364180;0.0;0.0;0.0
1666364240;0.0;0.0;0.0
1666364300;0.0;0.0;0.0
1666364360;0.0;0.0;0.0
1666364420;0.0;0.0;0.0
1666364480;0.0;0.0;0.0
1666364540;0.0;0.0;0.0
1666364600;0.0;0.0;0.0
1666364660;0.0;0.0;0.0
1666364720;0.0;0.0;0.0
1666364780;0.0;0.0;0.0
1666364840;0.0;0.0;0.0
1666364900;0.0;0.0;0.0
1666364960;0.0;0.0;0.0
1666365020;0.0;0.0;0.0
1666365080;0.0;0.0;0.0
1666365140;0.0;0.0;0.0
1666365200;0.0;0.0;0.0
1666365260;0.0;0.0;0.0
1666365320;0.0;0.0;0.0
1666365380;0.0;0.0;0.0
1666365440;0.0;0.0;0.0
1666365500;0.0;0.0;0.0
1666365560;0.0;0.0;0.0
1666365620;0.0;0.0;0.0
1666365680;0.0;0.0;0.0
1666365740;0.0;0.0;0.0
1666365800;0.0;0.0;0.0
1666365860;0.0;0.0;0.0
1666365920;0.0;0.0;0.0
1666365980;0.0;0.0;0.0
1666366040;0.0;0.0;0.0
1666366100;0.0;0.0;0.0
1666366160;0.0;0.0;0.0
1666366220;0.0;0.0;0.0
1666366280;0.0;0.0;0.0
1666366340;0.0;0.0;0.0
1666366400;0.0;0.0;0.0
1666366460;0.0;0.0;0.0
1666366520;0.0;0.0;0.0
1666366580;0.0;0.0;0.0
1666366640;0.0;0.0;0.0
1666366700;0.0;0.0;0.0
1666366760;0.0;0.0;0.0
1666366820;0.0;0.0;0.0
1666366880;0.0;0.0;0.0
1666366940;0.0;0.0;0.0
1666367000;0.0;0.0;0.0
1666367060;0.0;0.0;0.0
1666367120;0.0;0.0;0.0
1666367180;0.0;0.0;0.0
1666367240;0.0;0.0;0.0
1666367300;0.0;0.0;0.0
1666367360;0.0;0.0;0.0
1666367420;0.0;0.0;0.0
1666367480;0.0;0.0;0.0
1666367540;0.0;0.0;0.0
1666367600;0.0;0.0;0.0
1666367660;0.0;0.0;0.0
1666367720;0.0;0.0;0.0
1666367780;0.0;0.0;0.0
1666367840;0.0;0.0;0.0
1666367900;0.0;0.0;0.0
1666367960;0.0;0.0;0.0
1666368020;0.0;0.0;0.0
1666368080;0.0;0.0;0.0
1666368140;0.0;0.0;0.0
1666368200;0.0;0.0;0.0
1666368260;0.0;0.0;0.0
1666368320;0.0;0.0;0.0
1666368380;0.0;0.0;0.0
1666368440;0.0;0.0;0.0
1666368500;0.0;0.0;0.0
1666368560;0.0;0.0;0.0
1666368620;0.0;0.0;0.0
1666368680;0.0;0.0;0.0
1666368740;0.0;0.0;0.0
1666368800;0.0;0.0;0.0
1666368860;0.0;0.0;0.0
1666368920;0.0;0.0;0.0
1666368980;0.0;0.0;0.0
1666369040;0.0;0.0;0.0
1666369100;0.0;0.0;0.0
1666369160;0.0;0.0;0.0
1666369220;0.0;0.0;0.0
1666369280;0.0;0.0;0.0
1666369340;0.0;0.0;0.0
1666369400;0.0;0.0;0.0
1666369460;0.0;0.0;0.0
1666369520;0.0;0.0;0.0
1666369580;0.0;0.0;0.0
1666369640;0.0;0.0;0.0
1666369700;0.0;0.0;0.0
1666369760;0.0;0.0;0.0
1666369820;0.0;0.0;0.0
1666369880;0.0;0.0;0.0
1666369940;0.0;0.0;0.0
1666370000;0.0;0.0;0.0
1666370060;0.0;0.0;0.0
1666370120;0.0;0.0;0.0
1666370180;0.0;0.0;0.0
1666370240;0.0;0.0;0.0
1666370300;0.0;0.0;0.0
1666370360;0.0;0.0;0.0
1666370420;0.0;0.0;0.0
1666370480;0.0;0.0;0.0
1666370540;0.0;0.0;0.0
1666370600;0.0;0.0;0.0
1666370660;0.0;0.0;0.0
1666370720;0.0;0.0;0.0
1666370780;0.0;0.0;0.0
1666370840;0.0;0.0;0.0
1666370900;0.0;0.0;0.0
1666370960;0.0;0.0;0.0
1666371020;0.0;0.0;0.0
1666371080;0.0;0.0;0.0
1666371140;0.0;0.0;0.0
1666371200;0.0;0.0;0.0
1666371260;0.0;0.0;0.0
1666371320;0.0;0.0;0.0
1666371380;0.0;0.0;0.0
1666371440;0.0;0.0;0.0
1666371500;0.0;0.0;0.0
1666371560;0.0;0.0;0.0
1666371620;0.0;0.0;0.0
1666371680;0.0;0.0;0.0
1666371740;0.0;0.0;0.0
1666371800;0.0;0.0;0.0
1666371860;0.0;0.0;0.0
1666371920;0.0;0.0;0.0
1666371980;0.0;0.0;0.0
1666372040;0.0;0.0;0.0
1666372100;0.0;0.0;0.0
1666372160;0.0;0.0;0.0
1666372220;0.0;0.0;0.0
1666372280;0.0;0.0;0.0
1666372340;0.0;0.0;0.0
1666372400;0.0;0.0;0.0
1666372460;0.0;0.0;0.0
1666372520;0.0;0.0;0.0
1666372580;0.0;0.0;0.0
1666372640;0.0;0.0;0.0
1666372700;0.0;0.0;0.0
1666372760;0.0;0.0;0.0
1666372820;0.0;0.0;0.0
1666372880;0.0;0.0;0.0
1666372940;0.0;0.0;0.0
1666373000;0.0;0.0;0.0
1666373060;0.0;0.0;0.0
1666373120;0.0;0.0;0.0
1666373180;0.0;0.0;0.0
1666373240;0.0;0.0;0.0
1666373300;0.0;0.0;0.0
1666373360;0.0;0.0;0.0
1666373420;0.0;0.0;0.0
1666373480;0.0;0.0;0.0
1666373540;0.0;0.0;0.0
1666373600;0.0;0.0;0.0
1666373660;0.0;0.0;0.0
1666373720;0.0;0.0;0.0
1666373780;0.0;0.0;0.0
1666373840;0.0;0.0;0.0
1666373900;0.0;0.0;0.0
1666373960;0.0;0.0;0.0
1666374020;0.0;0.0;0.0
1666374080;0.0;0.0;0.0
1666374140;0.0;0.0;0.0
1666374200;0.0;0.0;0.0
1666374260;0.0;0.0;0.0
1666374320;0.0;0.0;0.0
1666374380;0.0;0.0;0.0
1666374440;0.0;0.0;0.0
1666374500;0.0;0.0;0.0
1666374560;0.0;0.0;0.0
1666374620;0.0;0.0;0.0
1666374680;0.0;0.0;0.0
1666374740;0.0;0.0;0.0
1666374800;0.0;0.0;0.0
1666374860;0.0;0.0;0.0
1666374920;0.0;0.0;0.0
1666374980;0.0;0.0;0.0
1666375040;0.0;0.0;0.0
1666375100;0.0;0.0;0.0
1666375160;0.0;0.0;0.0
1666375220;0.0;0.0;0.0
1666375280;0.0;0.0;0.0
1666375340;0.0;0.0;0.0
1666375400;0.0;0.0;0.0
1666375460;0.0;0.0;0.0
1666375520;0.0;0.0;0.0
1666375580;0.0;0.0;0.0
1666375640;0.0;0.0;0.0
1666375700;0.0;0.0;0.0
1666375760;0.0;0.0;0.0
1666375820;0.0;0.0;0.0
1666375880;0.0;0.0;0.0
1666375940;0.0;0.0;0.0
1666376000;0.0;0.0;0.0
1666376060;0.0;0.0;0.0
1666376120;0.0;0.0;0.0
1666376180;0.0;0.0;0.0
1666376240;0.0;0.0;0.0
1666376300;0.0;0.0;0.0
1666376360;0.0;0.0;0.0
1666376420;0.0;0.0;0.0
1666376480;0.0;0.0;0.0
1666376540;0.0;0.0;0.0
1666376600;0.0;0.0;0.0
1666376660;0.0;0.0;0.0
1666376720;0.0;0.0;0.0
1666376780;0.0;0.0;0.0
1666376840;0.0;0.0;0.0
1666376900;0.0;0.0;0.0
1666376960;0.0;0.0;0.0
1666377020;0.0;0.0;0.0
1666377080;0.0;0.0;0.0
1666377140;0.0;0.0;0.0
1666377200;0.0;0.0;0.0
1666377260;0.0;0.0;0.0
1666377320;0.0;0.0;0.0
1666377380;0.0;0.0;0.0
1666377440;0.0;0.0;0.0
1666377500;0.0;0.0;0.0
1666377560;0.0;0.0;0.0
1666377620;0.0;0.0;0.0
1666377680;0.0;0.0;0.0
1666377740;0.0;0.0;0.0
1666377800;0.0;0.0;0.0
1666377860;0.0;0.0;0.0
1666377920;0.0;0.0;0.0
1666377980;0.0;0.0;0.0
1666378040;0.0;0.0;0.0
1666378100;0.0;0.0;0.0
1666378160;0.0;0.0;0.0
1666378220;0.0;0.0;0.0
1666378280;0.0;0.0;0.0
1666378340;0.0;0.0;0.0
1666378400;0.0;0.0;0.0
1666378460;0.0;0.0;0.0
1666378520;0.0;0.0;0.0
1666378580;0.0;0.0;0.0
1666378640;0.0;0.0;0.0
1666378700;0.0;0.0;0.0
1666378760;0.0;0.0;0.0
1666378820;0.0;0.0;0.0
1666378880;0.0;0.0;0.0
1666378940;0.0;0.0;0.0
1666379000;0.0;0.0;0.0
1666379060;0.0;0.0;0.0
1666379120;0.0;0.0;0.0
1666379180;0.0;0.0;0.0
1666379240;0.0;0.0;0.0
1666379300;0.0;0.0;0.0
1666379360;0.0;0.0;0.0
1666379420;0.0;0.0;0.0
1666379480;0.0;0.0;0.0
1666379540;0.0;0.0;0.0
1666379600;0.0;0.0;0.0
1666379660;0.0;0.0;0.0
1666379720;0.0;0.0;0.0
1666379780;0.0;0.0;0.0
1666379840;0.0;0.0;0.0
1666379900;0.0;0.0;0.0
1666379960;0.0;0.0;0.0
1666380020;0.0;0.0;0.0
1666380080;0.0;0.0;0.0
1666380140;0.0;0.0;0.0
1666380200;0.0;0.0;0.0
1666380260;0.0;0.0;0.0
1666380320;0.0;0.0;0.0
1666380380;0.0;0.0;0.0
1666380440;0.0;0.0;0.0
1666380500;0.0;0.0;0.0
1666380560;0.0;0.0;0.0
1666380620;0.0;0.0;0.0
1666380680;0.0;0.0;0.0
1666380740;0.0;0.0;0.0
1666380800;0.0;0.0;0.0
1666380860;0.0;0.0;0.0
1666380920;0.0;0.0;0.0
1666380980;0.0;0.0;0.0
1666381040;0.0;0.0;0.0
1666381100;0.0;0.0;0.0
1666381160;0.0;0.0;0.0
1666381220;0.0;0.0;0.0
1666381280;0.0;0.0;0.0
1666381340;0.0;0.0;0.0
1666381400;0.0;0.0;0.0
1666381460;0.0;0.0;0.0
1666381520;0.0;0.0;0.0
1666381580;0.0;0.0;0.0
1666381640;0.0;0.0;0.0
1666381700;0.0;0.0;0.0
1666381760;0.0;0.0;0.0
1666381820;0.0;0.0;0.0
1666381880;0.0;0.0;0.0
1666381940;0.0;0.0;0.0
1666382000;0.0;0.0;0.0
1666382060;0.0;0.0;0.0
1666382120;0.0;0.0;0.0
1666382180;0.0;0.0;0.0
1666382240;0.0;0.0;0.0
1666382300;0.0;0.0;0.0
1666382360;0.0;0.0;0.0
1666382420;0.0;0.0;0.0
1666382480;0.0;0.0;0.0
1666382540;0.0;0.0;0.0
1666382600;0.0;0.0;0.0
1666382660;0.0;0.0;0.0
1666382720;0.0;0.0;0.0
1666382780;0.0;0.0;0.0
1666382840;0.0;0.0;0.0
1666382900;0.0;0.0;0.0
1666382960;0.0;0.0;0.0
1666383020;0.0;0.0;0.0
1666383080;0.0;0.0;0.0
1666383140;0.0;0.0;0.0
1666383200;0.0;0.0;0.0
1666383260;0.0;0.0;0.0
1666383320;0.0;0.0;0.0
1666383380;0.0;0.0;0.0
1666383440;0.0;0.0;0.0
1666383500;0.0;0.0;0.0
1666383560;0.0;0.0;0.0
1666383620;0.0;0.0;0.0
1666383680;0.0;0.0;0.0
1666383740;0.0;0.0;0.0
1666383800;0.0;0.0;0.0
1666383860;0.0;0.0;0.0
1666383920;0.0;0.0;0.0
1666383980;0.0;0.0;0.0
1666384040;0.0;0.0;0.0
1666384100;0.0;0.0;0.0
1666384160;0.0;0.0;0.0
1666384220;0.0;0.0;0.0
1666384280;0.0;0.0;0.0
1666384340;0.0;0.0;0.0
1666384400;0.0;0.0;0.0
1666384460;0.0;0.0;0.0
1666384520;0.0;0.0;0.0
1666384580;0.0;0.0;0.0
1666384640;0.0;0.0;0.0
1666384700;0.0;0.0;0.0
1666384760;0.0;0.0;0.0
1666384820;0.0;0.0;0.0
1666384880;0.0;0.0;0.0
1666384940;0.0;0.0;0.0
1666385000;0.0;0.0;0.0
1666385060;0.0;0.0;0.0
1666385120;0.0;0.0;0.0
1666385180;0.0;0.0;0.0
1666385240;0.0;0.0;0.0
1666385300;0.0;0.0;0.0
1666385360;0.0;0.0;0.0
1666385420;0.0;0.0;0.0
1666385480;0.0;0.0;0.0
1666385540;0.0;0.0;0.0
1666385600;0.0;0.0;0.0
1666385660;0.0;0.0;0.0
1666385720;0.0;0.0;0.0
1666385780;0.0;0.0;0.0
1666385840;0.0;0.0;0.0
1666385900;0.0;0.0;0.0
1666385960;0.0;0.0;0.0
1666386020;0.0;0.0;0.0
1666386080;0.0;0.0;0.0
1666386140;0.0;0.0;0.0
1666386200;0.0;0.0;0.0
1666386260;0.0;0.0;0.0
1666386320;0.0;0.0;0.0
1666386380;0.0;0.0;0.0
1666386440;0.0;0.0;0.0
1666386500;0.0;0.0;0.0
1666386560;0.0;0.0;0.0
1666386620;0.0;0.0;0.0
1666386680;0.0;0.0;0.0
1666386740;0.0;0.0;0.0
1666386800;0.0;0.0;0.0
1666386860;0.0;0.0;0.0
1666386920;0.0;0.0;0.0
1666386980;0.0;0.0;0.0
1666387040;0.0;0.0;0.0
1666387100;0.0;0.0;0.0
1666387160;0.0;0.0;0.0
1666387220;0.0;0.0;0.0
1666387280;0.0;0.0;0.0
1666387340;0.0;0.0;0.0
1666387400;0.0;0.0;0.0
1666387460;0.0;0.0;0.0
1666387520;0.0;0.0;0.0
1666387580;0.0;0.0;0.0
1666387640;0.0;0.0;0.0
1666387700;0.0;0.0;0.0
1666387760;0.0;0.0;0.0
1666387820;0.0;0.0;0.0
1666387880;0.0;0.0;0.0
1666387940;0.0;0.0;0.0
1666388000;0.0;0.0;0.0
1666388060;0.0;0.0;0.0
1666388120;0.0;0.0;0.0
1666388180;0.0;0.0;0.0
1666388240;0.0;0.0;0.0
1666388300;0.0;0.0;0.0
1666388360;0.0;0.0;0.0
1666388420;0.0;0.0;0.0
1666388480;0.0;0.0;0.0
1666388540;0.0;0.0;0.0
1666388600;0.0;0.0;0.0
1666388660;0.0;0.0;0.0
1666388720;0.0;0.0;0.0
1666388780;0.0;0.0;0.0
1666388840;0.0;0.0;0.0
1666388900;0.0;0.0;0.0
1666388960;0.0;0.0;0.0
1666389020;0.0;0.0;0.0
1666389080;0.0;0.0;0.0
1666389140;0.0;0.0;0.0
1666389200;0.0;0.0;0.0
1666389260;0.0;0.0;0.0
1666389320;0.0;0.0;0.0
1666389380;0.0;0.0;0.0
1666389440;0.0;0.0;0.0
1666389500;0.0;0.0;0.0
1666389560;0.0;0.0;0.0
1666389620;0.0;0.0;0.0
1666389680;0.0;0.0;0.0
1666389740;0.0;0.0;0.0
1666389800;0.0;0.0;0.0
1666389860;0.0;0.0;0.0
1666389920;0.0;0.0;0.0
1666389980;0.0;0.0;0.0
1666390040;0.0;0.0;0.0
1666390100;0.0;0.0;0.0
1666390160;0.0;0.0;0.0
1666390220;0.0;0.0;0.0
1666390280;0.0;0.0;0.0
1666390340;0.0;0.0;0.0
1666390400;0.0;0.0;0.0
1666390460;0.0;0.0;0.0
1666390520;0.0;0.0;0.0
1666390580;0.0;0.0;0.0
1666390640;0.0;0.0;0.0
1666390700;0.0;0.0;0.0
1666390760;0.0;0.0;0.0
1666390820;0.0;0.0;0.0
1666390880;0.0;0.0;0.0
1666390940;0.0;0.0;0.0
1666391000;0.0;0.0;0.0
1666391060;0.0;0.0;0.0
1666391120;0.0;0.0;0.0
1666391180;0.0;0.0;0.0
1666391240;0.0;0.0;0.0
1666391300;0.0;0.0;0.0
1666391360;0.0;0.0;0.0
1666391420;0.0;0.0;0.0
1666391480;0.0;0.0;0.0
1666391540;0.0;0.0;0.0
1666391600;0.0;0.0;0.0
1666391660;0.0;0.0;0.0
1666391720;0.0;0.0;0.0
1666391780;0.0;0.0;0.0
1666391840;0.0;0.0;0.0
1666391900;0.0;0.0;0.0
1666391960;0.0;0.0;0.0
1666392020;0.0;0.0;0.0
1666392080;0.0;0.0;0.0
1666392140;0.0;0.0;0.0
1666392200;0.0;0.0;0.0
1666392260;0.0;0.0;0.0
1666392320;0.0;0.0;0.0
1666392380;0.0;0.0;0.0
1666392440;0.0;0.0;0.0
1666392500;0.0;0.0;0.0
1666392560;0.0;0.0;0.0
1666392620;0.0;0.0;0.0
1666392680;0.0;0.0;0.0
1666392740;0.0;0.0;0.0
1666392800;0.0;0.0;0.0
1666392860;0.0;0.0;0.0
1666392920;0.0;0.0;0.0
1666392980;0.0;0.0;0.0
1666393040;0.0;0.0;0.0
1666393100;0.0;0.0;0.0
1666393160;0.0;0.0;0.0
1666393220;0.0;0.0;0.0
1666393280;0.0;0.0;0.0
1666393340;0.0;0.0;0.0
1666393400;0.0;0.0;0.0
1666393460;0.0;0.0;0.0
1666393520;0.0;0.0;0.0
1666393580;0.0;0.0;0.0
1666393640;0.0;0.0;0.0
1666393700;0.0;0.0;0.0
1666393760;0.0;0.0;0.0
1666393820;0.0;0.0;0.0
1666393880;0.0;0.0;0.0
1666393940;0.0;0.0;0.0
1666394000;0.0;0.0;0.0
1666394060;0.0;0.0;0.0
1666394120;0.0;0.0;0.0
1666394180;0.0;0.0;0.0
1666394240;0.0;0.0;0.0
1666394300;0.0;0.0;0.0
1666394360;0.0;0.0;0.0
1666394420;0.0;0.0;0.0
1666394480;0.0;0.0;0.0
1666394540;0.0;0.0;0.0
1666394600;0.0;0.0;0.0
1666394660;0.0;0.0;0.0
1666394720;0.0;0.0;0.0
1666394780;0.0;0.0;0.0
1666394840;0.0;0.0;0.0
1666394900;0.0;0.0;0.0
1666394960;0.0;0.0;0.0
1666395020;0.0;0.0;0.0
1666395080;0.0;0.0;0.0
1666395140;0.0;0.0;0.0
1666395200;0.0;0.0;0.0
1666395260;0.0;0.0;0.0
1666395320;0.0;0.0;0.0
1666395380;0.0;0.0;0.0
1666395440;0.0;0.0;0.0
1666395500;0.0;0.0;0.0
1666395560;0.0;0.0;0.0
1666395620;0.0;0.0;0.0
1666395680;0.0;0.0;0.0
1666395740;0.0;0.0;0.0
1666395800;0.0;0.0;0.0
1666395860;0.0;0.0;0.0
1666395920;0.0;0.0;0.0
1666395980;0.0;0.0;0.0
1666396040;0.0;0.0;0.0
1666396100;0.0;0.0;0.0
1666396160;0.0;0.0;0.0
1666396220;0.0;0.0;0.0
1666396280;0.0;0.0;0.0
1666396340;0.0;0.0;0.0
1666396400;0.0;0.0;0.0
1666396460;0.0;0.0;0.0
1666396520;0.0;0.0;0.0
1666396580;0.0;0.0;0.0
1666396640;0.0;0.0;0.0
1666396700;0.0;0.0;0.0
1666396760;0.0;0.0;0.0
1666396820;0.0;0.0;0.0
1666396880;0.0;0.0;0.0
1666396940;0.0;0.0;0.0
1666397000;0.0;0.0;0.0
1666397060;0.0;0.0;0.0
1666397120;0.0;0.0;0.0
1666397180;0.0;0.0;0.0
1666397240;0.0;0.0;0.0
1666397300;0.0;0.0;0.0
1666397360;0.0;0.0;0.0
1666397420;0.0;0.0;0.0
1666397480;0.0;0.0;0.0
1666397540;0.0;0.0;0.0
1666397600;0.0;0.0;0.0
1666397660;0.0;0.0;0.0
1666397720;0.0;0.0;0.0
1666397780;0.0;0.0;0.0
1666397840;0.0;0.0;0.0
1666397900;0.0;0.0;0.0
1666397960;0.0;0.0;0.0
1666398020;0.0;0.0;0.0
1666398080;0.0;0.0;0.0
1666398140;0.0;0.0;0.0
1666398200;0.0;0.0;0.0
1666398260;0.0;0.0;0.0
1666398320;0.0;0.0;0.0
1666398380;0.0;0.0;0.0
1666398440;0.0;0.0;0.0
1666398500;0.0;0.0;0.0
1666398560;0.0;0.0;0.0
1666398620;0.0;0.0;0.0
1666398680;0.0;0.0;0.0
1666398740;0.0;0.0;0.0
1666398800;0.0;0.0;0.0
1666398860;0.0;0.0;0.0
1666398920;0.0;0.0;0.0
1666398980;0.0;0.0;0.0
1666399040;0.0;0.0;0.0
1666399100;0.0;0.0;0.0
1666399160;0.0;0.0;0.0
1666399220;0.0;0.0;0.0
1666399280;0.0;0.0;0.0
1666399340;0.0;0.0;0.0
1666399400;0.0;0.0;0.0
1666399460;0.0;0.0;0.0
1666399520;0.0;0.0;0.0
1666399580;0.0;0.0;0.0
1666399640;0.0;0.0;0.0
1666399700;0.0;0.0;0.0
1666399760;0.0;0.0;0.0
1666399820;0.0;0.0;0.0
1666399880;0.0;0.0;0.0
1666399940;0.0;0.0;0.0
1666400000;0.0;0.0;0.0
1666400060;0.0;0.0;0.0
1666400120;0.0;0.0;0.0
1666400180;0.0;0.0;0.0
1666400240;0.0;0.0;0.0
1666400300;0.0;0.0;0.0
1666400360;0.0;0.0;0.0
1666400420;0.0;0.0;0.0
1666400480;0.0;0.0;0.0
1666400540;0.0;0.0;0.0
1666400600;0.0;0.0;0.0
1666400660;0.0;0.0;0.0
1666400720;0.0;0.0;0.0
1666400780;0.0;0.0;0.0
1666400840;0.0;0.0;0.0
1666400900;0.0;0.0;0.0
1666400960;0.0;0.0;0.0
1666401020;0.0;0.0;0.0
1666401080;0.0;0.0;0.0
1666401140;0.0;0.0;0.0
1666401200;0.0;0.0;0.0
1666401260;0.0;0.0;0.0
1666401320;0.0;0.0;0.0
1666401380;0.0;0.0;0.0
1666401440;0.0;0.0;0.0
1666401500;0.0;0.0;0.0
1666401560;0.0;0.0;0.0
1666401620;0.0;0.0;0.0
1666401680;0.0;0.0;0.0
1666401740;0.0;0.0;0.0
1666401800;0.0;0.0;0.0
1666401860;0.0;0.0;0.0
1666401920;0.0;0.0;0.0
1666401980;0.0;0.0;0.0
1666402040;0.0;0.0;0.0
1666402100;0.0;0.0;0.0
1666402160;0.0;0.0;0.0
1666402220;0.0;0.0;0.0
1666402280;0.0;0.0;0.0
1666402340;0.0;0.0;0.0
1666402400;0.0;0.0;0.0
1666402460;0.0;0.0;0.0
1666402520;0.0;0.0;0.0
1666402580;0.0;0.0;0.0
1666402640;0.0;0.0;0.0
1666402700;0.0;0.0;0.0
1666402760;0.0;0.0;0.0
1666402820;0.0;0.0;0.0
1666402880;0.0;0.0;0.0
1666402940;0.0;0.0;0.0
1666403000;0.0;0.0;0.0
1666403060;0.0;0.0;0.0
1666403120;0.0;0.0;0.0
1666403180;0.0;0.0;0.0
1666403240;0.0;0.0;0.0
1666403300;0.0;0.0;0.0
1666403360;0.0;0.0;0.0
1666403420;0.0;0.0;0.0
1666403480;0.0;0.0;0.0
1666403540;0.0;0.0;0.0
1666403600;0.0;0.0;0.0
1666403660;0.0;0.0;0.0
1666403720;0.0;0.0;0.0
1666403780;0.0;0.0;0.0
1666403840;0.0;0.0;0.0
1666403900;0.0;0.0;0.0
1666403960;0.0;0.0;0.0
1666404020;0.0;0.0;0.0
1666404080;0.0;0.0;0.0
1666404140;0.0;0.0;0.0
1666404200;0.0;0.0;0.0
1666404260;0.0;0.0;0.0
1666404320;0.0;0.0;0.0
1666404380;0.0;0.0;0.0
1666404440;0.0;0.0;0.0
1666404500;0.0;0.0;0.0
1666404560;0.0;0.0;0.0
1666404620;0.0;0.0;0.0
1666404680;0.0;0.0;0.0
1666404740;0.0;0.0;0.0
1666404800;0.0;0.0;0.0
1666404860;0.0;0.0;0.0
1666404920;0.0;0.0;0.0
1666404980;0.0;0.0;0.0
1666405040;0.0;0.0;0.0
1666405100;0.0;0.0;0.0
1666405160;0.0;0.0;0.0
1666405220;0.0;0.0;0.0
1666405280;0.0;0.0;0.0
1666405340;0.0;0.0;0.0
1666405400;0.0;0.0;0.0
1666405460;0.0;0.0;0.0
1666405520;0.0;0.0;0.0
1666405580;0.0;0.0;0.0
1666405640;0.0;0.0;0.0
1666405700;0.0;0.0;0.0
1666405760;0.0;0.0;0.0
1666405820;0.0;0.0;0.0
1666405880;0.0;0.0;0.0
1666405940;0.0;0.0;0.0
1666406000;0.0;0.0;0.0
1666406060;0.0;0.0;0.0
1666406120;0.0;0.0;0.0
1666406180;0.0;0.0;0.0
1666406240;0.0;0.0;0.0
1666406300;0.0;0.0;0.0
1666406360;0.0;0.0;0.0
1666406420;0.0;0.0;0.0
1666406480;0.0;0.0;0.0
1666406540;0.0;0.0;0.0
1666406600;0.0;0.0;0.0
1666406660;0.0;0.0;0.0
1666406720;0.0;0.0;0.0
1666406780;0.0;0.0;0.0
1666406840;0.0;0.0;0.0
1666406900;0.0;0.0;0.0
1666406960;0.0;0.0;0.0
1666407020;0.0;0.0;0.0
1666407080;0.0;0.0;0.0
1666407140;0.0;0.0;0.0
1666407200;0.0;0.0;0.0
1666407260;0.0;0.0;0.0
1666407320;0.0;0.0;0.0
1666407380;0.0;0.0;0.0
1666407440;0.0;0.0;0.0
1666407500;0.0;0.0;0.0
1666407560;0.0;0.0;0.0
1666407620;0.0;0.0;0.0
1666407680;0.0;0.0;0.0
1666407740;0.0;0.0;0.0
1666407800;0.0;0.0;0.0
1666407860;0.0;0.0;0.0
1666407920;0.0;0.0;0.0
1666407980;0.0;0.0;0.0
1666408040;0.0;0.0;0.0
1666408100;0.0;0.0;0.0
1666408160;0.0;0.0;0.0
1666408220;0.0;0.0;0.0
1666408280;0.0;0.0;0.0
1666408340;0.0;0.0;0.0
1666408400;0.0;0.0;0.0
1666408460;0.0;0.0;0.0
1666408520;0.0;0.0;0.0
1666408580;0.0;0.0;0.0
1666408640;0.0;0.0;0.0
1666408700;0.0;0.0;0.0
1666408760;0.0;0.0;0.0
1666408820;0.0;0.0;0.0
1666408880;0.0;0.0;0.0
1666408940;0.0;0.0;0.0
1666409000;0.0;0.0;0.0
1666409060;0.0;0.0;0.0
1666409120;0.0;0.0;0.0
1666409180;0.0;0.0;0.0
1666409240;0.0;0.0;0.0
1666409300;0.0;0.0;0.0
1666409360;0.0;0.0;0.0
1666409420;0.0;0.0;0.0
1666409480;0.0;0.0;0.0
1666409540;0.0;0.0;0.0
1666409600;0.0;0.0;0.0
1666409660;0.0;0.0;0.0
1666409720;0.0;0.0;0.0
1666409780;0.0;0.0;0.0
1666409840;0.0;0.0;0.0
1666409900;0.0;0.0;0.0
1666409960;0.0;0.0;0.0
1666410020;0.0;0.0;0.0
1666410080;0.0;0.0;0.0
1666410140;0.0;0.0;0.0
1666410200;0.0;0.0;0.0
1666410260;0.0;0.0;0.0
1666410320;0.0;0.0;0.0
1666410380;0.0;0.0;0.0
1666410440;0.0;0.0;0.0
1666410500;0.0;0.0;0.0
1666410560;0.0;0.0;0.0
1666410620;0.0;0.0;0.0
1666410680;0.0;0.0;0.0
1666410740;0.0;0.0;0.0
1666410800;0.0;0.0;0.0
1666410860;0.0;0.0;0.0
1666410920;0.0;0.0;0.0
1666410980;0.0;0.0;0.0
1666411040;0.0;0.0;0.0
1666411100;0.0;0.0;0.0
1666411160;0.0;0.0;0.0
1666411220;0.0;0.0;0.0
1666411280;0.0;0.0;0.0
1666411340;0.0;0.0;0.0
1666411400;0.0;0.0;0.0
1666411460;0.0;0.0;0.0
1666411520;0.0;0.0;0.0
1666411580;0.0;0.0;0.0
1666411640;0.0;0.0;0.0
1666411700;0.0;0.0;0.0
1666411760;0.0;0.0;0.0
1666411820;0.0;0.0;0.0
1666411880;0.0;0.0;0.0
1666411940;0.0;0.0;0.0
1666412000;0.0;0.0;0.0
1666412060;0.0;0.0;0.0
1666412120;0.0;0.0;0.0
1666412180;0.0;0.0;0.0
1666412240;0.0;0.0;0.0
1666412300;0.0;0.0;0.0
1666412360;0.0;0.0;0.0
1666412420;0.0;0.0;0.0
1666412480;0.0;0.0;0.0
1666412540;0.0;0.0;0.0
1666412600;0.0;0.0;0.0
1666412660;0.0;0.0;0.0
1666412720;0.0;0.0;0.0
1666412780;0.0;0.0;0.0
1666412840;0.0;0.0;0.0
1666412900;0.0;0.0;0.0
1666412960;0.0;0.0;0.0
1666413020;0.0;0.0;0.0
1666413080;0.0;0.0;0.0
1666413140;0.0;0.0;0.0
1666413200;0.0;0.0;0.0
1666413260;0.0;0.0;0.0
1666413320;0.0;0.0;0.0
1666413380;0.0;0.0;0.0
1666413440;0.0;0.0;0.0
1666413500;0.0;0.0;0.0
1666413560;0.0;0.0;0.0
1666413620;0.0;0.0;0.0
1666413680;0.0;0.0;0.0
1666413740;0.0;0.0;0.0
1666413800;0.0;0.0;0.0
1666413860;0.0;0.0;0.0
1666413920;0.0;0.0;0.0
1666413980;0.0;0.0;0.0
1666414040;0.0;0.0;0.0
1666414100;0.0;0.0;0.0
1666414160;0.0;0.0;0.0
1666414220;0.0;0.0;0.0
1666414280;0.0;0.0;0.0
1666414340;0.0;0.0;0.0
1666414400;0.0;0.0;0.0
1666414460;0.0;0.0;0.0
1666414520;0.0;0.0;0.0
1666414580;0.0;0.0;0.0
1666414640;0.0;0.0;0.0
1666414700;0.0;0.0;0.0
1666414760;0.0;0.0;0.0
1666414820;0.0;0.0;0.0
1666414880;0.0;0.0;0.0
1666414940;0.0;0.0;0.0
1666415000;0.0;0.0;0.0
1666415060;0.0;0.0;0.0
1666415120;0.0;0.0;0.0
1666415180;0.0;0.0;0.0
1666415240;0.0;0.0;0.0
1666415300;0.0;0.0;0.0
1666415360;0.0;0.0;0.0
1666415420;0.0;0.0;0.0
1666415480;0.0;0.0;0.0
1666415540;0.0;0.0;0.0
1666415600;0.0;0.0;0.0
1666415660;0.0;0.0;0.0
1666415720;0.0;0.0;0.0
1666415780;0.0;0.0;0.0
1666415840;0.0;0.0;0.0
1666415900;0.0;0.0;0.0
1666415960;0.0;0.0;0.0
1666416020;0.0;0.0;0.0
1666416080;0.0;0.0;0.0
1666416140;0.0;0.0;0.0
1666416200;0.0;0.0;0.0
1666416260;0.0;0.0;0.0
1666416320;0.0;0.0;0.0
1666416380;0.0;0.0;0.0
1666416440;0.0;0.0;0.0
1666416500;0.0;0.0;0.0
1666416560;0.0;0.0;0.0
1666416620;0.0;0.0;0.0
1666416680;0.0;0.0;0.0
1666416740;0.0;0.0;0.0
1666416800;0.0;0.0;0.0
1666416860;0.0;0.0;0.0
1666416920;0.0;0.0;0.0
1666416980;0.0;0.0;0.0
1666417040;0.0;0.0;0.0
1666417100;0.0;0.0;0.0
1666417160;0.0;0.0;0.0
1666417220;0.0;0.0;0.0
1666417280;0.0;0.0;0.0
1666417340;0.0;0.0;0.0
1666417400;0.0;0.0;0.0
1666417460;0.0;0.0;0.0
1666417520;0.0;0.0;0.0
1666417580;0.0;0.0;0.0
1666417640;0.0;0.0;0.0
1666417700;0.0;0.0;0.0
1666417760;0.0;0.0;0.0
1666417820;0.0;0.0;0.0
1666417880;0.0;0.0;0.0
1666417940;0.0;0.0;0.0
1666418000;0.0;0.0;0.0
1666418060;0.0;0.0;0.0
1666418120;0.0;0.0;0.0
1666418180;0.0;0.0;0.0
1666418240;0.0;0.0;0.0
1666418300;0.0;0.0;0.0
1666418360;0.0;0.0;0.0
1666418420;0.0;0.0;0.0
1666418480;0.0;0.0;0.0
1666418540;0.0;0.0;0.0
1666418600;0.0;0.0;0.0
1666418660;0.0;0.0;0.0
1666418720;0.0;0.0;0.0
1666418780;0.0;0.0;0.0
1666418840;0.0;0.0;0.0
1666418900;0.0;0.0;0.0
1666418960;0.0;0.0;0.0
1666419020;0.0;0.0;0.0
1666419080;0.0;0.0;0.0
1666419140;0.0;0.0;0.0
1666419200;0.0;0.0;0.0
1666419260;0.0;0.0;0.0
1666419320;0.0;0.0;0.0
1666419380;0.0;0.0;0.0
1666419440;0.0;0.0;0.0
1666419500;0.0;0.0;0.0
1666419560;0.0;0.0;0.0
1666419620;0.0;0.0;0.0
1666419680;0.0;0.0;0.0
1666419740;0.0;0.0;0.0
1666419800;0.0;0.0;0.0
1666419860;0.0;0.0;0.0
1666419920;0.0;0.0;0.0
1666419980;0.0;0.0;0.0
1666420040;0.0;0.0;0.0
1666420100;0.0;0.0;0.0
1666420160;0.0;0.0;0.0
1666420220;0.0;0.0;0.0
1666420280;0.0;0.0;0.0
1666420340;0.0;0.0;0.0
1666420400;0.0;0.0;0.0
1666420460;0.0;0.0;0.0
1666420520;0.0;0.0;0.0
1666420580;0.0;0.0;0.0
1666420640;0.0;0.0;0.0
1666420700;0.0;0.0;0.0
1666420760;0.0;0.0;0.0
1666420820;0.0;0.0;0.0
1666420880;0.0;0.0;0.0
1666420940;0.0;0.0;0.0
1666421000;0.0;0.0;0.0
1666421060;0.0;0.0;0.0
1666421120;0.0;0.0;0.0
1666421180;0.0;0.0;0.0
1666421240;0.0;0.0;0.0
1666421300;0.0;0.0;0.0
1666421360;0.0;0.0;0.0
1666421420;0.0;0.0;0.0
1666421480;0.0;0.0;0.0
1666421540;0.0;0.0;0.0
1666421600;0.0;0.0;0.0
1666421660;0.0;0.0;0.0
1666421720;0.0;0.0;0.0
1666421780;0.0;0.0;0.0
1666421840;0.0;0.0;0.0
1666421900;0.0;0.0;0.0
1666421960;0.0;0.0;0.0
1666422020;0.0;0.0;0.0
1666422080;0.0;0.0;0.0
1666422140;0.0;0.0;0.0
1666422200;0.0;0.0;0.0
1666422260;0.0;0.0;0.0
1666422320;0.0;0.0;0.0
1666422380;0.0;0.0;0.0
1666422440;0.0;0.0;0.0
1666422500;0.0;0.0;0.0
1666422560;0.0;0.0;0.0
1666422620;0.0;0.0;0.0
1666422680;0.0;0.0;0.0
1666422740;0.0;0.0;0.0
1666422800;0.0;0.0;0.0
1666422860;0.0;0.0;0.0
1666422920;0.0;0.0;0.0
1666422980;0.0;0.0;0.0
1666423040;0.0;0.0;0.0
1666423100;0.0;0.0;0.0
1666423160;0.0;0.0;0.0
1666423220;0.0;0.0;0.0
1666423280;0.0;0.0;0.0
1666423340;0.0;0.0;0.0
1666423400;0.0;0.0;0.0
1666423460;0.0;0.0;0.0
1666423520;0.0;0.0;0.0
1666423580;0.0;0.0;0.0
1666423640;0.0;0.0;0.0
1666423700;0.0;0.0;0.0
1666423760;0.0;0.0;0.0
1666423820;0.0;0.0;0.0
1666423880;0.0;0.0;0.0
1666423940;0.0;0.0;0.0
1666424000;0.0;0.0;0.0
1666424060;0.0;0.0;0.0
1666424120;0.0;0.0;0.0
1666424180;0.0;0.0;0.0
1666424240;0.0;0.0;0.0
1666424300;0.0;0.0;0.0
1666424360;0.0;0.0;0.0
1666424420;0.0;0.0;0.0
1666424480;0.0;0.0;0.0
1666424540;0.0;0.0;0.0
1666424600;0.0;0.0;0.0
1666424660;0.0;0.0;0.0
1666424720;0.0;0.0;0.0
1666424780;0.0;0.0;0.0
1666424840;0.0;0.0;0.0
1666424900;0.0;0.0;0.0
1666424960;0.0;0.0;0.0
1666425020;0.0;0.0;0.0
1666425080;0.0;0.0;0.0
1666425140;0.0;0.0;0.0
1666425200;0.0;0.0;0.0
1666425260;0.0;0.0;0.0
1666425320;0.0;0.0;0.0
1666425380;0.0;0.0;0.0
1666425440;0.0;0.0;0.0
1666425500;0.0;0.0;0.0
1666425560;0.0;0.0;0.0
1666425620;0.0;0.0;0.0
1666425680;0.0;0.0;0.0
1666425740;0.0;0.0;0.0
1666425800;0.0;0.0;0.0
1666425860;0.0;0.0;0.0
1666425920;0.0;0.0;0.0
1666425980;0.0;0.0;0.0
1666426040;0.0;0.0;0.0
1666426100;0.0;0.0;0.0
1666426160;0.0;0.0;0.0
1666426220;0.0;0.0;0.0
1666426280;0.0;0.0;0.0
1666426340;0.0;0.0;0.0
1666426400;0.0;0.0;0.0
1666426460;0.0;0.0;0.0
1666426520;0.0;0.0;0.0
1666426580;0.0;0.0;0.0
1666426640;0.0;0.0;0.0
1666426700;0.0;0.0;0.0
1666426760;0.0;0.0;0.0
1666426820;0.0;0.0;0.0
1666426880;0.0;0.0;0.0
1666426940;0.0;0.0;0.0
1666427000;0.0;0.0;0.0
1666427060;0.0;0.0;0.0
1666427120;0.0;0.0;0.0
1666427180;0.0;0.0;0.0
1666427240;0.0;0.0;0.0
1666427300;0.0;0.0;0.0
1666427360;0.0;0.0;0.0
1666427420;0.0;0.0;0.0
1666427480;0.0;0.0;0.0
1666427540;0.0;0.0;0.0
1666427600;0.0;0.0;0.0
1666427660;0.0;0.0;0.0
1666427720;0.0;0.0;0.0
1666427780;0.0;0.0;0.0
1666427840;0.0;0.0;0.0
1666427900;0.0;0.0;0.0
1666427960;0.0;0.0;0.0
1666428020;0.0;0.0;0.0
1666428080;0.0;0.0;0.0
1666428140;0.0;0.0;0.0
1666428200;0.0;0.0;0.0
1666428260;0.0;0.0;0.0
1666428320;0.0;0.0;0.0
1666428380;0.0;0.0;0.0
1666428440;0.0;0.0;0.0
1666428500;0.0;0.0;0.0
1666428560;0.0;0.0;0.0
1666428620;0.0;0.0;0.0
1666428680;0.0;0.0;0.0
1666428740;0.0;0.0;0.0
1666428800;0.0;0.0;0.0
1666428860;0.0;0.0;0.0
1666428920;0.0;0.0;0.0
1666428980;0.0;0.0;0.0
1666429040;0.0;0.0;0.0
1666429100;0.0;0.0;0.0
1666429160;0.0;0.0;0.0
1666429220;0.0;0.0;0.0
1666429280;0.0;0.0;0.0
1666429340;0.0;0.0;0.0
1666429400;0.0;0.0;0.0
1666429460;0.0;0.0;0.0
1666429520;0.0;0.0;0.0
1666429580;0.0;0.0;0.0
1666429640;0.0;0.0;0.0
1666429700;0.0;0.0;0.0
1666429760;0.0;0.0;0.0
1666429820;0.0;0.0;0.0
1666429880;0.0;0.0;0.0
1666429940;0.0;0.0;0.0
1666430000;0.0;0.0;0.0
1666430060;0.0;0.0;0.0
1666430120;0.0;0.0;0.0
1666430180;0.0;0.0;0.0
1666430240;0.0;0.0;0.0
1666430300;0.0;0.0;0.0
1666430360;0.0;0.0;0.0
1666430420;0.0;0.0;0.0
1666430480;0.0;0.0;0.0
1666430540;0.0;0.0;0.0
1666430600;0.0;0.0;0.0
1666430660;0.0;0.0;0.0
1666430720;0.0;0.0;0.0
1666430780;0.0;0.0;0.0
1666430840;0.0;0.0;0.0
1666430900;0.0;0.0;0.0
1666430960;0.0;0.0;0.0
1666431020;0.0;0.0;0.0
1666431080;0.0;0.0;0.0
1666431140;0.0;0.0;0.0
1666431200;0.0;0.0;0.0
1666431260;0.0;0.0;0.0
1666431320;0.0;0.0;0.0
1666431380;0.0;0.0;0.0
1666431440;0.0;0.0;0.0
1666431500;0.0;0.0;0.0
1666431560;0.0;0.0;0.0
1666431620;0.0;0.0;0.0
1666431680;0.0;0.0;0.0
1666431740;0.0;0.0;0.0
1666431800;0.0;0.0;0.0
1666431860;0.0;0.0;0.0
1666431920;0.0;0.0;0.0
1666431980;0.0;0.0;0.0
1666432040;0.0;0.0;0.0
1666432100;0.0;0.0;0.0
1666432160;0.0;0.0;0.0
1666432220;0.0;0.0;0.0
1666432280;0.0;0.0;0.0
1666432340;0.0;0.0;0.0
1666432400;0.0;0.0;0.0
1666432460;0.0;0.0;0.0
1666432520;0.0;0.0;0.0
1666432580;0.0;0.0;0.0
1666432640;0.0;0.0;0.0
1666432700;0.0;0.0;0.0
1666432760;0.0;0.0;0.0
1666432820;0.0;0.0;0.0
1666432880;0.0;0.0;0.0
1666432940;0.0;0.0;0.0
1666433000;0.0;0.0;0.0
1666433060;0.0;0.0;0.0
1666433120;0.0;0.0;0.0
1666433180;0.0;0.0;0.0
1666433240;0.0;0.0;0.0
1666433300;0.0;0.0;0.0
1666433360;0.0;0.0;0.0
1666433420;0.0;0.0;0.0
1666433480;0.0;0.0;0.0
1666433540;0.0;0.0;0.0
1666433600;0.0;0.0;0.0
1666433660;0.0;0.0;0.0
1666433720;0.0;0.0;0.0
1666433780;0.0;0.0;0.0
1666433840;0.0;0.0;0.0
1666433900;0.0;0.0;0.0
1666433960;0.0;0.0;0.0
1666434020;0.0;0.0;0.0
1666434080;0.0;0.0;0.0
1666434140;0.0;0.0;0.0
1666434200;0.0;0.0;0.0
1666434260;0.0;0.0;0.0
1666434320;0.0;0.0;0.0
1666434380;0.0;0.0;0.0
1666434440;0.0;0.0;0.0
1666434500;0.0;0.0;0.0
1666434560;0.0;0.0;0.0
1666434620;0.0;0.0;0.0
1666434680;0.0;0.0;0.0
1666434740;0.0;0.0;0.0
1666434800;0.0;0.0;0.0
1666434860;0.0;0.0;0.0
1666434920;0.0;0.0;0.0
1666434980;0.0;0.0;0.0
1666435040;0.0;0.0;0.0
1666435100;0.0;0.0;0.0
1666435160;0.0;0.0;0.0
1666435220;0.0;0.0;0.0
1666435280;0.0;0.0;0.0
1666435340;0.0;0.0;0.0
1666435400;0.0;0.0;0.0
1666435460;0.0;0.0;0.0
1666435520;0.0;0.0;0.0
1666435580;0.0;0.0;0.0
1666435640;0.0;0.0;0.0
1666435700;0.0;0.0;0.0
1666435760;0.0;0.0;0.0
1666435820;0.0;0.0;0.0
1666435880;0.0;0.0;0.0
1666435940;0.0;0.0;0.0
1666436000;0.0;0.0;0.0
1666436060;0.0;0.0;0.0
1666436120;0.0;0.0;0.0
1666436180;0.0;0.0;0.0
1666436240;0.0;0.0;0.0
1666436300;0.0;0.0;0.0
1666436360;0.0;0.0;0.0
1666436420;0.0;0.0;0.0
1666436480;0.0;0.0;0.0
1666436540;0.0;0.0;0.0
1666436600;0.0;0.0;0.0
1666436660;0.0;0.0;0.0
1666436720;0.0;0.0;0.0
1666436780;0.0;0.0;0.0
1666436840;0.0;0.0;0.0
1666436900;0.0;0.0;0.0
1666436960;0.0;0.0;0.0
1666437020;0.0;0.0;0.0
1666437080;0.0;0.0;0.0
1666437140;0.0;0.0;0.0
1666437200;0.0;0.0;0.0
1666437260;0.0;0.0;0.0
1666437320;0.0;0.0;0.0
1666437380;0.0;0.0;0.0
1666437440;0.0;0.0;0.0
1666437500;0.0;0.0;0.0
1666437560;0.0;0.0;0.0
1666437620;0.0;0.0;0.0
1666437680;0.0;0.0;0.0
1666437740;0.0;0.0;0.0
1666437800;0.0;0.0;0.0
1666437860;0.0;0.0;0.0
1666437920;0.0;0.0;0.0
1666437980;0.0;0.0;0.0
1666438040;0.0;0.0;0.0
1666438100;0.0;0.0;0.0
1666438160;0.0;0.0;0.0
1666438220;0.0;0.0;0.0
1666438280;0.0;0.0;0.0
1666438340;0.0;0.0;0.0
1666438400;0.0;0.0;0.0
1666438460;0.0;0.0;0.0
1666438520;0.0;0.0;0.0
1666438580;0.0;0.0;0.0
1666438640;0.0;0.0;0.0
1666438700;0.0;0.0;0.0
1666438760;0.0;0.0;0.0
1666438820;0.0;0.0;0.0
1666438880;0.0;0.0;0.0
1666438940;0.0;0.0;0.0
1666439000;0.0;0.0;0.0
1666439060;0.0;0.0;0.0
1666439120;0.0;0.0;0.0
1666439180;0.0;0.0;0.0
1666439240;0.0;0.0;0.0
1666439300;0.0;0.0;0.0
1666439360;0.0;0.0;0.0
1666439420;0.0;0.0;0.0
1666439480;0.0;0.0;0.0
1666439540;0.0;0.0;0.0
1666439600;0.0;0.0;0.0
1666439660;0.0;0.0;0.0
1666439720;0.0;0.0;0.0
1666439780;0.0;0.0;0.0
1666439840;0.0;0.0;0.0
1666439900;0.0;0.0;0.0
1666439960;0.0;0.0;0.0
1666440020;0.0;0.0;0.0
1666440080;0.0;0.0;0.0
1666440140;0.0;0.0;0.0
1666440200;0.0;0.0;0.0
1666440260;0.0;0.0;0.0
1666440320;0.0;0.0;0.0
1666440380;0.0;0.0;0.0
1666440440;0.0;0.0;0.0
1666440500;0.0;0.0;0.0
1666440560;0.0;0.0;0.0
1666440620;0.0;0.0;0.0
1666440680;0.0;0.0;0.0
1666440740;11.867446351051331;0.016666666666666666;0.016666666666666666
1666440800;0.0;0.0;0.0
1666440860;28.060277700424194;0.025916914728852106;0.00482953577050565
1666440920;978.0;0.9032962137945694;0.16832641622371125
1666440980;978.0;0.9032962137945694;0.16832641622371125
1666441040;978.0;0.9032962137945694;0.16832641622371125
1666441100;978.0;0.9032962137945694;0.16832641622371125
1666441160;978.0;0.9032962137945694;0.16832641622371125
1666441220;978.0;0.9032962137945694;0.16832641622371125
1666441280;978.0;0.9032962137945694;0.16832641622371125
1666441340;978.0;0.9032962137945694;0.16832641622371125
1666441400;978.0;0.9032962137945694;0.16832641622371125
1666441460;978.0282805562019;0.8950933852600624;0.1670534806790355
1666441520;979.0;0.6132443323557664;0.12331543639762692
1666441580;979.0;0.6132443323557664;0.12331543639762692
1666441640;979.0;0.6132443323557664;0.12331543639762692
1666441700;979.0;0.6132443323557664;0.12331543639762692
1666441760;979.0;0.6132443323557664;0.12331543639762692
1666441820;979.0;0.6132443323557664;0.12331543639762692
1666441880;979.0;0.6132443323557664;0.12331543639762692
1666441940;979.0;0.6132443323557664;0.12331543639762692
1666442000;979.0;0.6132443323557664;0.12331543639762692
1666442060;979.0268292427063;0.6276435510737435;0.1262221097629263
1666442120;980.0;1.1499429964070087;0.23165518333416552
1666442180;980.0;1.1499429964070087;0.23165518333416552
1666442240;980.0;1.1499429964070087;0.23165518333416552
1666442300;980.0;1.1499429964070087;0.23165518333416552
1666442360;980.0;1.1499429964070087;0.23165518333416552
1666442420;980.0;1.1499429964070087;0.23165518333416552
1666442480;980.0;1.1499429964070087;0.23165518333416552
1666442540;980.0;1.1499429964070087;0.23165518333416552
1666442600;980.0;1.1499429964070087;0.23165518333416552
1666442660;980.0263335347175;1.1247518900956108;0.2266520726393716
1666442720;981.0;0.19332602183125264;0.0416650909119079
1666442780;981.0;0.19332602183125264;0.0416650909119079
1666442840;981.0;0.19332602183125264;0.0416650909119079
1666442900;981.0;0.19332602183125264;0.0416650909119079
1666442960;981.0;0.19332602183125264;0.0416650909119079
1666443020;981.0;0.19332602183125264;0.0416650909119079
1666443080;981.0;0.19332602183125264;0.0416650909119079
1666443140;981.0;0.19332602183125264;0.0416650909119079
1666443200;981.0;0.19332602183125264;0.0416650909119079
1666443260;981.0259553392729;0.20894182662627708;0.04490937155988814
1666443320;982.0;0.7949673500715221;0.16665982181792915
1666443380;982.0;0.7949673500715221;0.16665982181792915
1666443440;982.0;0.7949673500715221;0.16665982181792915
1666443500;982.0;0.7949673500715221;0.16665982181792915
1666443560;982.0;0.7949673500715221;0.16665982181792915
1666443620;982.0;0.7949673500715221;0.16665982181792915
1666443680;982.0;0.7949673500715221;0.16665982181792915
1666443740;982.0;0.7949673500715221;0.16665982181792915
1666443800;982.0;0.7949673500715221;0.16665982181792915
1666443860;982.0255446314811;0.7851307275128786;0.16436046121764833
1666443920;983.0;0.409891426549423;0.07664636431411975
1666443980;983.0;0.409891426549423;0.07664636431411975
1666444040;983.0;0.409891426549423;0.07664636431411975
1666444100;983.0;0.409891426549423;0.07664636431411975
1666444160;983.0;0.409891426549423;0.07664636431411975
1666444220;983.0;0.409891426549423;0.07664636431411975
1666444280;983.0;0.409891426549423;0.07664636431411975
1666444340;983.0;0.409891426549423;0.07664636431411975
1666444400;983.0;0.409891426549423;0.07664636431411975
1666444460;960.4934314568839;0.4005066356166964;0.07489148470881316
1666444520;0.0;0.0;0.0
1666444580;400.81950360536575;1.5629668268397703;0.25128971950957435
1666444640;993.0;3.872132082125344;0.6225512711544281
1666444700;993.0;3.872132082125344;0.6225512711544281
1666444760;32.33867626190185;0.1261023422428756;0.020274404848236182
1666444820;0.0;0.0;0.0
1666444880;401.6086909691493;0.8566679070440639;0.13109589550521716
1666444940;1018.0;1.8612015512018019;0.24472546347982171
1666445000;1018.0;1.8612015512018019;0.24472546347982171
1666445060;912.5165206710496;1.4911513859912922;0.23330128014529922
1666445120;489.8449314236641;0.7464442712277063;0.12948523072317356
1666445180;0.0;0.0;0.0
1666445240;0.0;0.0;0.0
1666445300;0.0;0.0;0.0
1666445360;0.0;0.0;0.0
1666445420;0.0;0.0;0.0
1666445480;494.9915294329325;2.1;0.4000000000000001
1666445540;611.4674962242444;2.40905244791447;0.37383671657952544
1666445600;699.7948414842288;1.135580240627886;0.2081547888893968
1666445660;62.34260686238606;0.07203397812431091;0.018008494531077727
1666445720;979.9635099013647;0.024240580035446043;0.0
1666445780;1106.0;0.027358244718624077;0.0
1666445840;1106.0;0.027358244718624077;0.0
1666445900;1106.0;0.027358244718624077;0.0
1666445960;418.46967725753785;0.010351352475348423;0.0
1666446020;0.0;0.0;0.0
1666446080;0.0;0.0;0.0
1666446140;0.0;0.0;0.0
1666446200;0.0;0.0;0.0
1666446260;0.0;0.0;0.0
1666446320;0.0;0.0;0.0
1666446380;0.0;0.0;0.0
1666446440;0.0;0.0;0.0
1666446500;0.0;0.0;0.0
1666446560;0.0;0.0;0.0
1666446620;0.0;0.0;0.0
1666446680;0.0;0.0;0.0
1666446740;0.0;0.0;0.0
1666446800;0.0;0.0;0.0
1666446860;0.0;0.0;0.0
1666446920;0.0;0.0;0.0
1666446980;0.0;0.0;0.0
1666447040;722.6985934694609;0.6275350048940698;0.07049163731278929
1666447100;1150.0;0.5490678183157462;0.10648587991578108
1666447160;1150.0;0.5490678183157462;0.10648587991578108
1666447220;1150.0;0.5490678183157462;0.10648587991578108
1666447280;1150.0;0.5490678183157462;0.10648587991578108
1666447340;578.4764095147451;0.27619372184294544;0.05356484302408639
1666447400;536.9907945950825;1.1500000000000001;0.15000000000000002
1666447460;0.0;0.0;0.0
1666447520;1109.0269945542018;2.760082488043489;0.44188512739612507
1666447580;1157.0;2.879474940057687;0.4609996825215509
1666447640;749.1622672239939;1.980905210089966;0.29155895806610277
1666447700;939.6951336582501;2.1597541557964934;0.3074263561514549
1666447760;1081.9022505283356;1.6031165393456979;0.28146320919809964
1666447820;1064.5124504566193;1.1333333333333333;0.13333333333333333
1666447880;306.5307802200317;0.7090788006476206;0.1258043033407069
1666447940;598.0326253612836;1.3928272428704387;0.24477784964278118
1666448000;502.5783487876256;0.4647606231486069;0.04608451368317855
1666448060;485.3117551326752;0.28227711832978025;0.051479109725795794
1666448120;1193.0;0.6938974764280433;0.12654665223611733
1666448180;1193.0;0.6938974764280433;0.12654665223611733
1666448240;1193.0;0.6938974764280433;0.12654665223611733
1666448300;1193.0;0.6938974764280433;0.12654665223611733
1666448360;1193.0;0.6938974764280433;0.12654665223611733
1666448420;1193.0;0.6938974764280433;0.12654665223611733
1666448480;1193.0;0.6938974764280433;0.12654665223611733
1666448540;752.864199078083;0.4310487128449851;0.07559582164956988
1666448600;1195.0;0.6444921323276869;0.09527274999626675
1666448660;1195.0;0.6444921323276869;0.09527274999626675
1666448720;1002.0091988245646;0.5404075691735571;0.0798863363126128
1666448780;0.0;0.0;0.0
1666448840;0.0;0.0;0.0
1666448900;0.0;0.0;0.0
1666448960;0.0;0.0;0.0
1666449020;0.0;0.0;0.0
1666449080;0.0;0.0;0.0
1666449140;912.6116545120875;2.156117826742822;0.3734058806090921
1666449200;350.1323085149129;0.8272155065905114;0.14326078605757459
1666449260;1133.9711188038189;0.7395129918002212;0.10044140417620628
1666449320;931.8844151377679;1.9604870081997787;0.18289192915712704
1666449380;820.5237013061842;0.3099131370847141;0.041321751611295206
1666449440;1217.0;0.459662880221123;0.06128838402948306
1666449500;1217.0;0.459662880221123;0.06128838402948306
1666449560;319.5832395831744;0.26209123209823676;0.019434813663071995
1666449620;1057.3780354420344;0.5483783009292903;0.07111564201370192
1666449680;572.2735539317131;0.43317114772763166;0.07142415881763559
1666449740;1237.0;0.975739718291992;0.14602907348587635
1666449800;1237.0;0.975739718291992;0.14602907348587635
1666449860;530.470781425635;0.37564098513389726;0.04873538553024313
1666449920;1224.094867070516;0.7289542288125346;0.22705131717111732
1666449980;966.0942069530488;0.6748607943164204;0.15541526778755882
1666450040;1257.0;1.007644185823228;0.171259683756517
1666450100;1257.0;1.007644185823228;0.171259683756517
1666450160;1257.0;1.007644185823228;0.171259683756517
1666450220;1006.1868122220039;0.8065857527346939;0.1370876971051061
1666450280;257.6815803050995;0.0364174415742902;0.007283488314858041
1666450340;921.6140592098236;0.13024922509237646;0.026049845018475293
1666450400;643.2013005614281;0.5140236481262265;0.03954028062509434
1666450460;170.1481375217438;0.1359763518737737;0.010459719374905668
1666450520;0.0;0.0;0.0
1666450580;1098.9777138034501;0.1797932112503352;0.01315560082319526
1666450640;1267.0;0.20728172718424742;0.01516695564762786
1666450700;1267.0;0.20728172718424742;0.01516695564762786
1666450760;543.8657788395882;0.08897666771450335;0.006510487881549026
1666450820;861.7988078594208;0.08556784606933317;0.027226132840242372
1666450880;1270.0;0.12609806780538027;0.040122112483530085
1666450940;1270.0;0.12609806780538027;0.040122112483530085
1666451000;1046.5080794811247;1.1029355303978707;0.1787804423453585
1666451060;1276.0;1.8141920055295349;0.28645136929413706
1666451120;1276.0;1.8141920055295349;0.28645136929413706
1666451180;1276.2755729238193;1.3269475250476888;0.2075131279257314
1666451240;566.8494480570157;0.13730228514861034;0.01666666666666667
1666451300;0.0;0.0;0.0
1666451360;0.0;0.0;0.0
1666451420;0.0;0.0;0.0
1666451480;0.0;0.0;0.0
1666451540;0.0;0.0;0.0
1666451600;0.0;0.0;0.0
1666451660;0.0;0.0;0.0
1666451720;0.0;0.0;0.0
1666451780;0.0;0.0;0.0
1666451840;0.0;0.0;0.0
1666451900;0.0;0.0;0.0
1666451960;0.0;0.0;0.0
1666452020;0.0;0.0;0.0
1666452080;0.0;0.0;0.0
1666452140;0.0;0.0;0.0
1666452200;0.0;0.0;0.0
1666452260;0.0;0.0;0.0
1666452320;0.0;0.0;0.0
1666452380;0.0;0.0;0.0
1666452440;0.0;0.0;0.0
1666452500;0.0;0.0;0.0
1666452560;0.0;0.0;0.0
1666452620;0.0;0.0;0.0
1666452680;0.0;0.0;0.0
1666452740;0.0;0.0;0.0
1666452800;0.0;0.0;0.0
1666452860;0.0;0.0;0.0
1666452920;0.0;0.0;0.0
1666452980;0.0;0.0;0.0
1666453040;0.0;0.0;0.0
1666453100;0.0;0.0;0.0
1666453160;0.0;0.0;0.0
1666453220;0.0;0.0;0.0
1666453280;0.0;0.0;0.0
1666453340;0.0;0.0;0.0
1666453400;0.0;0.0;0.0
1666453460;0.0;0.0;0.0
1666453520;0.0;0.0;0.0
1666453580;0.0;0.0;0.0
1666453640;0.0;0.0;0.0
1666453700;0.0;0.0;0.0
1666453760;0.0;0.0;0.0
1666453820;0.0;0.0;0.0
1666453880;0.0;0.0;0.0
1666453940;0.0;0.0;0.0
1666454000;0.0;0.0;0.0
1666454060;0.0;0.0;0.0
1666454120;0.0;0.0;0.0
1666454180;0.0;0.0;0.0
1666454240;0.0;0.0;0.0
1666454300;0.0;0.0;0.0
1666454360;0.0;0.0;0.0
1666454420;0.0;0.0;0.0
1666454480;0.0;0.0;0.0
1666454540;0.0;0.0;0.0
1666454600;0.0;0.0;0.0
1666454660;0.0;0.0;0.0
1666454720;0.0;0.0;0.0
1666454780;0.0;0.0;0.0
1666454840;0.0;0.0;0.0
1666454900;0.0;0.0;0.0
1666454960;0.0;0.0;0.0
1666455020;0.0;0.0;0.0
1666455080;0.0;0.0;0.0
1666455140;0.0;0.0;0.0
1666455200;0.0;0.0;0.0
1666455260;0.0;0.0;0.0
1666455320;0.0;0.0;0.0
1666455380;0.0;0.0;0.0
1666455440;0.0;0.0;0.0
1666455500;0.0;0.0;0.0
1666455560;0.0;0.0;0.0
1666455620;0.0;0.0;0.0
1666455680;0.0;0.0;0.0
1666455740;0.0;0.0;0.0
1666455800;0.0;0.0;0.0
1666455860;0.0;0.0;0.0
1666455920;0.0;0.0;0.0
1666455980;0.0;0.0;0.0
1666456040;0.0;0.0;0.0
1666456100;0.0;0.0;0.0
1666456160;0.0;0.0;0.0
1666456220;0.0;0.0;0.0
1666456280;0.0;0.0;0.0
1666456340;0.0;0.0;0.0
1666456400;0.0;0.0;0.0
1666456460;0.0;0.0;0.0
1666456520;0.0;0.0;0.0
1666456580;0.0;0.0;0.0
1666456640;0.0;0.0;0.0
1666456700;0.0;0.0;0.0
1666456760;0.0;0.0;0.0
1666456820;0.0;0.0;0.0
1666456880;0.0;0.0;0.0
1666456940;0.0;0.0;0.0
1666457000;0.0;0.0;0.0
1666457060;0.0;0.0;0.0
1666457120;0.0;0.0;0.0
1666457180;0.0;0.0;0.0
1666457240;0.0;0.0;0.0
1666457300;0.0;0.0;0.0
1666457360;0.0;0.0;0.0
1666457420;0.0;0.0;0.0
1666457480;0.0;0.0;0.0
1666457540;0.0;0.0;0.0
1666457600;0.0;0.0;0.0
1666457660;0.0;0.0;0.0
1666457720;0.0;0.0;0.0
1666457780;0.0;0.0;0.0
1666457840;0.0;0.0;0.0
1666457900;0.0;0.0;0.0
1666457960;0.0;0.0;0.0
1666458020;0.0;0.0;0.0
1666458080;0.0;0.0;0.0
1666458140;0.0;0.0;0.0
1666458200;0.0;0.0;0.0
1666458260;0.0;0.0;0.0
1666458320;0.0;0.0;0.0
1666458380;0.0;0.0;0.0
1666458440;0.0;0.0;0.0
1666458500;0.0;0.0;0.0
1666458560;0.0;0.0;0.0
1666458620;0.0;0.0;0.0
1666458680;0.0;0.0;0.0
1666458740;0.0;0.0;0.0
1666458800;0.0;0.0;0.0
1666458860;0.0;0.0;0.0
1666458920;0.0;0.0;0.0
1666458980;0.0;0.0;0.0
1666459040;0.0;0.0;0.0
1666459100;0.0;0.0;0.0
1666459160;0.0;0.0;0.0
1666459220;0.0;0.0;0.0
1666459280;0.0;0.0;0.0
1666459340;0.0;0.0;0.0
1666459400;0.0;0.0;0.0
1666459460;34.82248730659485;0.013105210896252937;0.013105210896252937
1666459520;9.463315725326538;0.0035614557704137305;0.0035614557704137305
1666459580;0.0;0.0;0.0
1666459640;0.0;0.0;0.0
1666459700;0.0;0.0;0.0
1666459760;0.0;0.0;0.0
1666459820;882.7721565206846;0.5947975243695018;0.06666666666666667
1666459880;1319.0;0.04011039686951576;0.0
1666459940;1319.0;0.04011039686951576;0.0
1666460000;1319.0;0.04011039686951576;0.0
1666460060;642.4087972680727;0.1510986047680783;0.025682132346978092
1666460120;1321.0;0.3338258396083799;0.0573236290236612
1666460180;1321.0;0.3338258396083799;0.0573236290236612
1666460240;1321.0;0.3338258396083799;0.0573236290236612
1666460300;1321.0;0.3338258396083799;0.0573236290236612
1666460360;653.4684104959169;0.16513598848701963;0.028356684891710445
1666460420;0.0;0.0;0.0
1666460480;0.0;0.0;0.0
1666460540;0.0;0.0;0.0
1666460600;0.0;0.0;0.0
1666460660;0.0;0.0;0.0
1666460720;519.6249535481136;0.06898881937947982;0.01799708331638604
1666460780;1327.0;0.17618122973398162;0.04596032080016912
1666460840;1040.6481918454172;0.1381632842198719;0.03604259588344484
1666460900;0.0;0.0;0.0
1666460960;0.0;0.0;0.0
1666461020;0.0;0.0;0.0
1666461080;950.334497976303;0.2646116183789255;0.06963463641550671
1666461140;1324.2387768944104;0.3687217149544079;0.09703203025115999
1666461200;889.6780631105106;0.7105864892794854;0.17051629913193403
1666461260;1339.0;0.08818346566937696;0.03206671478886435
1666461320;1322.909720134735;0.16400295248222962;0.04300269367287192
1666461380;1341.0;2.740067944300613;0.422614777755594
1666461440;1341.0;2.740067944300613;0.422614777755594
1666461500;1341.0;2.740067944300613;0.422614777755594
1666461560;1341.0;2.740067944300613;0.422614777755594
1666461620;1266.3687029480934;2.2643842860265204;0.338169492050208
1666461680;1032.67354768912;0.8925664354057313;0.1277577485094095
1666461740;1346.0;1.304920975648544;0.20734167105785906
1666461800;1346.0;1.304920975648544;0.20734167105785906
1666461860;1346.0;1.304920975648544;0.20734167105785906
1666461920;1346.0;1.304920975648544;0.20734167105785906
1666461980;1346.0;1.304920975648544;0.20734167105785906
1666462040;1346.0;1.304920975648544;0.20734167105785906
1666462100;1346.0;1.304920975648544;0.20734167105785906
1666462160;1346.0;1.304920975648544;0.20734167105785906
1666462220;1191.618385497729;1.6363601210897152;0.28125928186652444
1666462280;805.205224275589;1.1942766676561345;0.20803529049493957
1666462340;0.0;0.0;0.0
1666462400;0.0;0.0;0.0
1666462460;0.0;0.0;0.0
1666462520;0.0;0.0;0.0
1666462580;967.7822781642278;0.21425149194357887;0.04939620631922805
1666462640;7.745246410369873;0.0024151747230877836;0.0006037936807719459
1666462700;0.0;0.0;0.0
1666462760;910.4806974291802;0.9722788270668521;0.12307326924896864
1666462820;951.9688863873482;0.711054506266481;0.06026006408436471
1666462880;1358.0276311715445;0.814528916673115;0.04628005208369972
1666462940;1211.5089577674867;0.9406928040982186;0.05371994791630029
1666463000;1368.9295308669407;0.9700887723617133;0.04638599160321195
1666463060;1369.9275787313777;0.7464266089306228;0.09828836506347977
1666463120;1370.0;0.7241833812487307;0.10206611413572715
1666463180;1370.0;0.7241833812487307;0.10206611413572715
1666463240;687.1524327993393;0.363229468772202;0.05119341506185397
1666463300;677.2966329375903;0.4833333333333334;0.03333333333333333
1666463360;956.8240435123444;0.8999999999999999;0.09999999999999999
1666463420;565.9880858182906;0.16411367708057797;0.010257104817536123
1666463480;864.9752436478933;0.827822359214782;0.09085443282931026
1666463540;1391.0;0.8429531761632776;0.19125828366729827
1666463600;1391.0;0.8429531761632776;0.19125828366729827
1666463660;1391.0;0.8429531761632776;0.19125828366729827
1666463720;1391.0;0.8429531761632776;0.19125828366729827
1666463780;609.8703730463982;0.36958459238486285;0.08385532768396048
1666463840;0.0;0.0;0.0
1666463900;0.0;0.0;0.0
1666463960;0.0;0.0;0.0
1666464020;0.0;0.0;0.0
1666464080;0.0;0.0;0.0
1666464140;0.0;0.0;0.0
1666464200;0.0;0.0;0.0
1666464260;0.0;0.0;0.0
1666464320;0.0;0.0;0.0
1666464380;0.0;0.0;0.0
1666464440;0.0;0.0;0.0
1666464500;0.0;0.0;0.0
1666464560;0.0;0.0;0.0
1666464620;0.0;0.0;0.0
1666464680;0.0;0.0;0.0
1666464740;0.0;0.0;0.0
1666464800;0.0;0.0;0.0
1666464860;0.0;0.0;0.0
1666464920;0.0;0.0;0.0
1666464980;0.0;0.0;0.0
1666465040;0.0;0.0;0.0
1666465100;0.0;0.0;0.0
1666465160;0.0;0.0;0.0
1666465220;0.0;0.0;0.0
1666465280;0.0;0.0;0.0
1666465340;0.0;0.0;0.0
1666465400;0.0;0.0;0.0
1666465460;0.0;0.0;0.0
1666465520;0.0;0.0;0.0
1666465580;0.0;0.0;0.0
1666465640;0.0;0.0;0.0
1666465700;0.0;0.0;0.0
1666465760;0.0;0.0;0.0
1666465820;0.0;0.0;0.0
1666465880;0.0;0.0;0.0
1666465940;0.0;0.0;0.0
1666466000;0.0;0.0;0.0
1666466060;0.0;0.0;0.0
1666466120;0.0;0.0;0.0
1666466180;0.0;0.0;0.0
1666466240;0.0;0.0;0.0
1666466300;0.0;0.0;0.0
1666466360;0.0;0.0;0.0
1666466420;0.0;0.0;0.0
1666466480;0.0;0.0;0.0
1666466540;0.0;0.0;0.0
1666466600;0.0;0.0;0.0
1666466660;0.0;0.0;0.0
1666466720;0.0;0.0;0.0
1666466780;0.0;0.0;0.0
1666466840;0.0;0.0;0.0
1666466900;0.0;0.0;0.0
1666466960;0.0;0.0;0.0
1666467020;0.0;0.0;0.0
1666467080;0.0;0.0;0.0
1666467140;0.0;0.0;0.0
1666467200;0.0;0.0;0.0
1666467260;0.0;0.0;0.0
1666467320;0.0;0.0;0.0
1666467380;0.0;0.0;0.0
1666467440;0.0;0.0;0.0
1666467500;0.0;0.0;0.0
1666467560;0.0;0.0;0.0
1666467620;0.0;0.0;0.0
1666467680;0.0;0.0;0.0
1666467740;0.0;0.0;0.0
1666467800;0.0;0.0;0.0
1666467860;0.0;0.0;0.0
1666467920;0.0;0.0;0.0
1666467980;0.0;0.0;0.0
1666468040;0.0;0.0;0.0
1666468100;0.0;0.0;0.0
1666468160;1188.7648413658142;0.9790321524342631;0.14656169946620706
1666468220;1401.0;1.153822856995413;0.17272797260410375
1666468280;789.8267279624939;0.6504783239036571;0.09737699459635585
1666468340;0.0;0.0;0.0
1666468400;0.0;0.0;0.0
1666468460;1125.2087848345438;1.3991392459950347;0.2590998603694509
1666468520;684.2749910831451;0.8508607540049653;0.15756680629721578
1666468580;1364.8504464944203;1.1813322264124824;0.16697759856202096
1666468640;828.542286960284;0.8200441949774385;0.13445866716236968
1666468700;559.5151759584745;0.36529024527674586;0.06523040094227604
1666468760;580.7592089374859;0.6398724246978418;0.08212266413234333
1666468820;1411.0;1.5546201891494076;0.19952344673575284
1666468880;1291.160377907753;1.114775427520211;0.15435414608532322
1666468940;1413.0;0.5992032366058462;0.11200060497305538
1666469000;1413.0;0.5992032366058462;0.11200060497305538
1666469060;1413.0;0.5992032366058462;0.11200060497305538
1666469120;1413.0;0.5992032366058462;0.11200060497305538
1666469180;1413.0;0.5992032366058462;0.11200060497305538
1666469240;1413.36907471021;0.3790719973455828;0.07066338484797043
1666469300;1414.0;0.0027714520112404697;0.0
1666469360;1414.0;0.0027714520112404697;0.0
1666469420;1414.0;0.0027714520112404697;0.0
1666469480;1414.0;0.0027714520112404697;0.0
1666469540;1414.0;0.0027714520112404697;0.0
1666469600;1351.7521608908974;0.25205141445086343;0.04338631258320136
1666469660;92.05267244180044;0.03306843708399323;0.006613687416798646
1666469720;0.0;0.0;0.0
1666469780;0.0;0.0;0.0
1666469840;49.827229988574985;0.016666666666666666;0.0
1666469900;0.0;0.0;0.0
1666469960;0.0;0.0;0.0
1666470020;0.0;0.0;0.0
1666470080;0.0;0.0;0.0
1666470140;0.0;0.0;0.0
1666470200;886.3748376131058;0.004323230919747788;0.0
1666470260;1449.0;0.007067395572265647;0.0
1666470320;1081.7255288600923;0.00527604017465323;0.0
1666470380;437.3559474984805;0.004276303473949396;0.0
1666470440;1451.0;0.014187337284860248;0.0
1666470500;1451.0;0.014187337284860248;0.0
1666470560;1451.0;0.014187337284860248;0.0
1666470620;1451.0;0.014187337284860248;0.0
1666470680;576.930767695109;0.005641014053276269;0.0
1666470740;0.0;0.0;0.0
1666470800;0.0;0.0;0.0
1666470860;0.0;0.0;0.0
1666470920;0.0;0.0;0.0
1666470980;0.0;0.0;0.0
1666471040;0.0;0.0;0.0
1666471100;0.0;0.0;0.0
1666471160;84.5261308948199;0.008331161656178691;0.001356235618447694
1666471220;1457.0;0.14360650847909862;0.023377803705899775
1666471280;1457.0;0.14360650847909862;0.023377803705899775
1666471340;1457.0;0.14360650847909862;0.023377803705899775
1666471400;1457.0;0.14360650847909862;0.023377803705899775
1666471460;1457.0;0.14360650847909862;0.023377803705899775
1666471520;1457.0;0.14360650847909862;0.023377803705899775
1666471580;1457.0;0.14360650847909862;0.023377803705899775
1666471640;1457.0;0.14360650847909862;0.023377803705899775
1666471700;1457.0;0.14360650847909862;0.023377803705899775
1666471760;1344.7581205924353;0.13254359536526716;0.02157686436178768
1666471820;1043.4186645030975;0.11185966415532447;0.01546995355339594
1666471880;1461.0;0.15662645771125547;0.02166110585368427
1666471940;1461.0;0.15662645771125547;0.02166110585368427
1666472000;1461.0;0.15662645771125547;0.02166110585368427
1666472060;1461.0;0.15662645771125547;0.02166110585368427
1666472120;1461.0;0.15662645771125547;0.02166110585368427
1666472180;1461.0;0.15662645771125547;0.02166110585368427
1666472240;1461.0;0.15662645771125547;0.02166110585368427
1666472300;1461.0;0.15662645771125547;0.02166110585368427
1666472360;1461.0;0.15662645771125547;0.02166110585368427
1666472420;421.3319970846176;0.0451688831100429;0.006246760430112316
1666472480;0.0;0.0;0.0
1666472540;0.0;0.0;0.0
1666472600;0.0;0.0;0.0
1666472660;0.0;0.0;0.0
1666472720;0.0;0.0;0.0
1666472780;0.0;0.0;0.0
1666472840;0.0;0.0;0.0
1666472900;0.0;0.0;0.0
1666472960;0.0;0.0;0.0
1666473020;0.0;0.0;0.0
1666473080;0.0;0.0;0.0
1666473140;0.0;0.0;0.0
1666473200;0.0;0.0;0.0
1666473260;0.0;0.0;0.0
1666473320;0.0;0.0;0.0
1666473380;0.0;0.0;0.0
1666473440;0.0;0.0;0.0
1666473500;0.0;0.0;0.0
1666473560;0.0;0.0;0.0
1666473620;0.0;0.0;0.0
1666473680;0.0;0.0;0.0
1666473740;0.0;0.0;0.0
1666473800;0.0;0.0;0.0
1666473860;0.0;0.0;0.0
1666473920;0.0;0.0;0.0
1666473980;0.0;0.0;0.0
1666474040;0.0;0.0;0.0
1666474100;0.0;0.0;0.0
1666474160;0.0;0.0;0.0
1666474220;0.0;0.0;0.0
1666474280;0.0;0.0;0.0
1666474340;0.0;0.0;0.0
1666474400;0.0;0.0;0.0
1666474460;0.0;0.0;0.0
1666474520;0.0;0.0;0.0
1666474580;0.0;0.0;0.0
1666474640;0.0;0.0;0.0
1666474700;0.0;0.0;0.0
1666474760;0.0;0.0;0.0
1666474820;0.0;0.0;0.0
1666474880;0.0;0.0;0.0
1666474940;0.0;0.0;0.0
1666475000;0.0;0.0;0.0
1666475060;0.0;0.0;0.0
1666475120;0.0;0.0;0.0
1666475180;0.0;0.0;0.0
1666475240;0.0;0.0;0.0
1666475300;0.0;0.0;0.0
1666475360;0.0;0.0;0.0
1666475420;0.0;0.0;0.0
1666475480;0.0;0.0;0.0
1666475540;0.0;0.0;0.0
1666475600;0.0;0.0;0.0
1666475660;0.0;0.0;0.0
1666475720;0.0;0.0;0.0
1666475780;0.0;0.0;0.0
1666475840;0.0;0.0;0.0
1666475900;0.0;0.0;0.0
1666475960;0.0;0.0;0.0
1666476020;0.0;0.0;0.0
1666476080;0.0;0.0;0.0
1666476140;0.0;0.0;0.0
1666476200;0.0;0.0;0.0
1666476260;0.0;0.0;0.0
1666476320;0.0;0.0;0.0
1666476380;0.0;0.0;0.0
1666476440;0.0;0.0;0.0
1666476500;0.0;0.0;0.0
1666476560;0.0;0.0;0.0
1666476620;0.0;0.0;0.0
1666476680;0.0;0.0;0.0
1666476740;0.0;0.0;0.0
1666476800;0.0;0.0;0.0
1666476860;0.0;0.0;0.0
1666476920;0.0;0.0;0.0
1666476980;0.0;0.0;0.0
1666477040;0.0;0.0;0.0
1666477100;0.0;0.0;0.0
1666477160;0.0;0.0;0.0
1666477220;0.0;0.0;0.0
1666477280;0.0;0.0;0.0
1666477340;0.0;0.0;0.0
1666477400;0.0;0.0;0.0
1666477460;0.0;0.0;0.0
1666477520;0.0;0.0;0.0
1666477580;0.0;0.0;0.0
1666477640;0.0;0.0;0.0
1666477700;0.0;0.0;0.0
1666477760;0.0;0.0;0.0
1666477820;0.0;0.0;0.0
1666477880;0.0;0.0;0.0
1666477940;0.0;0.0;0.0
1666478000;0.0;0.0;0.0
1666478060;0.0;0.0;0.0
1666478120;0.0;0.0;0.0
1666478180;0.0;0.0;0.0
1666478240;0.0;0.0;0.0
1666478300;0.0;0.0;0.0
1666478360;0.0;0.0;0.0
1666478420;0.0;0.0;0.0
1666478480;0.0;0.0;0.0
1666478540;0.0;0.0;0.0
1666478600;0.0;0.0;0.0
1666478660;0.0;0.0;0.0
1666478720;0.0;0.0;0.0
1666478780;0.0;0.0;0.0
1666478840;0.0;0.0;0.0
1666478900;0.0;0.0;0.0
1666478960;0.0;0.0;0.0
1666479020;0.0;0.0;0.0
1666479080;0.0;0.0;0.0
1666479140;0.0;0.0;0.0
1666479200;0.0;0.0;0.0
1666479260;0.0;0.0;0.0
1666479320;0.0;0.0;0.0
1666479380;0.0;0.0;0.0
1666479440;0.0;0.0;0.0
1666479500;0.0;0.0;0.0
1666479560;0.0;0.0;0.0
1666479620;0.0;0.0;0.0
1666479680;0.0;0.0;0.0
1666479740;0.0;0.0;0.0
1666479800;0.0;0.0;0.0
1666479860;0.0;0.0;0.0
1666479920;0.0;0.0;0.0
1666479980;0.0;0.0;0.0
1666480040;0.0;0.0;0.0
1666480100;0.0;0.0;0.0
1666480160;0.0;0.0;0.0
1666480220;0.0;0.0;0.0
1666480280;0.0;0.0;0.0
1666480340;0.0;0.0;0.0
1666480400;0.0;0.0;0.0
1666480460;0.0;0.0;0.0
1666480520;0.0;0.0;0.0
1666480580;0.0;0.0;0.0
1666480640;0.0;0.0;0.0
1666480700;0.0;0.0;0.0
1666480760;0.0;0.0;0.0
1666480820;0.0;0.0;0.0
1666480880;0.0;0.0;0.0
1666480940;0.0;0.0;0.0
1666481000;0.0;0.0;0.0
1666481060;0.0;0.0;0.0
1666481120;0.0;0.0;0.0
1666481180;0.0;0.0;0.0
1666481240;0.0;0.0;0.0
1666481300;0.0;0.0;0.0
1666481360;0.0;0.0;0.0
1666481420;0.0;0.0;0.0
1666481480;0.0;0.0;0.0
1666481540;0.0;0.0;0.0
1666481600;0.0;0.0;0.0
1666481660;0.0;0.0;0.0
1666481720;0.0;0.0;0.0
1666481780;0.0;0.0;0.0
1666481840;0.0;0.0;0.0
1666481900;0.0;0.0;0.0
1666481960;0.0;0.0;0.0
1666482020;0.0;0.0;0.0
1666482080;0.0;0.0;0.0
1666482140;0.0;0.0;0.0
1666482200;0.0;0.0;0.0
1666482260;0.0;0.0;0.0
1666482320;0.0;0.0;0.0
1666482380;0.0;0.0;0.0
1666482440;0.0;0.0;0.0
1666482500;0.0;0.0;0.0
1666482560;0.0;0.0;0.0
1666482620;0.0;0.0;0.0
1666482680;0.0;0.0;0.0
1666482740;0.0;0.0;0.0
1666482800;0.0;0.0;0.0
1666482860;0.0;0.0;0.0
1666482920;0.0;0.0;0.0
1666482980;0.0;0.0;0.0
1666483040;0.0;0.0;0.0
1666483100;0.0;0.0;0.0
1666483160;0.0;0.0;0.0
1666483220;0.0;0.0;0.0
1666483280;0.0;0.0;0.0
1666483340;0.0;0.0;0.0
1666483400;0.0;0.0;0.0
1666483460;0.0;0.0;0.0
1666483520;0.0;0.0;0.0
1666483580;0.0;0.0;0.0
1666483640;0.0;0.0;0.0
1666483700;0.0;0.0;0.0
1666483760;0.0;0.0;0.0
1666483820;0.0;0.0;0.0
1666483880;0.0;0.0;0.0
1666483940;0.0;0.0;0.0
1666484000;0.0;0.0;0.0
1666484060;0.0;0.0;0.0
1666484120;0.0;0.0;0.0
1666484180;0.0;0.0;0.0
1666484240;0.0;0.0;0.0
1666484300;0.0;0.0;0.0
1666484360;0.0;0.0;0.0
1666484420;0.0;0.0;0.0
1666484480;0.0;0.0;0.0
1666484540;0.0;0.0;0.0
1666484600;0.0;0.0;0.0
1666484660;0.0;0.0;0.0
1666484720;0.0;0.0;0.0
1666484780;0.0;0.0;0.0
1666484840;0.0;0.0;0.0
1666484900;0.0;0.0;0.0
1666484960;0.0;0.0;0.0
1666485020;0.0;0.0;0.0
1666485080;0.0;0.0;0.0
1666485140;0.0;0.0;0.0
1666485200;0.0;0.0;0.0
1666485260;0.0;0.0;0.0
1666485320;0.0;0.0;0.0
1666485380;0.0;0.0;0.0
1666485440;0.0;0.0;0.0
1666485500;0.0;0.0;0.0
1666485560;0.0;0.0;0.0
1666485620;0.0;0.0;0.0
1666485680;0.0;0.0;0.0
1666485740;0.0;0.0;0.0
1666485800;0.0;0.0;0.0
1666485860;0.0;0.0;0.0
1666485920;0.0;0.0;0.0
1666485980;0.0;0.0;0.0
1666486040;0.0;0.0;0.0
1666486100;0.0;0.0;0.0
1666486160;0.0;0.0;0.0
1666486220;0.0;0.0;0.0
1666486280;0.0;0.0;0.0
1666486340;0.0;0.0;0.0
1666486400;0.0;0.0;0.0
1666486460;0.0;0.0;0.0
1666486520;0.0;0.0;0.0
1666486580;0.0;0.0;0.0
1666486640;0.0;0.0;0.0
1666486700;0.0;0.0;0.0
1666486760;0.0;0.0;0.0
1666486820;0.0;0.0;0.0
1666486880;0.0;0.0;0.0
1666486940;0.0;0.0;0.0
1666487000;0.0;0.0;0.0
1666487060;0.0;0.0;0.0
1666487120;0.0;0.0;0.0
1666487180;0.0;0.0;0.0
1666487240;0.0;0.0;0.0
1666487300;0.0;0.0;0.0
1666487360;0.0;0.0;0.0
1666487420;0.0;0.0;0.0
1666487480;0.0;0.0;0.0
1666487540;0.0;0.0;0.0
1666487600;0.0;0.0;0.0
1666487660;0.0;0.0;0.0
1666487720;0.0;0.0;0.0
1666487780;0.0;0.0;0.0
1666487840;0.0;0.0;0.0
1666487900;0.0;0.0;0.0
1666487960;0.0;0.0;0.0
1666488020;0.0;0.0;0.0
1666488080;0.0;0.0;0.0
1666488140;0.0;0.0;0.0
1666488200;0.0;0.0;0.0
1666488260;0.0;0.0;0.0
1666488320;0.0;0.0;0.0
1666488380;0.0;0.0;0.0
1666488440;0.0;0.0;0.0
1666488500;0.0;0.0;0.0
1666488560;0.0;0.0;0.0
1666488620;0.0;0.0;0.0
1666488680;0.0;0.0;0.0
1666488740;0.0;0.0;0.0
1666488800;0.0;0.0;0.0
1666488860;0.0;0.0;0.0
1666488920;0.0;0.0;0.0
1666488980;0.0;0.0;0.0
1666489040;0.0;0.0;0.0
1666489100;0.0;0.0;0.0
1666489160;0.0;0.0;0.0
1666489220;0.0;0.0;0.0
1666489280;0.0;0.0;0.0
1666489340;0.0;0.0;0.0
1666489400;0.0;0.0;0.0
1666489460;0.0;0.0;0.0
1666489520;0.0;0.0;0.0
1666489580;0.0;0.0;0.0
1666489640;0.0;0.0;0.0
1666489700;0.0;0.0;0.0
1666489760;0.0;0.0;0.0
1666489820;0.0;0.0;0.0
1666489880;0.0;0.0;0.0
1666489940;0.0;0.0;0.0
1666490000;0.0;0.0;0.0
1666490060;0.0;0.0;0.0
1666490120;0.0;0.0;0.0
1666490180;0.0;0.0;0.0
1666490240;0.0;0.0;0.0
1666490300;0.0;0.0;0.0
1666490360;0.0;0.0;0.0
1666490420;0.0;0.0;0.0
1666490480;0.0;0.0;0.0
1666490540;0.0;0.0;0.0
1666490600;0.0;0.0;0.0
1666490660;0.0;0.0;0.0
1666490720;0.0;0.0;0.0
1666490780;0.0;0.0;0.0
1666490840;0.0;0.0;0.0
1666490900;0.0;0.0;0.0
1666490960;0.0;0.0;0.0
1666491020;0.0;0.0;0.0
1666491080;0.0;0.0;0.0
1666491140;0.0;0.0;0.0
1666491200;0.0;0.0;0.0
1666491260;0.0;0.0;0.0
1666491320;0.0;0.0;0.0
1666491380;0.0;0.0;0.0
1666491440;0.0;0.0;0.0
1666491500;0.0;0.0;0.0
1666491560;0.0;0.0;0.0
1666491620;0.0;0.0;0.0
1666491680;0.0;0.0;0.0
1666491740;0.0;0.0;0.0
1666491800;0.0;0.0;0.0
1666491860;0.0;0.0;0.0
1666491920;0.0;0.0;0.0
1666491980;0.0;0.0;0.0
1666492040;0.0;0.0;0.0
1666492100;0.0;0.0;0.0
1666492160;0.0;0.0;0.0
1666492220;0.0;0.0;0.0
1666492280;0.0;0.0;0.0
1666492340;0.0;0.0;0.0
1666492400;0.0;0.0;0.0
1666492460;0.0;0.0;0.0
1666492520;0.0;0.0;0.0
1666492580;0.0;0.0;0.0
1666492640;0.0;0.0;0.0
1666492700;0.0;0.0;0.0
1666492760;0.0;0.0;0.0
1666492820;0.0;0.0;0.0
1666492880;0.0;0.0;0.0
1666492940;0.0;0.0;0.0
1666493000;0.0;0.0;0.0
1666493060;0.0;0.0;0.0
1666493120;0.0;0.0;0.0
1666493180;0.0;0.0;0.0
1666493240;0.0;0.0;0.0
1666493300;0.0;0.0;0.0
1666493360;0.0;0.0;0.0
1666493420;0.0;0.0;0.0
1666493480;0.0;0.0;0.0
1666493540;0.0;0.0;0.0
1666493600;0.0;0.0;0.0
1666493660;0.0;0.0;0.0
1666493720;0.0;0.0;0.0
1666493780;0.0;0.0;0.0
1666493840;0.0;0.0;0.0
1666493900;0.0;0.0;0.0
1666493960;0.0;0.0;0.0
1666494020;0.0;0.0;0.0
1666494080;0.0;0.0;0.0
1666494140;0.0;0.0;0.0
1666494200;0.0;0.0;0.0
1666494260;0.0;0.0;0.0
1666494320;0.0;0.0;0.0
1666494380;0.0;0.0;0.0
1666494440;0.0;0.0;0.0
1666494500;0.0;0.0;0.0
1666494560;0.0;0.0;0.0
1666494620;0.0;0.0;0.0
1666494680;0.0;0.0;0.0
1666494740;0.0;0.0;0.0
1666494800;0.0;0.0;0.0
1666494860;0.0;0.0;0.0
1666494920;0.0;0.0;0.0
1666494980;0.0;0.0;0.0
1666495040;0.0;0.0;0.0
1666495100;0.0;0.0;0.0
1666495160;0.0;0.0;0.0
1666495220;0.0;0.0;0.0
1666495280;0.0;0.0;0.0
1666495340;0.0;0.0;0.0
1666495400;0.0;0.0;0.0
1666495460;0.0;0.0;0.0
1666495520;0.0;0.0;0.0
1666495580;0.0;0.0;0.0
1666495640;0.0;0.0;0.0
1666495700;0.0;0.0;0.0
1666495760;0.0;0.0;0.0
1666495820;0.0;0.0;0.0
1666495880;0.0;0.0;0.0
1666495940;0.0;0.0;0.0
1666496000;0.0;0.0;0.0
1666496060;0.0;0.0;0.0
1666496120;0.0;0.0;0.0
1666496180;0.0;0.0;0.0
1666496240;0.0;0.0;0.0
1666496300;0.0;0.0;0.0
1666496360;0.0;0.0;0.0
1666496420;0.0;0.0;0.0
1666496480;0.0;0.0;0.0
1666496540;0.0;0.0;0.0
1666496600;0.0;0.0;0.0
1666496660;0.0;0.0;0.0
1666496720;0.0;0.0;0.0
1666496780;0.0;0.0;0.0
1666496840;0.0;0.0;0.0
1666496900;0.0;0.0;0.0
1666496960;0.0;0.0;0.0
1666497020;0.0;0.0;0.0
1666497080;0.0;0.0;0.0
1666497140;0.0;0.0;0.0
1666497200;0.0;0.0;0.0
1666497260;0.0;0.0;0.0
1666497320;0.0;0.0;0.0
1666497380;0.0;0.0;0.0
1666497440;0.0;0.0;0.0
1666497500;0.0;0.0;0.0
1666497560;0.0;0.0;0.0
1666497620;0.0;0.0;0.0
1666497680;0.0;0.0;0.0
1666497740;0.0;0.0;0.0
1666497800;0.0;0.0;0.0
1666497860;0.0;0.0;0.0
1666497920;0.0;0.0;0.0
1666497980;0.0;0.0;0.0
1666498040;0.0;0.0;0.0
1666498100;0.0;0.0;0.0
1666498160;0.0;0.0;0.0
1666498220;0.0;0.0;0.0
1666498280;0.0;0.0;0.0
1666498340;0.0;0.0;0.0
1666498400;0.0;0.0;0.0
1666498460;0.0;0.0;0.0
1666498520;0.0;0.0;0.0
1666498580;0.0;0.0;0.0
1666498640;0.0;0.0;0.0
1666498700;0.0;0.0;0.0
1666498760;0.0;0.0;0.0
1666498820;0.0;0.0;0.0
1666498880;0.0;0.0;0.0
1666498940;0.0;0.0;0.0
1666499000;0.0;0.0;0.0
1666499060;0.0;0.0;0.0
1666499120;0.0;0.0;0.0
1666499180;0.0;0.0;0.0
1666499240;0.0;0.0;0.0
1666499300;0.0;0.0;0.0
1666499360;0.0;0.0;0.0
1666499420;0.0;0.0;0.0
1666499480;0.0;0.0;0.0
1666499540;0.0;0.0;0.0
1666499600;0.0;0.0;0.0
1666499660;0.0;0.0;0.0
1666499720;0.0;0.0;0.0
1666499780;0.0;0.0;0.0
1666499840;0.0;0.0;0.0
1666499900;0.0;0.0;0.0
1666499960;0.0;0.0;0.0
1666500020;0.0;0.0;0.0
1666500080;0.0;0.0;0.0
1666500140;0.0;0.0;0.0
1666500200;0.0;0.0;0.0
1666500260;0.0;0.0;0.0
1666500320;0.0;0.0;0.0
1666500380;0.0;0.0;0.0
1666500440;0.0;0.0;0.0
1666500500;0.0;0.0;0.0
1666500560;0.0;0.0;0.0
1666500620;0.0;0.0;0.0
1666500680;0.0;0.0;0.0
1666500740;0.0;0.0;0.0
1666500800;0.0;0.0;0.0
1666500860;0.0;0.0;0.0
1666500920;0.0;0.0;0.0
1666500980;0.0;0.0;0.0
1666501040;0.0;0.0;0.0
1666501100;0.0;0.0;0.0
1666501160;0.0;0.0;0.0
1666501220;0.0;0.0;0.0
1666501280;0.0;0.0;0.0
1666501340;0.0;0.0;0.0
1666501400;0.0;0.0;0.0
1666501460;0.0;0.0;0.0
1666501520;0.0;0.0;0.0
1666501580;0.0;0.0;0.0
1666501640;0.0;0.0;0.0
1666501700;0.0;0.0;0.0
1666501760;0.0;0.0;0.0
1666501820;0.0;0.0;0.0
1666501880;0.0;0.0;0.0
1666501940;0.0;0.0;0.0
1666502000;0.0;0.0;0.0
1666502060;0.0;0.0;0.0
1666502120;0.0;0.0;0.0
1666502180;0.0;0.0;0.0
1666502240;0.0;0.0;0.0
1666502300;0.0;0.0;0.0
1666502360;0.0;0.0;0.0
1666502420;0.0;0.0;0.0
1666502480;0.0;0.0;0.0
1666502540;0.0;0.0;0.0
1666502600;0.0;0.0;0.0
1666502660;0.0;0.0;0.0
1666502720;0.0;0.0;0.0
1666502780;0.0;0.0;0.0
1666502840;0.0;0.0;0.0
1666502900;0.0;0.0;0.0
1666502960;0.0;0.0;0.0
1666503020;0.0;0.0;0.0
1666503080;0.0;0.0;0.0
1666503140;0.0;0.0;0.0
1666503200;0.0;0.0;0.0
1666503260;0.0;0.0;0.0
1666503320;0.0;0.0;0.0
1666503380;0.0;0.0;0.0
1666503440;0.0;0.0;0.0
1666503500;0.0;0.0;0.0
1666503560;0.0;0.0;0.0
1666503620;0.0;0.0;0.0
1666503680;0.0;0.0;0.0
1666503740;0.0;0.0;0.0
1666503800;0.0;0.0;0.0
1666503860;0.0;0.0;0.0
1666503920;0.0;0.0;0.0
1666503980;0.0;0.0;0.0
1666504040;0.0;0.0;0.0
1666504100;0.0;0.0;0.0
1666504160;0.0;0.0;0.0
1666504220;0.0;0.0;0.0
1666504280;0.0;0.0;0.0
1666504340;0.0;0.0;0.0
1666504400;0.0;0.0;0.0
1666504460;0.0;0.0;0.0
1666504520;0.0;0.0;0.0
1666504580;0.0;0.0;0.0
1666504640;0.0;0.0;0.0
1666504700;0.0;0.0;0.0
1666504760;0.0;0.0;0.0
1666504820;0.0;0.0;0.0
1666504880;0.0;0.0;0.0
1666504940;0.0;0.0;0.0
1666505000;0.0;0.0;0.0
1666505060;0.0;0.0;0.0
1666505120;0.0;0.0;0.0
1666505180;0.0;0.0;0.0
1666505240;0.0;0.0;0.0
1666505300;0.0;0.0;0.0
1666505360;0.0;0.0;0.0
1666505420;0.0;0.0;0.0
1666505480;0.0;0.0;0.0
1666505540;0.0;0.0;0.0
1666505600;0.0;0.0;0.0
1666505660;0.0;0.0;0.0
1666505720;0.0;0.0;0.0
1666505780;0.0;0.0;0.0
1666505840;0.0;0.0;0.0
1666505900;0.0;0.0;0.0
1666505960;0.0;0.0;0.0
1666506020;0.0;0.0;0.0
1666506080;0.0;0.0;0.0
1666506140;0.0;0.0;0.0
1666506200;0.0;0.0;0.0
1666506260;0.0;0.0;0.0
1666506320;0.0;0.0;0.0
1666506380;0.0;0.0;0.0
1666506440;0.0;0.0;0.0
1666506500;0.0;0.0;0.0
1666506560;0.0;0.0;0.0
1666506620;0.0;0.0;0.0
1666506680;0.0;0.0;0.0
1666506740;0.0;0.0;0.0
1666506800;0.0;0.0;0.0
1666506860;0.0;0.0;0.0
1666506920;0.0;0.0;0.0
1666506980;0.0;0.0;0.0
1666507040;0.0;0.0;0.0
1666507100;0.0;0.0;0.0
1666507160;0.0;0.0;0.0
1666507220;0.0;0.0;0.0
1666507280;0.0;0.0;0.0
1666507340;0.0;0.0;0.0
1666507400;0.0;0.0;0.0
1666507460;0.0;0.0;0.0
1666507520;0.0;0.0;0.0
1666507580;0.0;0.0;0.0
1666507640;0.0;0.0;0.0
1666507700;0.0;0.0;0.0
1666507760;0.0;0.0;0.0
1666507820;0.0;0.0;0.0
1666507880;0.0;0.0;0.0
1666507940;0.0;0.0;0.0
1666508000;0.0;0.0;0.0
1666508060;0.0;0.0;0.0
1666508120;0.0;0.0;0.0
1666508180;0.0;0.0;0.0
1666508240;0.0;0.0;0.0
1666508300;0.0;0.0;0.0
1666508360;0.0;0.0;0.0
1666508420;0.0;0.0;0.0
1666508480;0.0;0.0;0.0
1666508540;0.0;0.0;0.0
1666508600;0.0;0.0;0.0
1666508660;0.0;0.0;0.0
1666508720;0.0;0.0;0.0
1666508780;0.0;0.0;0.0
1666508840;0.0;0.0;0.0
1666508900;0.0;0.0;0.0
1666508960;0.0;0.0;0.0
1666509020;0.0;0.0;0.0
1666509080;0.0;0.0;0.0
1666509140;0.0;0.0;0.0
1666509200;0.0;0.0;0.0
1666509260;0.0;0.0;0.0
1666509320;0.0;0.0;0.0
1666509380;0.0;0.0;0.0
1666509440;0.0;0.0;0.0
1666509500;0.0;0.0;0.0
1666509560;0.0;0.0;0.0
1666509620;0.0;0.0;0.0
1666509680;0.0;0.0;0.0
1666509740;0.0;0.0;0.0
1666509800;0.0;0.0;0.0
1666509860;0.0;0.0;0.0
1666509920;0.0;0.0;0.0
1666509980;0.0;0.0;0.0
1666510040;0.0;0.0;0.0
1666510100;0.0;0.0;0.0
1666510160;0.0;0.0;0.0
1666510220;0.0;0.0;0.0
1666510280;0.0;0.0;0.0
1666510340;0.0;0.0;0.0
1666510400;0.0;0.0;0.0
1666510460;0.0;0.0;0.0
1666510520;0.0;0.0;0.0
1666510580;0.0;0.0;0.0
1666510640;0.0;0.0;0.0
1666510700;0.0;0.0;0.0
1666510760;0.0;0.0;0.0
1666510820;0.0;0.0;0.0
1666510880;0.0;0.0;0.0
1666510940;0.0;0.0;0.0
1666511000;0.0;0.0;0.0
1666511060;0.0;0.0;0.0
1666511120;0.0;0.0;0.0
1666511180;0.0;0.0;0.0
1666511240;0.0;0.0;0.0
1666511300;0.0;0.0;0.0
1666511360;0.0;0.0;0.0
1666511420;0.0;0.0;0.0
1666511480;0.0;0.0;0.0
1666511540;0.0;0.0;0.0
1666511600;0.0;0.0;0.0
1666511660;0.0;0.0;0.0
1666511720;0.0;0.0;0.0
1666511780;0.0;0.0;0.0
1666511840;0.0;0.0;0.0
1666511900;0.0;0.0;0.0
1666511960;0.0;0.0;0.0
1666512020;0.0;0.0;0.0
1666512080;0.0;0.0;0.0
1666512140;0.0;0.0;0.0
1666512200;0.0;0.0;0.0
1666512260;0.0;0.0;0.0
1666512320;0.0;0.0;0.0
1666512380;0.0;0.0;0.0
1666512440;0.0;0.0;0.0
1666512500;0.0;0.0;0.0
1666512560;0.0;0.0;0.0
1666512620;0.0;0.0;0.0
1666512680;0.0;0.0;0.0
1666512740;0.0;0.0;0.0
1666512800;0.0;0.0;0.0
1666512860;0.0;0.0;0.0
1666512920;0.0;0.0;0.0
1666512980;0.0;0.0;0.0
1666513040;0.0;0.0;0.0
1666513100;0.0;0.0;0.0
1666513160;0.0;0.0;0.0
1666513220;0.0;0.0;0.0
1666513280;0.0;0.0;0.0
1666513340;0.0;0.0;0.0
1666513400;0.0;0.0;0.0
1666513460;0.0;0.0;0.0
1666513520;0.0;0.0;0.0
1666513580;0.0;0.0;0.0
1666513640;0.0;0.0;0.0
1666513700;0.0;0.0;0.0
1666513760;0.0;0.0;0.0
1666513820;0.0;0.0;0.0
1666513880;0.0;0.0;0.0
1666513940;0.0;0.0;0.0
1666514000;0.0;0.0;0.0
1666514060;0.0;0.0;0.0
1666514120;0.0;0.0;0.0
1666514180;0.0;0.0;0.0
1666514240;0.0;0.0;0.0
1666514300;0.0;0.0;0.0
1666514360;0.0;0.0;0.0
1666514420;0.0;0.0;0.0
1666514480;0.0;0.0;0.0
1666514540;0.0;0.0;0.0
1666514600;0.0;0.0;0.0
1666514660;0.0;0.0;0.0
1666514720;0.0;0.0;0.0
1666514780;0.0;0.0;0.0
1666514840;0.0;0.0;0.0
1666514900;0.0;0.0;0.0
1666514960;0.0;0.0;0.0
1666515020;0.0;0.0;0.0
1666515080;0.0;0.0;0.0
1666515140;0.0;0.0;0.0
1666515200;0.0;0.0;0.0
1666515260;0.0;0.0;0.0
1666515320;0.0;0.0;0.0
1666515380;0.0;0.0;0.0
1666515440;0.0;0.0;0.0
1666515500;0.0;0.0;0.0
1666515560;0.0;0.0;0.0
1666515620;0.0;0.0;0.0
1666515680;0.0;0.0;0.0
1666515740;0.0;0.0;0.0
1666515800;0.0;0.0;0.0
1666515860;0.0;0.0;0.0
1666515920;0.0;0.0;0.0
1666515980;0.0;0.0;0.0
1666516040;0.0;0.0;0.0
1666516100;0.0;0.0;0.0
1666516160;0.0;0.0;0.0
1666516220;0.0;0.0;0.0
1666516280;0.0;0.0;0.0
1666516340;0.0;0.0;0.0
1666516400;0.0;0.0;0.0
1666516460;0.0;0.0;0.0
1666516520;0.0;0.0;0.0
1666516580;0.0;0.0;0.0
1666516640;0.0;0.0;0.0
1666516700;0.0;0.0;0.0
1666516760;0.0;0.0;0.0
1666516820;0.0;0.0;0.0
1666516880;0.0;0.0;0.0
1666516940;0.0;0.0;0.0
1666517000;0.0;0.0;0.0
1666517060;0.0;0.0;0.0
1666517120;0.0;0.0;0.0
1666517180;0.0;0.0;0.0
1666517240;0.0;0.0;0.0
1666517300;0.0;0.0;0.0
1666517360;0.0;0.0;0.0
1666517420;0.0;0.0;0.0
1666517480;0.0;0.0;0.0
1666517540;0.0;0.0;0.0
1666517600;0.0;0.0;0.0
1666517660;0.0;0.0;0.0
1666517720;0.0;0.0;0.0
1666517780;0.0;0.0;0.0
1666517840;0.0;0.0;0.0
1666517900;0.0;0.0;0.0
1666517960;0.0;0.0;0.0
1666518020;0.0;0.0;0.0
1666518080;0.0;0.0;0.0
1666518140;0.0;0.0;0.0
1666518200;0.0;0.0;0.0
1666518260;0.0;0.0;0.0
1666518320;0.0;0.0;0.0
1666518380;0.0;0.0;0.0
1666518440;0.0;0.0;0.0
1666518500;0.0;0.0;0.0
1666518560;0.0;0.0;0.0
1666518620;0.0;0.0;0.0
1666518680;0.0;0.0;0.0
1666518740;0.0;0.0;0.0
1666518800;0.0;0.0;0.0
1666518860;0.0;0.0;0.0
1666518920;0.0;0.0;0.0
1666518980;0.0;0.0;0.0
1666519040;0.0;0.0;0.0
1666519100;0.0;0.0;0.0
1666519160;0.0;0.0;0.0
1666519220;0.0;0.0;0.0
1666519280;0.0;0.0;0.0
1666519340;0.0;0.0;0.0
1666519400;0.0;0.0;0.0
1666519460;0.0;0.0;0.0
1666519520;0.0;0.0;0.0
1666519580;0.0;0.0;0.0
1666519640;0.0;0.0;0.0
1666519700;0.0;0.0;0.0
1666519760;0.0;0.0;0.0
1666519820;0.0;0.0;0.0
1666519880;0.0;0.0;0.0
1666519940;0.0;0.0;0.0
1666520000;0.0;0.0;0.0
1666520060;0.0;0.0;0.0
1666520120;0.0;0.0;0.0
1666520180;0.0;0.0;0.0
1666520240;0.0;0.0;0.0
1666520300;0.0;0.0;0.0
1666520360;0.0;0.0;0.0
1666520420;0.0;0.0;0.0
1666520480;0.0;0.0;0.0
1666520540;19.178495633602143;0.0025867662886534747;0.0025867662886534747
1666520600;104.38952645460765;0.014079900378013191;0.014079900378013191
1666520660;588.6936468124389;0.018965676270238176;0.0
1666520720;1496.0;0.04819595362359328;0.0
1666520780;1019.3013725280762;0.03283837010616854;0.0
1666520840;455.228029024601;0.2412195525415832;0.03908246865739416
1666520900;1509.0;0.8945969413997986;0.14199951450790455
1666520960;1511.8314283291497;2.0388643818028607;0.32666527827385783
1666521020;1512.0;2.0399013994710216;0.3660216953098988
1666521080;1512.0;2.0399013994710216;0.3660216953098988
1666521140;1512.0;2.0399013994710216;0.3660216953098988
1666521200;1512.0;2.0399013994710216;0.3660216953098988
1666521260;1512.0;2.0399013994710216;0.3660216953098988
1666521320;1512.0;2.0399013994710216;0.3660216953098988
1666521380;1447.4807279109955;1.2951811404331384;0.2243590418037829
1666521440;1516.0;0.29140359928120324;0.03085449874742152
1666521500;1516.0;0.29140359928120324;0.03085449874742152
1666521560;1516.0;0.29140359928120324;0.03085449874742152
1666521620;1516.0;0.29140359928120324;0.03085449874742152
1666521680;737.6068622430166;0.14178185653834413;0.015012196574648203
1666521740;0.0;0.0;0.0
1666521800;0.0;0.0;0.0
1666521860;0.0;0.0;0.0
1666521920;689.4759374777476;0.5324211670232528;0.06202965052698091
1666521980;1526.0;1.1783945700116705;0.13728868776834996
1666522040;1073.8334046761195;0.5352364038279948;0.12322542321058605
1666522100;985.7682849725087;1.9706145258037489;0.2774562384940831
1666522160;363.9548547108968;0.8666666666666667;0.11666666666666667
1666522220;0.0;0.0;0.0
1666522280;0.0;0.0;0.0
1666522340;934.4009745915731;0.3800857775672908;0.05882279890922357
1666522400;1552.0;0.631306198115084;0.0977021497082868
1666522460;955.352023379008;0.38860802431762526;0.06014171804915629
1666522520;86.93526220321655;0.049999999999999996;0.0
1666522580;0.0;0.0;0.0
1666522640;0.0;0.0;0.0
1666522700;0.0;0.0;0.0
1666522760;0.0;0.0;0.0
1666522820;0.0;0.0;0.0
1666522880;0.0;0.0;0.0
1666522940;0.0;0.0;0.0
1666523000;0.0;0.0;0.0
1666523060;0.0;0.0;0.0
1666523120;0.0;0.0;0.0
1666523180;0.0;0.0;0.0
1666523240;0.0;0.0;0.0
1666523300;0.0;0.0;0.0
1666523360;0.0;0.0;0.0
1666523420;0.0;0.0;0.0
1666523480;0.0;0.0;0.0
1666523540;0.0;0.0;0.0
1666523600;0.0;0.0;0.0
1666523660;0.0;0.0;0.0
1666523720;0.0;0.0;0.0
1666523780;0.0;0.0;0.0
1666523840;0.0;0.0;0.0
1666523900;0.0;0.0;0.0
1666523960;579.7799164772034;0.052475772795724365;0.018158712755377407
1666524020;1598.0;0.09981800380456964;0.004159083491857068
1666524080;1598.0;0.09981800380456964;0.004159083491857068
1666524140;1598.0;0.09981800380456964;0.004159083491857068
1666524200;1036.381556669871;0.06473688245723341;0.0026973701023847254
1666524260;0.0;0.0;0.0
1666524320;0.0;0.0;0.0
1666524380;0.0;0.0;0.0
1666524440;0.0;0.0;0.0
1666524500;0.0;0.0;0.0
1666524560;0.0;0.0;0.0
1666524620;0.0;0.0;0.0
1666524680;0.0;0.0;0.0
1666524740;0.0;0.0;0.0
1666524800;0.0;0.0;0.0
1666524860;0.0;0.0;0.0
1666524920;0.0;0.0;0.0
1666524980;0.0;0.0;0.0
1666525040;0.0;0.0;0.0
1666525100;0.0;0.0;0.0
1666525160;0.0;0.0;0.0
1666525220;0.0;0.0;0.0
1666525280;0.0;0.0;0.0
1666525340;0.0;0.0;0.0
1666525400;0.0;0.0;0.0
1666525460;0.0;0.0;0.0
1666525520;0.0;0.0;0.0
1666525580;0.0;0.0;0.0
1666525640;0.0;0.0;0.0
1666525700;0.0;0.0;0.0
1666525760;0.0;0.0;0.0
1666525820;0.0;0.0;0.0
1666525880;501.90602920452756;0.1;0.016666666666666663
1666525940;0.0;0.0;0.0
1666526000;0.0;0.0;0.0
1666526060;0.0;0.0;0.0
1666526120;0.0;0.0;0.0
1666526180;0.0;0.0;0.0
1666526240;0.0;0.0;0.0
1666526300;0.0;0.0;0.0
1666526360;0.0;0.0;0.0
1666526420;0.0;0.0;0.0
1666526480;0.0;0.0;0.0
1666526540;0.0;0.0;0.0
1666526600;0.0;0.0;0.0
1666526660;0.0;0.0;0.0
1666526720;0.0;0.0;0.0
1666526780;0.0;0.0;0.0
1666526840;0.0;0.0;0.0
1666526900;0.0;0.0;0.0
1666526960;0.0;0.0;0.0
1666527020;0.0;0.0;0.0
1666527080;0.0;0.0;0.0
1666527140;0.0;0.0;0.0
1666527200;0.0;0.0;0.0
1666527260;0.0;0.0;0.0
1666527320;0.0;0.0;0.0
1666527380;0.0;0.0;0.0
1666527440;0.0;0.0;0.0
1666527500;0.0;0.0;0.0
1666527560;0.0;0.0;0.0
1666527620;0.0;0.0;0.0
1666527680;0.0;0.0;0.0
1666527740;0.0;0.0;0.0
1666527800;0.0;0.0;0.0
1666527860;0.0;0.0;0.0
1666527920;0.0;0.0;0.0
1666527980;0.0;0.0;0.0
1666528040;0.0;0.0;0.0
1666528100;0.0;0.0;0.0
1666528160;0.0;0.0;0.0
1666528220;0.0;0.0;0.0
1666528280;0.0;0.0;0.0
1666528340;0.0;0.0;0.0
1666528400;0.0;0.0;0.0
1666528460;0.0;0.0;0.0
1666528520;0.0;0.0;0.0
1666528580;0.0;0.0;0.0
1666528640;0.0;0.0;0.0
1666528700;0.0;0.0;0.0
1666528760;0.0;0.0;0.0
1666528820;0.0;0.0;0.0
1666528880;0.0;0.0;0.0
1666528940;0.0;0.0;0.0
1666529000;0.0;0.0;0.0
1666529060;0.0;0.0;0.0
1666529120;0.0;0.0;0.0
1666529180;0.0;0.0;0.0
1666529240;0.0;0.0;0.0
1666529300;0.0;0.0;0.0
1666529360;0.0;0.0;0.0
1666529420;0.0;0.0;0.0
1666529480;0.0;0.0;0.0
1666529540;0.0;0.0;0.0
1666529600;0.0;0.0;0.0
1666529660;0.0;0.0;0.0
1666529720;0.0;0.0;0.0
1666529780;0.0;0.0;0.0
1666529840;0.0;0.0;0.0
1666529900;0.0;0.0;0.0
1666529960;0.0;0.0;0.0
1666530020;0.0;0.0;0.0
1666530080;0.0;0.0;0.0
1666530140;0.0;0.0;0.0
1666530200;0.0;0.0;0.0
1666530260;0.0;0.0;0.0
1666530320;0.0;0.0;0.0
1666530380;0.0;0.0;0.0
1666530440;0.0;0.0;0.0
1666530500;0.0;0.0;0.0
1666530560;0.0;0.0;0.0
1666530620;0.0;0.0;0.0
1666530680;0.0;0.0;0.0
1666530740;0.0;0.0;0.0
1666530800;0.0;0.0;0.0
1666530860;0.0;0.0;0.0
1666530920;0.0;0.0;0.0
1666530980;0.0;0.0;0.0
1666531040;0.0;0.0;0.0
1666531100;0.0;0.0;0.0
1666531160;0.0;0.0;0.0
1666531220;0.0;0.0;0.0
1666531280;0.0;0.0;0.0
1666531340;0.0;0.0;0.0
1666531400;0.0;0.0;0.0
1666531460;0.0;0.0;0.0
1666531520;0.0;0.0;0.0
1666531580;0.0;0.0;0.0
1666531640;0.0;0.0;0.0
1666531700;0.0;0.0;0.0
1666531760;0.0;0.0;0.0
1666531820;0.0;0.0;0.0
1666531880;0.0;0.0;0.0
1666531940;0.0;0.0;0.0
1666532000;0.0;0.0;0.0
1666532060;0.0;0.0;0.0
1666532120;0.0;0.0;0.0
1666532180;0.0;0.0;0.0
1666532240;0.0;0.0;0.0
1666532300;0.0;0.0;0.0
1666532360;0.0;0.0;0.0
1666532420;0.0;0.0;0.0
1666532480;0.0;0.0;0.0
1666532540;0.0;0.0;0.0
1666532600;0.0;0.0;0.0
1666532660;0.0;0.0;0.0
1666532720;0.0;0.0;0.0
1666532780;0.0;0.0;0.0
1666532840;0.0;0.0;0.0
1666532900;0.0;0.0;0.0
1666532960;0.0;0.0;0.0
1666533020;0.0;0.0;0.0
1666533080;0.0;0.0;0.0
1666533140;0.0;0.0;0.0
1666533200;0.0;0.0;0.0
1666533260;0.0;0.0;0.0
1666533320;0.0;0.0;0.0
1666533380;0.0;0.0;0.0
1666533440;0.0;0.0;0.0
1666533500;0.0;0.0;0.0
1666533560;0.0;0.0;0.0
1666533620;0.0;0.0;0.0
1666533680;0.0;0.0;0.0
1666533740;0.0;0.0;0.0
1666533800;0.0;0.0;0.0
1666533860;0.0;0.0;0.0
1666533920;0.0;0.0;0.0
1666533980;0.0;0.0;0.0
1666534040;0.0;0.0;0.0
1666534100;0.0;0.0;0.0
1666534160;0.0;0.0;0.0
1666534220;0.0;0.0;0.0
1666534280;0.0;0.0;0.0
1666534340;0.0;0.0;0.0
1666534400;0.0;0.0;0.0
1666534460;0.0;0.0;0.0
1666534520;0.0;0.0;0.0
1666534580;0.0;0.0;0.0
1666534640;0.0;0.0;0.0
1666534700;0.0;0.0;0.0
1666534760;0.0;0.0;0.0
1666534820;0.0;0.0;0.0
1666534880;0.0;0.0;0.0
1666534940;0.0;0.0;0.0
1666535000;0.0;0.0;0.0
1666535060;0.0;0.0;0.0
1666535120;0.0;0.0;0.0
1666535180;0.0;0.0;0.0
1666535240;0.0;0.0;0.0
1666535300;0.0;0.0;0.0
1666535360;0.0;0.0;0.0
1666535420;0.0;0.0;0.0
1666535480;0.0;0.0;0.0
1666535540;0.0;0.0;0.0
1666535600;0.0;0.0;0.0
1666535660;0.0;0.0;0.0
1666535720;0.0;0.0;0.0
1666535780;0.0;0.0;0.0
1666535840;0.0;0.0;0.0
1666535900;0.0;0.0;0.0
1666535960;0.0;0.0;0.0
1666536020;0.0;0.0;0.0
1666536080;0.0;0.0;0.0
1666536140;0.0;0.0;0.0
1666536200;0.0;0.0;0.0
1666536260;0.0;0.0;0.0
1666536320;0.0;0.0;0.0
1666536380;0.0;0.0;0.0
1666536440;0.0;0.0;0.0
1666536500;0.0;0.0;0.0
1666536560;0.0;0.0;0.0
1666536620;0.0;0.0;0.0
1666536680;0.0;0.0;0.0
1666536740;0.0;0.0;0.0
1666536800;0.0;0.0;0.0
1666536860;0.0;0.0;0.0
1666536920;0.0;0.0;0.0
1666536980;0.0;0.0;0.0
1666537040;0.0;0.0;0.0
1666537100;0.0;0.0;0.0
1666537160;0.0;0.0;0.0
1666537220;0.0;0.0;0.0
1666537280;0.0;0.0;0.0
1666537340;0.0;0.0;0.0
1666537400;0.0;0.0;0.0
1666537460;0.0;0.0;0.0
1666537520;0.0;0.0;0.0
1666537580;0.0;0.0;0.0
1666537640;0.0;0.0;0.0
1666537700;0.0;0.0;0.0
1666537760;0.0;0.0;0.0
1666537820;0.0;0.0;0.0
1666537880;0.0;0.0;0.0
1666537940;0.0;0.0;0.0
1666538000;0.0;0.0;0.0
1666538060;0.0;0.0;0.0
1666538120;0.0;0.0;0.0
1666538180;0.0;0.0;0.0
1666538240;0.0;0.0;0.0
1666538300;0.0;0.0;0.0
1666538360;0.0;0.0;0.0
1666538420;0.0;0.0;0.0
1666538480;0.0;0.0;0.0
1666538540;0.0;0.0;0.0
1666538600;0.0;0.0;0.0
1666538660;0.0;0.0;0.0
1666538720;0.0;0.0;0.0
1666538780;0.0;0.0;0.0
1666538840;0.0;0.0;0.0
1666538900;0.0;0.0;0.0
1666538960;0.0;0.0;0.0
1666539020;0.0;0.0;0.0
1666539080;0.0;0.0;0.0
1666539140;0.0;0.0;0.0
1666539200;0.0;0.0;0.0
1666539260;0.0;0.0;0.0
1666539320;0.0;0.0;0.0
1666539380;0.0;0.0;0.0
1666539440;0.0;0.0;0.0
1666539500;0.0;0.0;0.0
1666539560;0.0;0.0;0.0
1666539620;0.0;0.0;0.0
1666539680;0.0;0.0;0.0
1666539740;0.0;0.0;0.0
1666539800;0.0;0.0;0.0
1666539860;0.0;0.0;0.0
1666539920;0.0;0.0;0.0
1666539980;0.0;0.0;0.0
1666540040;0.0;0.0;0.0
1666540100;0.0;0.0;0.0
1666540160;0.0;0.0;0.0
1666540220;0.0;0.0;0.0
1666540280;0.0;0.0;0.0
1666540340;0.0;0.0;0.0
1666540400;0.0;0.0;0.0
1666540460;0.0;0.0;0.0
1666540520;0.0;0.0;0.0
1666540580;0.0;0.0;0.0
1666540640;0.0;0.0;0.0
1666540700;0.0;0.0;0.0
1666540760;1221.7921114603678;0.016014345540409904;0.016014345540409904
1666540820;49.767928647995;0.000652321126256764;0.000652321126256764
1666540880;203.7765945514043;0.5;0.049999999999999996
1666540940;250.25526811679205;0.21666666666666667;0.05
1666541000;45.220397583643596;0.05;0.0
1666541060;0.0;0.0;0.0
1666541120;0.0;0.0;0.0
1666541180;0.0;0.0;0.0
1666541240;0.0;0.0;0.0
1666541300;0.0;0.0;0.0
1666541360;0.0;0.0;0.0
1666541420;0.0;0.0;0.0
1666541480;0.0;0.0;0.0
1666541540;0.0;0.0;0.0
1666541600;0.0;0.0;0.0
1666541660;1027.9630646705627;0.01409194083679849;0.01409194083679849
1666541720;1704.0;0.02335946495665202;0.02335946495665202
1666541780;1704.0;0.02335946495665202;0.02335946495665202
1666541840;427.1620202064514;0.005855795916564134;0.005855795916564134
1666541900;0.0;0.0;0.0
1666541960;0.0;0.0;0.0
1666542020;0.0;0.0;0.0
1666542080;0.0;0.0;0.0
1666542140;0.0;0.0;0.0
1666542200;0.0;0.0;0.0
1666542260;0.0;0.0;0.0
1666542320;0.0;0.0;0.0
1666542380;0.0;0.0;0.0
1666542440;120.8053252140681;0.22073750058944228;0.03908893239604707
1666542500;754.8434423327445;1.3792624994105576;0.24424440093728628
1666542560;0.0;0.0;0.0
1666542620;146.9311347723007;0.06666666666666667;0.0
1666542680;0.0;0.0;0.0
1666542740;0.0;0.0;0.0
1666542800;0.0;0.0;0.0
1666542860;0.0;0.0;0.0
1666542920;0.0;0.0;0.0
1666542980;0.0;0.0;0.0
1666543040;0.0;0.0;0.0
1666543100;0.0;0.0;0.0
1666543160;0.0;0.0;0.0
1666543220;0.0;0.0;0.0
1666543280;0.0;0.0;0.0
1666543340;0.0;0.0;0.0
1666543400;0.0;0.0;0.0
1666543460;0.0;0.0;0.0
1666543520;0.0;0.0;0.0
1666543580;0.0;0.0;0.0
1666543640;0.0;0.0;0.0
1666543700;0.0;0.0;0.0
1666543760;0.0;0.0;0.0
1666543820;0.0;0.0;0.0
1666543880;0.0;0.0;0.0
1666543940;0.0;0.0;0.0
1666544000;0.0;0.0;0.0
1666544060;0.0;0.0;0.0
1666544120;0.0;0.0;0.0
1666544180;0.0;0.0;0.0
1666544240;0.0;0.0;0.0
1666544300;0.0;0.0;0.0
1666544360;0.0;0.0;0.0
1666544420;0.0;0.0;0.0
1666544480;0.0;0.0;0.0
1666544540;0.0;0.0;0.0
1666544600;0.0;0.0;0.0
1666544660;0.0;0.0;0.0
1666544720;0.0;0.0;0.0
1666544780;0.0;0.0;0.0
1666544840;0.0;0.0;0.0
1666544900;0.0;0.0;0.0
1666544960;0.0;0.0;0.0
1666545020;0.0;0.0;0.0
1666545080;0.0;0.0;0.0
1666545140;0.0;0.0;0.0
1666545200;0.0;0.0;0.0
1666545260;0.0;0.0;0.0
1666545320;0.0;0.0;0.0
1666545380;0.0;0.0;0.0
1666545440;0.0;0.0;0.0
1666545500;0.0;0.0;0.0
1666545560;0.0;0.0;0.0
1666545620;0.0;0.0;0.0
1666545680;0.0;0.0;0.0
1666545740;0.0;0.0;0.0
1666545800;0.0;0.0;0.0
1666545860;0.0;0.0;0.0
1666545920;0.0;0.0;0.0
1666545980;0.0;0.0;0.0
1666546040;0.0;0.0;0.0
1666546100;0.0;0.0;0.0
1666546160;0.0;0.0;0.0
1666546220;0.0;0.0;0.0
1666546280;0.0;0.0;0.0
1666546340;0.0;0.0;0.0
1666546400;0.0;0.0;0.0
1666546460;0.0;0.0;0.0
1666546520;0.0;0.0;0.0
1666546580;0.0;0.0;0.0
1666546640;0.0;0.0;0.0
1666546700;0.0;0.0;0.0
1666546760;0.0;0.0;0.0
1666546820;0.0;0.0;0.0
1666546880;0.0;0.0;0.0
1666546940;0.0;0.0;0.0
1666547000;0.0;0.0;0.0
1666547060;0.0;0.0;0.0
1666547120;0.0;0.0;0.0
1666547180;0.0;0.0;0.0
1666547240;0.0;0.0;0.0
1666547300;0.0;0.0;0.0
1666547360;0.0;0.0;0.0
1666547420;0.0;0.0;0.0
1666547480;0.0;0.0;0.0
1666547540;0.0;0.0;0.0
1666547600;0.0;0.0;0.0
1666547660;0.0;0.0;0.0
1666547720;0.0;0.0;0.0
1666547780;0.0;0.0;0.0
1666547840;0.0;0.0;0.0
1666547900;0.0;0.0;0.0
1666547960;0.0;0.0;0.0
1666548020;0.0;0.0;0.0
1666548080;0.0;0.0;0.0
1666548140;0.0;0.0;0.0
1666548200;0.0;0.0;0.0
1666548260;0.0;0.0;0.0
1666548320;0.0;0.0;0.0
1666548380;0.0;0.0;0.0
1666548440;0.0;0.0;0.0
1666548500;0.0;0.0;0.0
1666548560;0.0;0.0;0.0
1666548620;0.0;0.0;0.0
1666548680;0.0;0.0;0.0
1666548740;0.0;0.0;0.0
1666548800;0.0;0.0;0.0
1666548860;0.0;0.0;0.0
1666548920;0.0;0.0;0.0
1666548980;0.0;0.0;0.0
1666549040;0.0;0.0;0.0
1666549100;0.0;0.0;0.0
1666549160;0.0;0.0;0.0
1666549220;0.0;0.0;0.0
1666549280;0.0;0.0;0.0
1666549340;0.0;0.0;0.0
1666549400;0.0;0.0;0.0
1666549460;0.0;0.0;0.0
1666549520;0.0;0.0;0.0
1666549580;0.0;0.0;0.0
1666549640;0.0;0.0;0.0
1666549700;0.0;0.0;0.0
1666549760;0.0;0.0;0.0
1666549820;0.0;0.0;0.0
1666549880;0.0;0.0;0.0
1666549940;0.0;0.0;0.0
1666550000;0.0;0.0;0.0
1666550060;0.0;0.0;0.0
1666550120;0.0;0.0;0.0
1666550180;0.0;0.0;0.0
1666550240;0.0;0.0;0.0
1666550300;0.0;0.0;0.0
1666550360;0.0;0.0;0.0
1666550420;0.0;0.0;0.0
1666550480;0.0;0.0;0.0
1666550540;0.0;0.0;0.0
1666550600;0.0;0.0;0.0
1666550660;0.0;0.0;0.0
1666550720;0.0;0.0;0.0
1666550780;0.0;0.0;0.0
1666550840;0.0;0.0;0.0
1666550900;0.0;0.0;0.0
1666550960;0.0;0.0;0.0
1666551020;0.0;0.0;0.0
1666551080;0.0;0.0;0.0
1666551140;0.0;0.0;0.0
1666551200;0.0;0.0;0.0
1666551260;0.0;0.0;0.0
1666551320;0.0;0.0;0.0
1666551380;0.0;0.0;0.0
1666551440;0.0;0.0;0.0
1666551500;0.0;0.0;0.0
1666551560;0.0;0.0;0.0
1666551620;0.0;0.0;0.0
1666551680;0.0;0.0;0.0
1666551740;0.0;0.0;0.0
1666551800;0.0;0.0;0.0
1666551860;0.0;0.0;0.0
1666551920;0.0;0.0;0.0
1666551980;0.0;0.0;0.0
1666552040;0.0;0.0;0.0
1666552100;0.0;0.0;0.0
1666552160;0.0;0.0;0.0
1666552220;0.0;0.0;0.0
1666552280;0.0;0.0;0.0
1666552340;0.0;0.0;0.0
1666552400;0.0;0.0;0.0
1666552460;0.0;0.0;0.0
1666552520;0.0;0.0;0.0
1666552580;0.0;0.0;0.0
1666552640;0.0;0.0;0.0
1666552700;0.0;0.0;0.0
1666552760;0.0;0.0;0.0
1666552820;0.0;0.0;0.0
1666552880;0.0;0.0;0.0
1666552940;0.0;0.0;0.0
1666553000;0.0;0.0;0.0
1666553060;0.0;0.0;0.0
1666553120;0.0;0.0;0.0
1666553180;0.0;0.0;0.0
1666553240;0.0;0.0;0.0
1666553300;0.0;0.0;0.0
1666553360;0.0;0.0;0.0
1666553420;0.0;0.0;0.0
1666553480;0.0;0.0;0.0
1666553540;0.0;0.0;0.0
1666553600;0.0;0.0;0.0
1666553660;0.0;0.0;0.0
1666553720;0.0;0.0;0.0
1666553780;0.0;0.0;0.0
1666553840;0.0;0.0;0.0
1666553900;0.0;0.0;0.0
1666553960;0.0;0.0;0.0
1666554020;0.0;0.0;0.0
1666554080;0.0;0.0;0.0
1666554140;0.0;0.0;0.0
1666554200;0.0;0.0;0.0
1666554260;0.0;0.0;0.0
1666554320;0.0;0.0;0.0
1666554380;0.0;0.0;0.0
1666554440;0.0;0.0;0.0
1666554500;0.0;0.0;0.0
1666554560;0.0;0.0;0.0
1666554620;0.0;0.0;0.0
1666554680;0.0;0.0;0.0
1666554740;0.0;0.0;0.0
1666554800;0.0;0.0;0.0
1666554860;0.0;0.0;0.0
1666554920;0.0;0.0;0.0
1666554980;0.0;0.0;0.0
1666555040;0.0;0.0;0.0
1666555100;0.0;0.0;0.0
1666555160;0.0;0.0;0.0
1666555220;0.0;0.0;0.0
1666555280;0.0;0.0;0.0
1666555340;0.0;0.0;0.0
1666555400;0.0;0.0;0.0
1666555460;0.0;0.0;0.0
1666555520;0.0;0.0;0.0
1666555580;0.0;0.0;0.0
1666555640;0.0;0.0;0.0
1666555700;0.0;0.0;0.0
1666555760;0.0;0.0;0.0
1666555820;0.0;0.0;0.0
1666555880;0.0;0.0;0.0
1666555940;0.0;0.0;0.0
1666556000;0.0;0.0;0.0
1666556060;0.0;0.0;0.0
1666556120;0.0;0.0;0.0
1666556180;0.0;0.0;0.0
1666556240;0.0;0.0;0.0
1666556300;0.0;0.0;0.0
1666556360;0.0;0.0;0.0
1666556420;0.0;0.0;0.0
1666556480;0.0;0.0;0.0
1666556540;0.0;0.0;0.0
1666556600;0.0;0.0;0.0
1666556660;0.0;0.0;0.0
1666556720;0.0;0.0;0.0
1666556780;0.0;0.0;0.0
1666556840;0.0;0.0;0.0
1666556900;0.0;0.0;0.0
1666556960;0.0;0.0;0.0
1666557020;0.0;0.0;0.0
1666557080;0.0;0.0;0.0
1666557140;0.0;0.0;0.0
1666557200;0.0;0.0;0.0
1666557260;0.0;0.0;0.0
1666557320;0.0;0.0;0.0
1666557380;0.0;0.0;0.0
1666557440;0.0;0.0;0.0
1666557500;0.0;0.0;0.0
1666557560;0.0;0.0;0.0
1666557620;0.0;0.0;0.0
1666557680;0.0;0.0;0.0
1666557740;0.0;0.0;0.0
1666557800;0.0;0.0;0.0
1666557860;0.0;0.0;0.0
1666557920;0.0;0.0;0.0
1666557980;0.0;0.0;0.0
1666558040;0.0;0.0;0.0
1666558100;0.0;0.0;0.0
1666558160;0.0;0.0;0.0
1666558220;0.0;0.0;0.0
1666558280;0.0;0.0;0.0
1666558340;0.0;0.0;0.0
1666558400;0.0;0.0;0.0
1666558460;0.0;0.0;0.0
1666558520;0.0;0.0;0.0
1666558580;0.0;0.0;0.0
1666558640;0.0;0.0;0.0
1666558700;0.0;0.0;0.0
1666558760;0.0;0.0;0.0
1666558820;0.0;0.0;0.0
1666558880;0.0;0.0;0.0
1666558940;0.0;0.0;0.0
1666559000;0.0;0.0;0.0
1666559060;0.0;0.0;0.0
1666559120;0.0;0.0;0.0
1666559180;0.0;0.0;0.0
1666559240;0.0;0.0;0.0
1666559300;0.0;0.0;0.0
1666559360;0.0;0.0;0.0
1666559420;0.0;0.0;0.0
1666559480;0.0;0.0;0.0
1666559540;0.0;0.0;0.0
1666559600;0.0;0.0;0.0
1666559660;0.0;0.0;0.0
1666559720;0.0;0.0;0.0
1666559780;0.0;0.0;0.0
1666559840;0.0;0.0;0.0
1666559900;0.0;0.0;0.0
1666559960;0.0;0.0;0.0
1666560020;0.0;0.0;0.0
1666560080;0.0;0.0;0.0
1666560140;0.0;0.0;0.0
1666560200;0.0;0.0;0.0
1666560260;0.0;0.0;0.0
1666560320;0.0;0.0;0.0
1666560380;0.0;0.0;0.0
1666560440;0.0;0.0;0.0
1666560500;0.0;0.0;0.0
1666560560;0.0;0.0;0.0
1666560620;0.0;0.0;0.0
1666560680;0.0;0.0;0.0
1666560740;0.0;0.0;0.0
1666560800;0.0;0.0;0.0
1666560860;0.0;0.0;0.0
1666560920;0.0;0.0;0.0
1666560980;0.0;0.0;0.0
1666561040;0.0;0.0;0.0
1666561100;0.0;0.0;0.0
1666561160;0.0;0.0;0.0
1666561220;0.0;0.0;0.0
1666561280;0.0;0.0;0.0
1666561340;0.0;0.0;0.0
1666561400;0.0;0.0;0.0
1666561460;0.0;0.0;0.0
1666561520;0.0;0.0;0.0
1666561580;0.0;0.0;0.0
1666561640;0.0;0.0;0.0
1666561700;0.0;0.0;0.0
1666561760;0.0;0.0;0.0
1666561820;0.0;0.0;0.0
1666561880;0.0;0.0;0.0
1666561940;0.0;0.0;0.0
1666562000;0.0;0.0;0.0
1666562060;0.0;0.0;0.0
1666562120;0.0;0.0;0.0
1666562180;0.0;0.0;0.0
1666562240;0.0;0.0;0.0
1666562300;0.0;0.0;0.0
1666562360;0.0;0.0;0.0
1666562420;0.0;0.0;0.0
1666562480;0.0;0.0;0.0
1666562540;0.0;0.0;0.0
1666562600;0.0;0.0;0.0
1666562660;0.0;0.0;0.0
1666562720;0.0;0.0;0.0
1666562780;0.0;0.0;0.0
1666562840;0.0;0.0;0.0
1666562900;0.0;0.0;0.0
1666562960;0.0;0.0;0.0
1666563020;0.0;0.0;0.0
1666563080;0.0;0.0;0.0
1666563140;0.0;0.0;0.0
1666563200;0.0;0.0;0.0
1666563260;0.0;0.0;0.0
1666563320;0.0;0.0;0.0
1666563380;0.0;0.0;0.0
1666563440;0.0;0.0;0.0
1666563500;0.0;0.0;0.0
1666563560;0.0;0.0;0.0
1666563620;0.0;0.0;0.0
1666563680;0.0;0.0;0.0
1666563740;0.0;0.0;0.0
1666563800;0.0;0.0;0.0
1666563860;0.0;0.0;0.0
1666563920;0.0;0.0;0.0
1666563980;0.0;0.0;0.0
1666564040;0.0;0.0;0.0
1666564100;0.0;0.0;0.0
1666564160;0.0;0.0;0.0
1666564220;0.0;0.0;0.0
1666564280;0.0;0.0;0.0
1666564340;0.0;0.0;0.0
1666564400;0.0;0.0;0.0
1666564460;0.0;0.0;0.0
1666564520;0.0;0.0;0.0
1666564580;0.0;0.0;0.0
1666564640;0.0;0.0;0.0
1666564700;0.0;0.0;0.0
1666564760;0.0;0.0;0.0
1666564820;0.0;0.0;0.0
1666564880;0.0;0.0;0.0
1666564940;0.0;0.0;0.0
1666565000;0.0;0.0;0.0
1666565060;0.0;0.0;0.0
1666565120;0.0;0.0;0.0
1666565180;0.0;0.0;0.0
1666565240;0.0;0.0;0.0
1666565300;0.0;0.0;0.0
1666565360;0.0;0.0;0.0
1666565420;0.0;0.0;0.0
1666565480;0.0;0.0;0.0
1666565540;0.0;0.0;0.0
1666565600;0.0;0.0;0.0
1666565660;0.0;0.0;0.0
1666565720;0.0;0.0;0.0
1666565780;0.0;0.0;0.0
1666565840;0.0;0.0;0.0
1666565900;0.0;0.0;0.0
1666565960;0.0;0.0;0.0
1666566020;0.0;0.0;0.0
1666566080;0.0;0.0;0.0
1666566140;0.0;0.0;0.0
1666566200;0.0;0.0;0.0
1666566260;0.0;0.0;0.0
1666566320;0.0;0.0;0.0
1666566380;0.0;0.0;0.0
1666566440;0.0;0.0;0.0
1666566500;0.0;0.0;0.0
1666566560;0.0;0.0;0.0
1666566620;0.0;0.0;0.0
1666566680;0.0;0.0;0.0
1666566740;0.0;0.0;0.0
1666566800;0.0;0.0;0.0
1666566860;0.0;0.0;0.0
1666566920;0.0;0.0;0.0
1666566980;0.0;0.0;0.0
1666567040;0.0;0.0;0.0
1666567100;0.0;0.0;0.0
1666567160;0.0;0.0;0.0
1666567220;0.0;0.0;0.0
1666567280;0.0;0.0;0.0
1666567340;0.0;0.0;0.0
1666567400;0.0;0.0;0.0
1666567460;0.0;0.0;0.0
1666567520;0.0;0.0;0.0
1666567580;0.0;0.0;0.0
1666567640;0.0;0.0;0.0
1666567700;0.0;0.0;0.0
1666567760;0.0;0.0;0.0
1666567820;0.0;0.0;0.0
1666567880;0.0;0.0;0.0
1666567940;0.0;0.0;0.0
1666568000;0.0;0.0;0.0
1666568060;0.0;0.0;0.0
1666568120;0.0;0.0;0.0
1666568180;0.0;0.0;0.0
1666568240;0.0;0.0;0.0
1666568300;0.0;0.0;0.0
1666568360;0.0;0.0;0.0
1666568420;0.0;0.0;0.0
1666568480;0.0;0.0;0.0
1666568540;0.0;0.0;0.0
1666568600;0.0;0.0;0.0
1666568660;0.0;0.0;0.0
1666568720;0.0;0.0;0.0
1666568780;0.0;0.0;0.0
1666568840;0.0;0.0;0.0
1666568900;0.0;0.0;0.0
1666568960;0.0;0.0;0.0
1666569020;0.0;0.0;0.0
1666569080;0.0;0.0;0.0
1666569140;0.0;0.0;0.0
1666569200;0.0;0.0;0.0
1666569260;0.0;0.0;0.0
1666569320;0.0;0.0;0.0
1666569380;0.0;0.0;0.0
1666569440;0.0;0.0;0.0
1666569500;0.0;0.0;0.0
1666569560;0.0;0.0;0.0
1666569620;0.0;0.0;0.0
1666569680;0.0;0.0;0.0
1666569740;0.0;0.0;0.0
1666569800;0.0;0.0;0.0
1666569860;0.0;0.0;0.0
1666569920;0.0;0.0;0.0
1666569980;0.0;0.0;0.0
1666570040;0.0;0.0;0.0
1666570100;0.0;0.0;0.0
1666570160;0.0;0.0;0.0
1666570220;0.0;0.0;0.0
1666570280;0.0;0.0;0.0
1666570340;0.0;0.0;0.0
1666570400;0.0;0.0;0.0
1666570460;0.0;0.0;0.0
1666570520;0.0;0.0;0.0
1666570580;0.0;0.0;0.0
1666570640;0.0;0.0;0.0
1666570700;0.0;0.0;0.0
1666570760;0.0;0.0;0.0
1666570820;0.0;0.0;0.0
1666570880;0.0;0.0;0.0
1666570940;0.0;0.0;0.0
1666571000;0.0;0.0;0.0
1666571060;0.0;0.0;0.0
1666571120;0.0;0.0;0.0
1666571180;0.0;0.0;0.0
1666571240;0.0;0.0;0.0
1666571300;0.0;0.0;0.0
1666571360;0.0;0.0;0.0
1666571420;0.0;0.0;0.0
1666571480;0.0;0.0;0.0
1666571540;0.0;0.0;0.0
1666571600;0.0;0.0;0.0
1666571660;0.0;0.0;0.0
1666571720;0.0;0.0;0.0
1666571780;0.0;0.0;0.0
1666571840;0.0;0.0;0.0
1666571900;0.0;0.0;0.0
1666571960;0.0;0.0;0.0
1666572020;0.0;0.0;0.0
1666572080;0.0;0.0;0.0
1666572140;0.0;0.0;0.0
1666572200;0.0;0.0;0.0
1666572260;0.0;0.0;0.0
1666572320;0.0;0.0;0.0
1666572380;0.0;0.0;0.0
1666572440;0.0;0.0;0.0
1666572500;0.0;0.0;0.0
1666572560;0.0;0.0;0.0
1666572620;0.0;0.0;0.0
1666572680;0.0;0.0;0.0
1666572740;0.0;0.0;0.0
1666572800;0.0;0.0;0.0
1666572860;0.0;0.0;0.0
1666572920;0.0;0.0;0.0
1666572980;0.0;0.0;0.0
1666573040;0.0;0.0;0.0
1666573100;0.0;0.0;0.0
1666573160;0.0;0.0;0.0
1666573220;0.0;0.0;0.0
1666573280;0.0;0.0;0.0
1666573340;0.0;0.0;0.0
1666573400;0.0;0.0;0.0
1666573460;0.0;0.0;0.0
1666573520;0.0;0.0;0.0
1666573580;0.0;0.0;0.0
1666573640;0.0;0.0;0.0
1666573700;0.0;0.0;0.0
1666573760;0.0;0.0;0.0
1666573820;0.0;0.0;0.0
1666573880;0.0;0.0;0.0
1666573940;0.0;0.0;0.0
1666574000;0.0;0.0;0.0
1666574060;0.0;0.0;0.0
1666574120;0.0;0.0;0.0
1666574180;0.0;0.0;0.0
1666574240;0.0;0.0;0.0
1666574300;0.0;0.0;0.0
1666574360;0.0;0.0;0.0
1666574420;0.0;0.0;0.0
1666574480;0.0;0.0;0.0
1666574540;0.0;0.0;0.0
1666574600;0.0;0.0;0.0
1666574660;0.0;0.0;0.0
1666574720;0.0;0.0;0.0
1666574780;0.0;0.0;0.0
1666574840;0.0;0.0;0.0
1666574900;0.0;0.0;0.0
1666574960;0.0;0.0;0.0
1666575020;0.0;0.0;0.0
1666575080;0.0;0.0;0.0
1666575140;0.0;0.0;0.0
1666575200;0.0;0.0;0.0
1666575260;0.0;0.0;0.0
1666575320;0.0;0.0;0.0
1666575380;0.0;0.0;0.0
1666575440;0.0;0.0;0.0
1666575500;0.0;0.0;0.0
1666575560;0.0;0.0;0.0
1666575620;0.0;0.0;0.0
1666575680;0.0;0.0;0.0
1666575740;0.0;0.0;0.0
1666575800;0.0;0.0;0.0
1666575860;0.0;0.0;0.0
1666575920;0.0;0.0;0.0
1666575980;0.0;0.0;0.0
1666576040;0.0;0.0;0.0
1666576100;0.0;0.0;0.0
1666576160;0.0;0.0;0.0
1666576220;0.0;0.0;0.0
1666576280;0.0;0.0;0.0
1666576340;0.0;0.0;0.0
1666576400;0.0;0.0;0.0
1666576460;0.0;0.0;0.0
1666576520;0.0;0.0;0.0
1666576580;0.0;0.0;0.0
1666576640;0.0;0.0;0.0
1666576700;0.0;0.0;0.0
1666576760;0.0;0.0;0.0
1666576820;0.0;0.0;0.0
1666576880;0.0;0.0;0.0
1666576940;0.0;0.0;0.0
1666577000;0.0;0.0;0.0
1666577060;0.0;0.0;0.0
1666577120;0.0;0.0;0.0
1666577180;0.0;0.0;0.0
1666577240;0.0;0.0;0.0
1666577300;0.0;0.0;0.0
1666577360;0.0;0.0;0.0
1666577420;0.0;0.0;0.0
1666577480;0.0;0.0;0.0
1666577540;0.0;0.0;0.0
1666577600;0.0;0.0;0.0
1666577660;0.0;0.0;0.0
1666577720;0.0;0.0;0.0
1666577780;0.0;0.0;0.0
1666577840;0.0;0.0;0.0
1666577900;0.0;0.0;0.0
1666577960;0.0;0.0;0.0
1666578020;0.0;0.0;0.0
1666578080;0.0;0.0;0.0
1666578140;0.0;0.0;0.0
1666578200;0.0;0.0;0.0
1666578260;0.0;0.0;0.0
1666578320;0.0;0.0;0.0
1666578380;0.0;0.0;0.0
1666578440;0.0;0.0;0.0
1666578500;0.0;0.0;0.0
1666578560;0.0;0.0;0.0
1666578620;0.0;0.0;0.0
1666578680;0.0;0.0;0.0
1666578740;0.0;0.0;0.0
1666578800;0.0;0.0;0.0
1666578860;0.0;0.0;0.0
1666578920;0.0;0.0;0.0
1666578980;0.0;0.0;0.0
1666579040;0.0;0.0;0.0
1666579100;0.0;0.0;0.0
1666579160;0.0;0.0;0.0
1666579220;0.0;0.0;0.0
1666579280;0.0;0.0;0.0
1666579340;0.0;0.0;0.0
1666579400;0.0;0.0;0.0
1666579460;0.0;0.0;0.0
1666579520;0.0;0.0;0.0
1666579580;0.0;0.0;0.0
1666579640;0.0;0.0;0.0
1666579700;0.0;0.0;0.0
1666579760;0.0;0.0;0.0
1666579820;0.0;0.0;0.0
1666579880;0.0;0.0;0.0
1666579940;0.0;0.0;0.0
1666580000;0.0;0.0;0.0
1666580060;0.0;0.0;0.0
1666580120;0.0;0.0;0.0
1666580180;0.0;0.0;0.0
1666580240;0.0;0.0;0.0
1666580300;0.0;0.0;0.0
1666580360;0.0;0.0;0.0
1666580420;0.0;0.0;0.0
1666580480;0.0;0.0;0.0
1666580540;0.0;0.0;0.0
1666580600;0.0;0.0;0.0
1666580660;0.0;0.0;0.0
1666580720;0.0;0.0;0.0
1666580780;0.0;0.0;0.0
1666580840;0.0;0.0;0.0
1666580900;0.0;0.0;0.0
1666580960;0.0;0.0;0.0
1666581020;0.0;0.0;0.0
1666581080;0.0;0.0;0.0
1666581140;0.0;0.0;0.0
1666581200;0.0;0.0;0.0
1666581260;0.0;0.0;0.0
1666581320;0.0;0.0;0.0
1666581380;0.0;0.0;0.0
1666581440;0.0;0.0;0.0
1666581500;0.0;0.0;0.0
1666581560;0.0;0.0;0.0
1666581620;0.0;0.0;0.0
1666581680;0.0;0.0;0.0
1666581740;0.0;0.0;0.0
1666581800;0.0;0.0;0.0
1666581860;0.0;0.0;0.0
1666581920;0.0;0.0;0.0
1666581980;0.0;0.0;0.0
1666582040;0.0;0.0;0.0
1666582100;0.0;0.0;0.0
1666582160;0.0;0.0;0.0
1666582220;0.0;0.0;0.0
1666582280;0.0;0.0;0.0
1666582340;0.0;0.0;0.0
1666582400;0.0;0.0;0.0
1666582460;0.0;0.0;0.0
1666582520;0.0;0.0;0.0
1666582580;0.0;0.0;0.0
1666582640;0.0;0.0;0.0
1666582700;0.0;0.0;0.0
1666582760;0.0;0.0;0.0
1666582820;0.0;0.0;0.0
1666582880;0.0;0.0;0.0
1666582940;0.0;0.0;0.0
1666583000;0.0;0.0;0.0
1666583060;0.0;0.0;0.0
1666583120;0.0;0.0;0.0
1666583180;0.0;0.0;0.0
1666583240;0.0;0.0;0.0
1666583300;0.0;0.0;0.0
1666583360;0.0;0.0;0.0
1666583420;0.0;0.0;0.0
1666583480;0.0;0.0;0.0
1666583540;0.0;0.0;0.0
1666583600;0.0;0.0;0.0
1666583660;0.0;0.0;0.0
1666583720;0.0;0.0;0.0
1666583780;0.0;0.0;0.0
1666583840;0.0;0.0;0.0
1666583900;0.0;0.0;0.0
1666583960;0.0;0.0;0.0
1666584020;0.0;0.0;0.0
1666584080;0.0;0.0;0.0
1666584140;0.0;0.0;0.0
1666584200;0.0;0.0;0.0
1666584260;0.0;0.0;0.0
1666584320;0.0;0.0;0.0
1666584380;0.0;0.0;0.0
1666584440;0.0;0.0;0.0
1666584500;0.0;0.0;0.0
1666584560;0.0;0.0;0.0
1666584620;0.0;0.0;0.0
1666584680;0.0;0.0;0.0
1666584740;0.0;0.0;0.0
1666584800;0.0;0.0;0.0
1666584860;0.0;0.0;0.0
1666584920;0.0;0.0;0.0
1666584980;0.0;0.0;0.0
1666585040;0.0;0.0;0.0
1666585100;0.0;0.0;0.0
1666585160;0.0;0.0;0.0
1666585220;0.0;0.0;0.0
1666585280;0.0;0.0;0.0
1666585340;0.0;0.0;0.0
1666585400;0.0;0.0;0.0
1666585460;0.0;0.0;0.0
1666585520;0.0;0.0;0.0
1666585580;0.0;0.0;0.0
1666585640;0.0;0.0;0.0
1666585700;0.0;0.0;0.0
1666585760;0.0;0.0;0.0
1666585820;0.0;0.0;0.0
1666585880;0.0;0.0;0.0
1666585940;0.0;0.0;0.0
1666586000;0.0;0.0;0.0
1666586060;0.0;0.0;0.0
1666586120;0.0;0.0;0.0
1666586180;0.0;0.0;0.0
1666586240;0.0;0.0;0.0
1666586300;0.0;0.0;0.0
1666586360;0.0;0.0;0.0
1666586420;0.0;0.0;0.0
1666586480;0.0;0.0;0.0
1666586540;0.0;0.0;0.0
1666586600;0.0;0.0;0.0
1666586660;0.0;0.0;0.0
1666586720;0.0;0.0;0.0
1666586780;0.0;0.0;0.0
1666586840;0.0;0.0;0.0
1666586900;0.0;0.0;0.0
1666586960;0.0;0.0;0.0
1666587020;0.0;0.0;0.0
1666587080;0.0;0.0;0.0
1666587140;0.0;0.0;0.0
1666587200;0.0;0.0;0.0
1666587260;0.0;0.0;0.0
1666587320;0.0;0.0;0.0
1666587380;0.0;0.0;0.0
1666587440;0.0;0.0;0.0
1666587500;0.0;0.0;0.0
1666587560;0.0;0.0;0.0
1666587620;0.0;0.0;0.0
1666587680;0.0;0.0;0.0
1666587740;0.0;0.0;0.0
1666587800;0.0;0.0;0.0
1666587860;0.0;0.0;0.0
1666587920;0.0;0.0;0.0
1666587980;0.0;0.0;0.0
1666588040;0.0;0.0;0.0
1666588100;0.0;0.0;0.0
1666588160;0.0;0.0;0.0
1666588220;0.0;0.0;0.0
1666588280;0.0;0.0;0.0
1666588340;0.0;0.0;0.0
1666588400;0.0;0.0;0.0
1666588460;0.0;0.0;0.0
1666588520;0.0;0.0;0.0
1666588580;0.0;0.0;0.0
1666588640;0.0;0.0;0.0
1666588700;0.0;0.0;0.0
1666588760;0.0;0.0;0.0
1666588820;0.0;0.0;0.0
1666588880;0.0;0.0;0.0
1666588940;0.0;0.0;0.0
1666589000;0.0;0.0;0.0
1666589060;0.0;0.0;0.0
1666589120;0.0;0.0;0.0
1666589180;0.0;0.0;0.0
1666589240;0.0;0.0;0.0
1666589300;0.0;0.0;0.0
1666589360;0.0;0.0;0.0
1666589420;0.0;0.0;0.0
1666589480;0.0;0.0;0.0
1666589540;0.0;0.0;0.0
1666589600;0.0;0.0;0.0
1666589660;0.0;0.0;0.0
1666589720;0.0;0.0;0.0
1666589780;0.0;0.0;0.0
1666589840;0.0;0.0;0.0
1666589900;0.0;0.0;0.0
1666589960;0.0;0.0;0.0
1666590020;0.0;0.0;0.0
1666590080;0.0;0.0;0.0
1666590140;0.0;0.0;0.0
1666590200;0.0;0.0;0.0
1666590260;0.0;0.0;0.0
1666590320;0.0;0.0;0.0
1666590380;0.0;0.0;0.0
1666590440;0.0;0.0;0.0
1666590500;0.0;0.0;0.0
1666590560;0.0;0.0;0.0
1666590620;0.0;0.0;0.0
1666590680;0.0;0.0;0.0
1666590740;0.0;0.0;0.0
1666590800;0.0;0.0;0.0
1666590860;0.0;0.0;0.0
1666590920;0.0;0.0;0.0
1666590980;0.0;0.0;0.0
1666591040;0.0;0.0;0.0
1666591100;0.0;0.0;0.0
1666591160;0.0;0.0;0.0
1666591220;0.0;0.0;0.0
1666591280;0.0;0.0;0.0
1666591340;0.0;0.0;0.0
1666591400;0.0;0.0;0.0
1666591460;0.0;0.0;0.0
1666591520;0.0;0.0;0.0
1666591580;0.0;0.0;0.0
1666591640;0.0;0.0;0.0
1666591700;0.0;0.0;0.0
1666591760;0.0;0.0;0.0
1666591820;0.0;0.0;0.0
1666591880;0.0;0.0;0.0
1666591940;0.0;0.0;0.0
1666592000;0.0;0.0;0.0
1666592060;0.0;0.0;0.0
1666592120;0.0;0.0;0.0
1666592180;0.0;0.0;0.0
1666592240;0.0;0.0;0.0
1666592300;0.0;0.0;0.0
1666592360;0.0;0.0;0.0
1666592420;0.0;0.0;0.0
1666592480;0.0;0.0;0.0
1666592540;0.0;0.0;0.0
1666592600;0.0;0.0;0.0
1666592660;0.0;0.0;0.0
1666592720;0.0;0.0;0.0
1666592780;0.0;0.0;0.0
1666592840;0.0;0.0;0.0
1666592900;0.0;0.0;0.0
1666592960;0.0;0.0;0.0
1666593020;0.0;0.0;0.0
1666593080;0.0;0.0;0.0
1666593140;0.0;0.0;0.0
1666593200;0.0;0.0;0.0
1666593260;0.0;0.0;0.0
1666593320;0.0;0.0;0.0
1666593380;0.0;0.0;0.0
1666593440;0.0;0.0;0.0
1666593500;0.0;0.0;0.0
1666593560;0.0;0.0;0.0
1666593620;0.0;0.0;0.0
1666593680;0.0;0.0;0.0
1666593740;0.0;0.0;0.0
1666593800;0.0;0.0;0.0
1666593860;0.0;0.0;0.0
1666593920;533.0212087909381;0.05433287585031696;0.016666666666666666
1666593980;928.599665705363;0.11233379081634971;0.0
1666594040;0.0;0.0;0.0
1666594100;0.0;0.0;0.0
1666594160;0.0;0.0;0.0
1666594220;0.0;0.0;0.0
1666594280;0.0;0.0;0.0
1666594340;0.0;0.0;0.0
1666594400;0.0;0.0;0.0
1666594460;1116.1768626848857;0.009751320006267009;0.0
1666594520;1050.694295779864;0.20691534666039968;0.016666666666666666
1666594580;0.0;0.0;0.0
1666594640;0.0;0.0;0.0
1666594700;0.0;0.0;0.0
1666594760;0.0;0.0;0.0
1666594820;0.0;0.0;0.0
1666594880;562.9065828919411;0.0019311523071002586;0.0
1666594940;1793.0;0.0061512090848926115;0.0
1666595000;1793.0;0.0061512090848926115;0.0
1666595060;841.1109806974729;0.13576642952311452;0.03333333333333333
1666595120;462.5077847202619;0.26666666666666666;0.016666666666666666
1666595180;0.0;0.0;0.0
1666595240;0.0;0.0;0.0
1666595300;0.0;0.0;0.0
1666595360;0.0;0.0;0.0
1666595420;0.0;0.0;0.0
1666595480;0.0;0.0;0.0
1666595540;0.0;0.0;0.0
1666595600;0.0;0.0;0.0
1666595660;0.0;0.0;0.0
1666595720;0.0;0.0;0.0
1666595780;0.0;0.0;0.0
1666595840;0.0;0.0;0.0
1666595900;0.0;0.0;0.0
1666595960;0.0;0.0;0.0
1666596020;0.0;0.0;0.0
1666596080;0.0;0.0;0.0
1666596140;0.0;0.0;0.0
1666596200;0.0;0.0;0.0
1666596260;0.0;0.0;0.0
1666596320;0.0;0.0;0.0
1666596380;0.0;0.0;0.0
1666596440;0.0;0.0;0.0
1666596500;0.0;0.0;0.0
1666596560;0.0;0.0;0.0
1666596620;0.0;0.0;0.0
1666596680;0.0;0.0;0.0
1666596740;0.0;0.0;0.0
1666596800;1558.3240590413411;0.014142627494020012;0.0
1666596860;550.3906311035156;0.6025240391726466;0.08333333333333333
1666596920;0.0;0.0;0.0
1666596980;0.0;0.0;0.0
1666597040;0.0;0.0;0.0
1666597100;0.0;0.0;0.0
1666597160;0.0;0.0;0.0
1666597220;0.0;0.0;0.0
1666597280;0.0;0.0;0.0
1666597340;0.0;0.0;0.0
1666597400;0.0;0.0;0.0
1666597460;0.0;0.0;0.0
1666597520;0.0;0.0;0.0
1666597580;0.0;0.0;0.0
1666597640;0.0;0.0;0.0
1666597700;0.0;0.0;0.0
1666597760;0.0;0.0;0.0
1666597820;0.0;0.0;0.0
1666597880;0.0;0.0;0.0
1666597940;0.0;0.0;0.0
1666598000;0.0;0.0;0.0
1666598060;0.0;0.0;0.0
1666598120;0.0;0.0;0.0
1666598180;0.0;0.0;0.0
1666598240;0.0;0.0;0.0
1666598300;0.0;0.0;0.0
1666598360;0.0;0.0;0.0
1666598420;0.0;0.0;0.0
1666598480;0.0;0.0;0.0
1666598540;0.0;0.0;0.0
1666598600;0.0;0.0;0.0
1666598660;122.82916500965754;0.05;0.0
1666598720;0.0;0.0;0.0
1666598780;0.0;0.0;0.0
1666598840;0.0;0.0;0.0
1666598900;87.09909128348032;0.06666666666666667;0.0
1666598960;1639.6639135917026;0.9014653808912193;0.1347987142245526
1666599020;1852.0;0.0030182092688249697;0.0030182092688249697
1666599080;1852.0;0.0030182092688249697;0.0030182092688249697
1666599140;1852.0;0.0030182092688249697;0.0030182092688249697
1666599200;1852.0;0.0030182092688249697;0.0030182092688249697
1666599260;1852.0;0.0030182092688249697;0.0030182092688249697
1666599320;1852.9634752194088;1.6515748341758767;0.2563719868916844
1666599380;532.1939116557439;0.5152020719221125;0.04373825253963815
1666599440;1812.8849832773208;0.07530275421172558;0.0
1666599500;1866.0362767418228;0.14742534629827622;0.01616180011333373
1666599560;405.451958266894;0.34393856615666485;0.05050486655333293
1666599620;1351.4401943008104;0.8650268189292917;0.1666666666666667
1666599680;1878.985663441817;0.779975662851903;0.13184923644016594
1666599740;1879.0;0.7896567754199635;0.1337669947432725
1666599800;1879.0;0.7896567754199635;0.1337669947432725
1666599860;1879.0;0.7896567754199635;0.1337669947432725
1666599920;1879.0;0.7896567754199635;0.1337669947432725
1666599980;1879.0;0.7896567754199635;0.1337669947432725
1666600040;1879.0;0.7896567754199635;0.1337669947432725
1666600100;1400.908108953635;0.5903125209416441;0.09941637075050157
1666600160;1244.9330013513563;0.7100776780907139;0.04946575768303085
1666600220;604.8864405274392;0.11666666666666667;0.0
1666600280;1235.479680009683;0.09768235534663625;0.0
1666600340;1126.9913718978564;0.06398869380373151;0.005625547810462637
1666600400;1918.0;0.10945707654446893;0.013682134568058616
1666600460;1918.0;0.10945707654446893;0.013682134568058616
1666600520;1918.0;0.10945707654446893;0.013682134568058616
1666600580;1918.0;0.10945707654446893;0.013682134568058616
1666600640;1918.0;0.10945707654446893;0.013682134568058616
1666600700;1918.0;0.10945707654446893;0.013682134568058616
1666600760;1721.6754135211308;0.0982531582494852;0.01228164478118565
1666600820;0.0;0.0;0.0
1666600880;0.0;0.0;0.0
1666600940;867.1404800415039;0.0778811569426195;0.011125879563231357
1666601000;1855.5423129955927;0.223409043947982;0.033635672746208004
1666601060;1922.0;0.2492426591466371;0.037928230739705644
1666601120;1922.0;0.2492426591466371;0.037928230739705644
1666601180;935.2541392644247;0.09730110760329437;0.014751363019125163
1666601240;1924.0;0.09089451344368528;0.01346585384350893
1666601300;1924.0;0.09089451344368528;0.01346585384350893
1666601360;1924.0;0.09089451344368528;0.01346585384350893
1666601420;1924.0;0.09089451344368528;0.01346585384350893
1666601480;1538.417695792516;0.07267865277142213;0.010767207817988463
1666601540;149.02772090435028;0.017566872644370055;0.0032937886208193857
1666601600;1929.0;0.2273838526507363;0.04263447237201306
1666601660;185.73304344415666;0.021887543294498435;0.004071739007167558
1666601720;1022.9843397339184;0.11649506474372853;0.0
1666601780;261.110657397906;0.4833333333333333;0.033333333333333326
1666601840;828.1883514165879;0.2712441831355265;0.0014321921214961706
1666601900;1962.0;0.148286520991198;0.009996844111766157
1666601960;1962.0;0.148286520991198;0.009996844111766157
1666602020;1962.0;0.148286520991198;0.009996844111766157
1666602080;1962.0;0.148286520991198;0.009996844111766157
1666602140;1962.0;0.148286520991198;0.009996844111766157
1666602200;1962.0;0.148286520991198;0.009996844111766157
1666602260;1962.0;0.148286520991198;0.009996844111766157
1666602320;1962.0;0.148286520991198;0.009996844111766157
1666602380;1962.0;0.148286520991198;0.009996844111766157
1666602440;1962.1401075402896;0.14178324367903725;0.00859621087260842
1666602500;1963.0;0.10187019465558181;0.0
1666602560;1963.0;0.10187019465558181;0.0
1666602620;1963.0;0.10187019465558181;0.0
1666602680;1963.0;0.10187019465558181;0.0
1666602740;1963.0;0.10187019465558181;0.0
1666602800;1963.0;0.10187019465558181;0.0
1666602860;793.3826221823692;0.04117271633116346;0.0
1666602920;0.0;0.0;0.0
1666602980;480.2769436041514;0.002563983139456257;0.0
1666603040;1970.0;0.010516946216123056;0.0
1666603100;671.668596347173;0.0035857373110873532;0.0
1666603160;0.0;0.0;0.0
1666603220;0.0;0.0;0.0
1666603280;0.0;0.0;0.0
1666603340;0.0;0.0;0.0
1666603400;0.0;0.0;0.0
1666603460;0.0;0.0;0.0
1666603520;0.0;0.0;0.0
1666603580;0.0;0.0;0.0
1666603640;0.0;0.0;0.0
1666603700;0.0;0.0;0.0
1666603760;0.0;0.0;0.0
1666603820;0.0;0.0;0.0
1666603880;171.2496483405431;0.00820263934692714;0.00820263934692714
1666603940;176.70674532254537;0.008464027319739529;0.008464027319739529
1666604000;0.0;0.0;0.0
1666604060;0.0;0.0;0.0
1666604120;0.0;0.0;0.0
1666604180;0.0;0.0;0.0
1666604240;124.62885643243789;0.008952409168544001;0.0
1666604300;1989.0;0.14287495164401956;0.0
1666604360;1989.0;0.14287495164401956;0.0
1666604420;1989.0;0.14287495164401956;0.0
1666604480;1989.0;0.14287495164401956;0.0
1666604540;504.1509519696236;0.03621445092204444;0.0
1666604600;0.0;0.0;0.0
1666604660;0.0;0.0;0.0
1666604720;0.0;0.0;0.0
1666604780;0.0;0.0;0.0
1666604840;0.0;0.0;0.0
1666604900;0.0;0.0;0.0
1666604960;0.0;0.0;0.0
1666605020;0.0;0.0;0.0
1666605080;0.0;0.0;0.0
1666605140;0.0;0.0;0.0
1666605200;0.0;0.0;0.0
1666605260;0.0;0.0;0.0
1666605320;0.0;0.0;0.0
1666605380;0.0;0.0;0.0
1666605440;0.0;0.0;0.0
1666605500;0.0;0.0;0.0
1666605560;0.0;0.0;0.0
1666605620;0.0;0.0;0.0
1666605680;0.0;0.0;0.0
1666605740;0.0;0.0;0.0
1666605800;0.0;0.0;0.0
1666605860;0.0;0.0;0.0
1666605920;0.0;0.0;0.0
1666605980;0.0;0.0;0.0
1666606040;0.0;0.0;0.0
1666606100;0.0;0.0;0.0
1666606160;0.0;0.0;0.0
1666606220;0.0;0.0;0.0
1666606280;0.0;0.0;0.0
1666606340;0.0;0.0;0.0
1666606400;0.0;0.0;0.0
1666606460;0.0;0.0;0.0
1666606520;0.0;0.0;0.0
1666606580;0.0;0.0;0.0
1666606640;0.0;0.0;0.0
1666606700;220.78105187416077;0.016666666666666666;0.016666666666666666
1666606760;0.0;0.0;0.0
1666606820;0.0;0.0;0.0
1666606880;0.0;0.0;0.0
1666606940;0.0;0.0;0.0
1666607000;230.39982118606568;0.08333333333333334;0.0
1666607060;0.0;0.0;0.0
1666607120;0.0;0.0;0.0
1666607180;204.10398054122925;0.003625718243946962;0.0
1666607240;2030.0;0.036061070517561813;0.0
1666607300;2030.0;0.036061070517561813;0.0
1666607360;2030.0;0.036061070517561813;0.0
1666607420;273.45848874251044;0.004857736870034263;0.0
1666607480;0.0;0.0;0.0
1666607540;0.0;0.0;0.0
1666607600;0.0;0.0;0.0
1666607660;0.0;0.0;0.0
1666607720;0.0;0.0;0.0
1666607780;24.14826681216558;0.016666666666666666;0.016666666666666666
1666607840;0.0;0.0;0.0
1666607900;0.0;0.0;0.0
1666607960;0.0;0.0;0.0
1666608020;0.0;0.0;0.0
1666608080;0.0;0.0;0.0
1666608140;0.0;0.0;0.0
1666608200;0.0;0.0;0.0
1666608260;0.0;0.0;0.0
1666608320;0.0;0.0;0.0
1666608380;105.16953428983689;0.13637649481102565;0.02239128674876069
1666608440;77.57087705135346;0.1969568385223077;0.01094204658457265
1666608500;0.0;0.0;0.0
1666608560;0.0;0.0;0.0
1666608620;0.0;0.0;0.0
1666608680;0.0;0.0;0.0
1666608740;0.0;0.0;0.0
1666608800;0.0;0.0;0.0
1666608860;0.0;0.0;0.0
1666608920;0.0;0.0;0.0
1666608980;0.0;0.0;0.0
1666609040;0.0;0.0;0.0
1666609100;0.0;0.0;0.0
1666609160;0.0;0.0;0.0
1666609220;0.0;0.0;0.0
1666609280;1573.4311736941338;0.001992802834498286;0.001992802834498286
1666609340;2067.0;0.0026179241442363162;0.0026179241442363162
1666609400;2067.0;0.0026179241442363162;0.0026179241442363162
1666609460;2067.0;0.0026179241442363162;0.0026179241442363162
1666609520;2067.0;0.0026179241442363162;0.0026179241442363162
1666609580;2067.0;0.0026179241442363162;0.0026179241442363162
1666609640;1407.0300450523694;0.33491757644432013;0.018250909777653465
1666609700;0.0;0.0;0.0
1666609760;0.0;0.0;0.0
1666609820;0.0;0.0;0.0
1666609880;0.0;0.0;0.0
1666609940;0.0;0.0;0.0
1666610000;0.0;0.0;0.0
1666610060;0.0;0.0;0.0
1666610120;0.0;0.0;0.0
1666610180;0.0;0.0;0.0
1666610240;0.0;0.0;0.0
1666610300;0.0;0.0;0.0
1666610360;0.0;0.0;0.0
1666610420;0.0;0.0;0.0
1666610480;0.0;0.0;0.0
1666610540;0.0;0.0;0.0
1666610600;0.0;0.0;0.0
1666610660;0.0;0.0;0.0
1666610720;0.0;0.0;0.0
1666610780;0.0;0.0;0.0
1666610840;0.0;0.0;0.0
1666610900;0.0;0.0;0.0
1666610960;0.0;0.0;0.0
1666611020;0.0;0.0;0.0
1666611080;0.0;0.0;0.0
1666611140;0.0;0.0;0.0
1666611200;0.0;0.0;0.0
1666611260;0.0;0.0;0.0
1666611320;1109.1619517087936;0.002775291696047256;0.002775291696047256
1666611380;2082.0;0.005209480276769736;0.005209480276769736
1666611440;2082.0;0.005209480276769736;0.005209480276769736
1666611500;1547.7370277643204;0.20347241441707992;0.020139081083746603
1666611560;0.0;0.0;0.0
1666611620;0.0;0.0;0.0
1666611680;0.0;0.0;0.0
1666611740;0.0;0.0;0.0
1666611800;0.0;0.0;0.0
1666611860;0.0;0.0;0.0
1666611920;645.3746649742127;0.5910590260470063;0.08058325919849031
1666611980;1453.6634378592173;1.2375626119713419;0.18608340746817637
1666612040;1760.826999942462;2.8688318320241266;0.44979789070351034
1666612100;1855.157899049918;3.15689292297267;0.49114391934047014
1666612160;309.08491371075314;0.4956536069848556;0.07572485662268627
1666612220;0.0;0.0;0.0
1666612280;0.0;0.0;0.0
1666612340;0.0;0.0;0.0
1666612400;0.0;0.0;0.0
1666612460;0.0;0.0;0.0
1666612520;0.0;0.0;0.0
1666612580;0.0;0.0;0.0
1666612640;0.0;0.0;0.0
1666612700;0.0;0.0;0.0
1666612760;0.0;0.0;0.0
1666612820;0.0;0.0;0.0
1666612880;0.0;0.0;0.0
1666612940;0.0;0.0;0.0
1666613000;0.0;0.0;0.0
1666613060;47.99324506521225;0.016666666666666666;0.016666666666666666
1666613120;0.0;0.0;0.0
1666613180;0.0;0.0;0.0
1666613240;0.0;0.0;0.0
1666613300;0.0;0.0;0.0
1666613360;0.0;0.0;0.0
1666613420;1638.8241194287934;0.018299545150791196;0.00011663417743746638
1666613480;128.7542615056038;0.23170045484920881;0.0165500324892292
1666613540;0.0;0.0;0.0
1666613600;0.0;0.0;0.0
1666613660;0.0;0.0;0.0
1666613720;0.0;0.0;0.0
1666613780;0.0;0.0;0.0
1666613840;0.0;0.0;0.0
1666613900;0.0;0.0;0.0
1666613960;0.0;0.0;0.0
1666614020;0.0;0.0;0.0
1666614080;0.0;0.0;0.0
1666614140;0.0;0.0;0.0
1666614200;692.3457908153533;0.0006908634393643164;0.0
1666614260;2167.0;0.0021623603305790102;0.0
1666614320;2167.0;0.0021623603305790102;0.0
1666614380;2167.0;0.0021623603305790102;0.0
1666614440;2167.0;0.0021623603305790102;0.0
1666614500;2167.0;0.0021623603305790102;0.0
1666614560;2167.0;0.0021623603305790102;0.0
1666614620;2167.0;0.0021623603305790102;0.0
1666614680;943.3229116678237;0.217505947579916;0.03333333333333334
1666614740;0.0;0.0;0.0
1666614800;1674.155726289749;0.19385544474823566;0.012506802886982945
1666614860;2172.0;0.2515023061363022;0.01622595523460014
1666614920;1957.674571251869;0.27086775389116097;0.04597252945386668
1666614980;2178.0;0.3239119827626535;0.06715248423128183
1666615040;2178.0;0.3239119827626535;0.06715248423128183
1666615100;2178.0;0.3239119827626535;0.06715248423128183
1666615160;1313.6900697469712;0.195371880269674;0.040503926397371444
1666615220;0.0;0.0;0.0
1666615280;0.0;0.0;0.0
1666615340;0.0;0.0;0.0
1666615400;0.0;0.0;0.0
1666615460;0.0;0.0;0.0
1666615520;0.0;0.0;0.0
1666615580;0.0;0.0;0.0
1666615640;0.0;0.0;0.0
1666615700;1287.6375009218852;0.00395930734581205;0.0
1666615760;2189.0;0.0067308724495655685;0.0
1666615820;2005.7247332294783;0.20597648687128903;0.016666666666666666
1666615880;1358.501546820005;0.011496367893664731;0.0
1666615940;951.5687607288361;0.1896106965011982;0.05000000000000001
1666616000;2199.0;0.012101086092430312;0.0
1666616060;1299.512253801028;0.30345851617937347;0.03333333333333333
1666616120;0.0;0.0;0.0
1666616180;0.0;0.0;0.0
1666616240;0.0;0.0;0.0
1666616300;0.0;0.0;0.0
1666616360;0.0;0.0;0.0
1666616420;0.0;0.0;0.0
1666616480;0.0;0.0;0.0
1666616540;0.0;0.0;0.0
1666616600;0.0;0.0;0.0
1666616660;0.0;0.0;0.0
1666616720;0.0;0.0;0.0
1666616780;0.0;0.0;0.0
1666616840;0.0;0.0;0.0
1666616900;0.0;0.0;0.0
1666616960;0.0;0.0;0.0
1666617020;0.0;0.0;0.0
1666617080;0.0;0.0;0.0
1666617140;0.0;0.0;0.0
1666617200;0.0;0.0;0.0
1666617260;0.0;0.0;0.0
1666617320;0.0;0.0;0.0
1666617380;0.0;0.0;0.0
1666617440;0.0;0.0;0.0
1666617500;0.0;0.0;0.0
1666617560;0.0;0.0;0.0
1666617620;106.26126818656921;0.23333333333333334;0.016666666666666666
1666617680;0.0;0.0;0.0
1666617740;0.0;0.0;0.0
1666617800;377.42461522420246;0.0023111697220069;0.0
1666617860;2240.0;0.013716699887791204;0.0
1666617920;1638.1192396322886;0.7006387970568685;0.06666666666666667
1666617980;1285.9808396220208;0.006152108912370289;0.0
1666618040;2249.022744631767;0.0998097753558151;0.006868862892424516
1666618100;72.96836972236633;0.12737144906514794;0.009797803774242149
1666618160;0.0;0.0;0.0
1666618220;0.0;0.0;0.0
1666618280;0.0;0.0;0.0
1666618340;0.0;0.0;0.0
1666618400;0.0;0.0;0.0
1666618460;0.0;0.0;0.0
1666618520;0.0;0.0;0.0
1666618580;0.0;0.0;0.0
1666618640;0.0;0.0;0.0
1666618700;0.0;0.0;0.0
1666618760;0.0;0.0;0.0
1666618820;0.0;0.0;0.0
1666618880;0.0;0.0;0.0
1666618940;0.0;0.0;0.0
1666619000;0.0;0.0;0.0
1666619060;0.0;0.0;0.0
1666619120;0.0;0.0;0.0
1666619180;0.0;0.0;0.0
1666619240;1549.8378257234892;0.21666666666666665;0.03333333333333333
1666619300;0.0;0.0;0.0
1666619360;0.0;0.0;0.0
1666619420;0.0;0.0;0.0
1666619480;0.0;0.0;0.0
1666619540;0.0;0.0;0.0
1666619600;0.0;0.0;0.0
1666619660;0.0;0.0;0.0
1666619720;0.0;0.0;0.0
1666619780;0.0;0.0;0.0
1666619840;1241.9345930814743;0.31901497965830433;0.010290805795429172
1666619900;769.4637654304505;0.19765168700836236;0.006375860871237495
1666619960;0.0;0.0;0.0
1666620020;0.0;0.0;0.0
1666620080;0.0;0.0;0.0
1666620140;0.0;0.0;0.0
1666620200;0.0;0.0;0.0
1666620260;27.91561132669449;0.03508118948121497;0.0
1666620320;32.60725684165954;0.0315854771854517;0.0
1666620380;0.0;0.0;0.0
1666620440;2051.2851060112316;1.010644132858018;0.16667305073330588
1666620500;2307.0;1.4164223621778114;0.23750984731640132
1666620560;2307.0;1.4164223621778114;0.23750984731640132
1666620620;2307.0;1.4164223621778114;0.23750984731640132
1666620680;2155.847654410203;1.551074424875872;0.18483725512827512
1666620740;2315.0;1.482012873975116;0.220604969790189
1666620800;2315.0;1.482012873975116;0.220604969790189
1666620860;2315.0786205450695;1.3212613963926576;0.19475021260883704
1666620920;2275.8015562216438;1.0654244220243307;0.15024017131620915
1666620980;2219.4330909252167;1.002387414090597;0.14551643761586397
1666621040;2320.0;0.9076636700434133;0.1396405646220636
1666621100;2320.0;0.9076636700434133;0.1396405646220636
1666621160;1971.729277674357;0.3005111057660456;0.04162892849046647
1666621220;2325.353520667553;0.378457488416192;0.018062377039903765
1666621280;2327.0;1.1783584266321143;0.1702073282913054
1666621340;1978.0343039751053;1.197129354821873;0.1465117832129045
1666621400;2332.0;1.2053362586448353;0.15938330692824268
1666621460;2110.6832332531612;0.7405372174719149;0.060217408310898626
1666621520;2339.001317616304;0.27085790539972254;0.012284462883411673
1666621580;2287.9378522555035;0.09929937007876474;0.00369249170852931
1666621640;2342.0;0.03994819010828654;0.004438687789809616
1666621700;2342.0;0.03994819010828654;0.004438687789809616
1666621760;2161.608249743779;0.03687119440666312;0.004096799378518126
1666621820;586.6233980496725;0.23333333333333334;0.01666666666666667
1666621880;86.6827759106954;0.02343890559305824;0.003906484265509706
1666621940;1988.7009192784626;0.2871901387633102;0.0460935157344903
1666622000;1733.7208211859067;0.07425187090946675;0.033225074484092496
1666622060;2381.0;0.23044426613093966;0.2094947873917633
1666622120;2268.8408634225525;0.1905339697872637;0.11100408153641339
1666622180;1233.9329063216846;0.26080751548262826;0.012942723254397439
1666622240;92.43888149658838;0.03333333333333333;0.0
1666622300;2290.5009139815966;0.4233266974625416;0.016666666666666666
1666622360;2051.9871039628983;0.2625698591689454;0.014743534789467938
1666622420;458.49877612590785;0.09743677670184632;0.0019231318771987286
1666622480;2314.55156536897;0.08833557006862429;0.025238734305321225
1666622540;1956.2426854451496;0.6924429697305498;0.12261933909779499
1666622600;2415.0;1.1207689885564118;0.22047914528978596
1666622660;2374.0706448515257;1.3770474300995328;0.2310454485368344
1666622720;2418.0;1.944818489858972;0.3128621048903564
1666622780;1396.0748343666394;0.9765865516859092;0.1544218945465738
1666622840;2373.5293673872948;0.3065342070554644;0.0
1666622900;2418.2594709515574;1.4821829881526776;0.24807679463775148
1666622960;2444.092720282078;1.5889908346814856;0.26934145841683066
1666623020;2445.0;1.1975951834335525;0.18785806798957688
1666623080;2445.0;1.1975951834335525;0.18785806798957688
1666623140;2445.0;1.1975951834335525;0.18785806798957688
1666623200;2445.0;1.1975951834335525;0.18785806798957688
1666623260;405.4149345755577;0.19857790304282893;0.03114947498711042
1666623320;0.0;0.0;0.0
1666623380;0.0;0.0;0.0
1666623440;686.5412956396739;0.16731526909514588;0.03549111768684913
1666623500;2450.7624925176306;0.5106336694465321;0.08117554897981756
1666623560;2453.2960471351944;0.3337046758877601;0.03119791164204343
1666623620;2065.064735619227;0.6383463855705619;0.1021354216912899
1666623680;1940.558006668091;0.7702266071064159;0.09825243650307766
1666623740;2239.1657664577165;0.8297733928935841;0.10174756349692232
1666623800;0.0;0.0;0.0
1666623860;0.0;0.0;0.0
1666623920;0.0;0.0;0.0
1666623980;0.0;0.0;0.0
1666624040;0.0;0.0;0.0
1666624100;0.0;0.0;0.0
1666624160;1457.7271062056225;0.0901159512400144;0.0
1666624220;2461.107170204322;0.09813085552304823;0.0
1666624280;2426.1178847750025;0.3949064423447666;0.03333333333333333
1666624340;621.0324642737706;0.10018008422550408;0.0
1666624400;0.0;0.0;0.0
1666624460;0.0;0.0;0.0
1666624520;0.0;0.0;0.0
1666624580;0.0;0.0;0.0
1666624640;503.58331203460693;0.016666666666666666;0.0
1666624700;0.0;0.0;0.0
1666624760;0.0;0.0;0.0
1666624820;0.0;0.0;0.0
1666624880;0.0;0.0;0.0
1666624940;0.0;0.0;0.0
1666625000;89.56350318590799;0.03333333333333333;0.0
1666625060;0.0;0.0;0.0
1666625120;0.0;0.0;0.0
1666625180;0.0;0.0;0.0
1666625240;0.0;0.0;0.0
1666625300;0.0;0.0;0.0
1666625360;0.0;0.0;0.0
1666625420;0.0;0.0;0.0
1666625480;0.0;0.0;0.0
1666625540;0.0;0.0;0.0
1666625600;0.0;0.0;0.0
1666625660;0.0;0.0;0.0
1666625720;0.0;0.0;0.0
1666625780;0.0;0.0;0.0
1666625840;0.0;0.0;0.0
1666625900;0.0;0.0;0.0
1666625960;0.0;0.0;0.0
1666626020;0.0;0.0;0.0
1666626080;2225.0334470748903;0.008447507001838736;0.0
1666626140;2444.5706072131793;0.24155249299816128;0.03333333333333333
1666626200;0.0;0.0;0.0
1666626260;0.0;0.0;0.0
1666626320;0.0;0.0;0.0
1666626380;0.0;0.0;0.0
1666626440;0.0;0.0;0.0
1666626500;0.0;0.0;0.0
1666626560;0.0;0.0;0.0
1666626620;0.0;0.0;0.0
1666626680;0.0;0.0;0.0
1666626740;0.0;0.0;0.0
1666626800;0.0;0.0;0.0
1666626860;0.0;0.0;0.0
1666626920;86.62219133377074;0.03184395816761197;0.0039804947709514964
1666626980;657.3071810086568;0.5514893751657213;0.046019505229048505
1666627040;1851.1152857899665;0.09820624842239338;0.02488364082957463
1666627100;2709.0;0.6463215602086414;0.1101684477628366
1666627160;2709.0;0.6463215602086414;0.1101684477628366
1666627220;527.3521429538727;0.12581729782699058;0.02144613031141885
1666627280;0.0;0.0;0.0
1666627340;0.0;0.0;0.0
1666627400;0.0;0.0;0.0
1666627460;0.0;0.0;0.0
1666627520;124.8612195968628;0.016666666666666666;0.016666666666666666
1666627580;0.0;0.0;0.0
1666627640;1942.1860213915506;0.30631751716541555;0.010426311976011744
1666627700;2734.8400226751965;0.5824244440947165;0.056240354690654915
1666627760;2736.0;0.00998411524328334;0.0
1666627820;531.8772067666054;0.08460725682991793;0.016666666666666666
1666627880;305.50487246910734;0.1;0.0
1666627940;238.0387142419815;0.2333333333333333;0.016666666666666666
1666628000;0.0;0.0;0.0
1666628060;692.5829751054447;0.5333333333333333;0.08333333333333334
1666628120;0.0;0.0;0.0
1666628180;1768.5096514582633;0.8692936922826824;0.08333333333333334
1666628240;2088.9210394859315;0.014039641050651006;0.0
1666628300;0.0;0.0;0.0
1666628360;0.0;0.0;0.0
1666628420;0.0;0.0;0.0
1666628480;1627.0286366542182;1.36186133925515;0.09785280059218165
1666628540;571.887463772297;0.38813866074485015;0.018813866074485014
1666628600;0.0;0.0;0.0
1666628660;0.0;0.0;0.0
1666628720;0.0;0.0;0.0
1666628780;0.0;0.0;0.0
1666628840;0.0;0.0;0.0
1666628900;0.0;0.0;0.0
1666628960;266.4559743086497;0.31666666666666665;0.03333333333333333
1666629020;0.0;0.0;0.0
1666629080;0.0;0.0;0.0
1666629140;0.0;0.0;0.0
1666629200;0.0;0.0;0.0
1666629260;0.0;0.0;0.0
1666629320;0.0;0.0;0.0
1666629380;0.0;0.0;0.0
1666629440;0.0;0.0;0.0
1666629500;0.0;0.0;0.0
1666629560;0.0;0.0;0.0
1666629620;0.0;0.0;0.0
1666629680;0.0;0.0;0.0
1666629740;0.0;0.0;0.0
1666629800;0.0;0.0;0.0
1666629860;0.0;0.0;0.0
1666629920;0.0;0.0;0.0
1666629980;0.0;0.0;0.0
1666630040;527.5540036360424;0.01666666666666667;0.01666666666666667
1666630100;0.0;0.0;0.0
1666630160;0.0;0.0;0.0
1666630220;0.0;0.0;0.0
1666630280;1198.6081119338671;0.39952985969360516;0.039793749815107915
1666630340;2655.3844126860304;0.3338034736397282;0.04353958351822542
1666630400;0.0;0.0;0.0
1666630460;0.0;0.0;0.0
1666630520;0.0;0.0;0.0
1666630580;0.0;0.0;0.0
1666630640;1492.7311657587686;0.011266645557801668;0.0
1666630700;907.4861826062203;0.1720666877755317;0.016666666666666666
1666630760;903.294251704216;0.18333333333333332;0.03333333333333333
1666630820;2759.675391566753;0.06823233876548246;0.013646467753096492
1666630880;2877.0;0.07113316270028588;0.014226632540057177
1666630940;1435.8599608302118;0.6106344985342316;0.088793566373513
1666631000;0.0;0.0;0.0
1666631060;0.0;0.0;0.0
1666631120;1803.1315344572067;0.29196251692973524;0.04170893098996218
1666631180;2885.0;0.4671383341958166;0.06673404774225951
1666631240;1796.564278860887;0.2908991488744483;0.04155702126777832
1666631300;2547.8457797884944;0.09921149957335684;0.0
1666631360;20.249441778659822;0.0007885004266431681;0.0
1666631420;584.9194229046503;0.5333333333333334;0.06666666666666667
1666631480;0.0;0.0;0.0
1666631540;1383.4896839261055;0.2066528147733736;0.03179274073436517
1666631600;510.80169659058254;0.29334718522662634;0.03487392593230149
1666631660;0.0;0.0;0.0
1666631720;24.2886168440183;0.01666666666666667;0.0
1666631780;779.211591720581;0.07599716206393961;0.008142553078279244
1666631840;2920.0;0.28479005649376865;0.03051322033861807
1666631900;2616.2084379196167;0.798783411995113;0.07433549602729857
1666631960;2294.4999711354576;0.048059676893405893;0.003675397222470771
1666632020;2927.0;0.010218218878566129;0.0
1666632080;2927.0;0.010218218878566129;0.0
1666632140;1508.6096353610355;0.005266588129973659;0.0
1666632200;0.0;0.0;0.0
1666632260;0.0;0.0;0.0
1666632320;0.0;0.0;0.0
1666632380;0.0;0.0;0.0
1666632440;0.0;0.0;0.0
1666632500;0.0;0.0;0.0
1666632560;0.0;0.0;0.0
1666632620;1346.9092028657594;0.43167532418256693;0.0844231821794667
1666632680;2872.7984713395435;0.6392578814540546;0.11891556466412859
1666632740;2937.0;0.4216446340969887;0.09465491785850767
1666632800;1096.5368637800216;0.15742216026638978;0.03533966863123036
1666632860;0.0;0.0;0.0
1666632920;555.3109291315079;0.08067887688498762;0.009720346612649111
1666632980;2957.0;0.4296105594788523;0.051760308370946057
1666633040;2957.0;0.4296105594788523;0.051760308370946057
1666633100;2957.0;0.4296105594788523;0.051760308370946057
1666633160;95.1418760061264;0.013822778011788824;0.0016653949411793764
1666633220;0.0;0.0;0.0
1666633280;0.0;0.0;0.0
1666633340;0.0;0.0;0.0
1666633400;0.0;0.0;0.0
1666633460;0.0;0.0;0.0
1666633520;0.0;0.0;0.0
1666633580;0.0;0.0;0.0
1666633640;0.0;0.0;0.0
1666633700;0.0;0.0;0.0
1666633760;0.0;0.0;0.0
1666633820;0.0;0.0;0.0
1666633880;0.0;0.0;0.0
1666633940;2205.5385945638022;0.016666666666666666;0.016666666666666666
1666634000;2126.064695080121;1.7384598339679957;0.27180811588300285
1666634060;2793.1645206809044;2.419433980259306;0.41849634270989394
1666634120;2974.0;2.559970251810533;0.44499482892800285
1666634180;2974.0;2.559970251810533;0.44499482892800285
1666634240;2974.0;2.559970251810533;0.44499482892800285
1666634300;2974.0;2.559970251810533;0.44499482892800285
1666634360;2974.0;2.559970251810533;0.44499482892800285
1666634420;2974.0;2.559970251810533;0.44499482892800285
1666634480;2974.0;2.559970251810533;0.44499482892800285
1666634540;2974.0;2.559970251810533;0.44499482892800285
1666634600;2974.0;2.559970251810533;0.44499482892800285
1666634660;2974.914436276754;1.9175101600876139;0.3350755584658837
1666634720;2975.0;1.857395224927678;0.324790421845277
1666634780;2975.0;1.857395224927678;0.324790421845277
1666634840;2098.2433995286624;0.906742981415014;0.1432153394718939
1666634900;2983.0;0.7909361807890065;0.10761036473319817
1666634960;2983.0;0.7909361807890065;0.10761036473319817
1666635020;2632.9631030201913;0.6981246332085691;0.09498294329368287
1666635080;0.0;0.0;0.0
1666635140;0.0;0.0;0.0
1666635200;1423.7682256698608;0.30000000000000004;0.03333333333333334
1666635260;1789.7298268795012;0.29510942866229256;0.045721179088524196
1666635320;3003.0;0.49516614237693624;0.07671588121332815
1666635380;2383.7503398418426;0.39305776229410455;0.060896273031480985
1666635440;1400.3321751356125;0.2605555560380651;0.03947811455122198
1666635500;1679.9616527994476;0.3222361605035891;0.04971088245026389
1666635560;3008.0;0.7931049013885326;0.14162587524795225
1666635620;3008.0;0.7931049013885326;0.14162587524795225
1666635680;2709.2382013956703;0.714331814014614;0.12755925250260963
1666635740;2518.8203835248946;0.388952412017219;0.06412835466950563
1666635800;3011.0;0.4649540396941414;0.07665908898182976
1666635860;3011.0;0.4649540396941414;0.07665908898182976
1666635920;3011.0;0.4649540396941414;0.07665908898182976
1666635980;3011.0;0.4649540396941414;0.07665908898182976
1666636040;3011.0;0.4649540396941414;0.07665908898182976
1666636100;3011.0;0.4649540396941414;0.07665908898182976
1666636160;3011.0;0.4649540396941414;0.07665908898182976
1666636220;3011.0;0.4649540396941414;0.07665908898182976
1666636280;3011.0;0.4649540396941414;0.07665908898182976
1666636340;3011.835550991694;0.10997036806149035;0.02783793721795763
1666636400;3012.0;0.04010423978797505;0.018229199903625024
1666636460;3012.0;0.04010423978797505;0.018229199903625024
1666636520;3012.0;0.04010423978797505;0.018229199903625024
1666636580;2275.798893149694;0.08474233290283661;0.023663332438074045
1666636640;3022.0;2.811752032237688;0.5217684183533854
1666636700;438.1959106047948;0.4022594378641386;0.07356300839293559
1666636760;3028.0;2.4460795884728164;0.38013399010050525
1666636820;3028.0;2.4460795884728164;0.38013399010050525
1666636880;6.517741584777832;0.005265163359797069;0.0008182348464549498
1666636940;2020.8774800300598;0.7248055388141884;0.07353099669129448
1666637000;3036.0;1.0888881872280274;0.11046691754487234
1666637060;1418.7395021359127;0.5050785454240658;0.05191200537685221
1666637120;3009.1689176281293;1.0645610618670522;0.13075674705364768
1666637180;1814.1707594712575;0.3779800738391299;0.061261646215350386
1666637240;3048.0;0.24494276741692694;0.044989487892904946
1666637300;3048.0;0.24494276741692694;0.044989487892904946
1666637360;3048.0;0.24494276741692694;0.044989487892904946
1666637420;3048.0;0.24494276741692694;0.044989487892904946
1666637480;3048.0;0.24494276741692694;0.044989487892904946
1666637540;3048.0;0.24494276741692694;0.044989487892904946
1666637600;3048.0;0.24494276741692694;0.044989487892904946
1666637660;3048.0;0.24494276741692694;0.044989487892904946
1666637720;3048.0;0.24494276741692694;0.044989487892904946
1666637780;3048.197179841995;0.35386429641383016;0.06776548481623224
1666637840;3049.0;0.6842226179288129;0.13684452358576257
1666637900;1910.9979072133701;0.3327608888565061;0.06080922032133338
1666637960;3056.0;0.45273104489248905;0.07661602298180585
1666638020;3056.0;0.45273104489248905;0.07661602298180585
1666638080;3056.0;0.45273104489248905;0.07661602298180585
1666638140;3056.0;0.45273104489248905;0.07661602298180585
1666638200;1141.4249419530233;0.16909636997275554;0.02861630876462017
1666638260;3056.7078125238418;0.2099818914291494;0.02762919624067755
1666638320;3059.0;0.21013935425885846;0.027649915034060325
1666638380;3059.0;0.21013935425885846;0.027649915034060325
1666638440;3059.0;0.21013935425885846;0.027649915034060325
1666638500;3059.0;0.21013935425885846;0.027649915034060325
1666638560;3059.0;0.21013935425885846;0.027649915034060325
1666638620;87.16741386651994;0.005988003943224964;0.0007878952556874952
1666638680;220.3002730766932;0.11666666666666668;0.01666666666666667
1666638740;2639.7398393789927;0.08437428997121625;0.011358077496125265
1666638800;3068.0;0.09806281580104091;0.013200763665524739
1666638860;3068.0;0.09806281580104091;0.013200763665524739
1666638920;3068.0;0.09806281580104091;0.013200763665524739
1666638980;3068.0;0.09806281580104091;0.013200763665524739
1666639040;3068.0;0.09806281580104091;0.013200763665524739
1666639100;3068.0;0.09806281580104091;0.013200763665524739
1666639160;3068.0;0.09806281580104091;0.013200763665524739
1666639220;2998.853104066849;0.095852666088164;0.012903243511868232
1666639280;1497.7654905160268;0.5823130400710335;0.09705217334517223
1666639340;2406.7655906240143;2.158882811921147;0.343315631270082
1666639400;2425.0535968144736;2.8088041480078196;0.44296552871807904
1666639460;0.0;0.0;0.0
1666639520;0.0;0.0;0.0
1666639580;0.0;0.0;0.0
1666639640;0.0;0.0;0.0
1666639700;0.0;0.0;0.0
1666639760;0.0;0.0;0.0
1666639820;0.0;0.0;0.0
1666639880;0.0;0.0;0.0
1666639940;0.0;0.0;0.0
1666640000;0.0;0.0;0.0
1666640060;0.0;0.0;0.0
1666640120;0.0;0.0;0.0
1666640180;0.0;0.0;0.0
1666640240;0.0;0.0;0.0
1666640300;0.0;0.0;0.0
1666640360;0.0;0.0;0.0
1666640420;0.0;0.0;0.0
1666640480;0.0;0.0;0.0
1666640540;0.0;0.0;0.0
1666640600;0.0;0.0;0.0
1666640660;0.0;0.0;0.0
1666640720;0.0;0.0;0.0
1666640780;0.0;0.0;0.0
1666640840;0.0;0.0;0.0
1666640900;0.0;0.0;0.0
1666640960;0.0;0.0;0.0
1666641020;0.0;0.0;0.0
1666641080;0.0;0.0;0.0
1666641140;0.0;0.0;0.0
1666641200;0.0;0.0;0.0
1666641260;0.0;0.0;0.0
1666641320;0.0;0.0;0.0
1666641380;0.0;0.0;0.0
1666641440;0.0;0.0;0.0
1666641500;0.0;0.0;0.0
1666641560;0.0;0.0;0.0
1666641620;1036.7708885471025;0.003984838873809692;0.003984838873809692
1666641680;3089.0;0.011872601186215609;0.011872601186215609
1666641740;1142.7570682168007;0.0444760311748455;0.003455699610774949
1666641800;3097.0;0.14506988800924178;0.008792114424802534
1666641860;3097.0;0.14506988800924178;0.008792114424802534
1666641920;3097.0;0.14506988800924178;0.008792114424802534
1666641980;1518.3686965028444;0.07112353140407042;0.004310517054792147
1666642040;0.0;0.0;0.0
1666642100;0.0;0.0;0.0
1666642160;0.0;0.0;0.0
1666642220;0.0;0.0;0.0
1666642280;0.0;0.0;0.0
1666642340;0.0;0.0;0.0
1666642400;0.0;0.0;0.0
1666642460;0.0;0.0;0.0
1666642520;0.0;0.0;0.0
1666642580;0.0;0.0;0.0
1666642640;0.0;0.0;0.0
1666642700;0.0;0.0;0.0
1666642760;0.0;0.0;0.0
1666642820;0.0;0.0;0.0
1666642880;0.0;0.0;0.0
1666642940;0.0;0.0;0.0
1666643000;0.0;0.0;0.0
1666643060;0.0;0.0;0.0
1666643120;0.0;0.0;0.0
1666643180;0.0;0.0;0.0
1666643240;0.0;0.0;0.0
1666643300;0.0;0.0;0.0
1666643360;0.0;0.0;0.0
1666643420;0.0;0.0;0.0
1666643480;0.0;0.0;0.0
1666643540;0.0;0.0;0.0
1666643600;0.0;0.0;0.0
1666643660;0.0;0.0;0.0
1666643720;0.0;0.0;0.0
1666643780;0.0;0.0;0.0
1666643840;0.0;0.0;0.0
1666643900;0.0;0.0;0.0
1666643960;23.157530832290647;0.019426091697485853;0.00019710178791565612
1666644020;152.44010527928668;0.23057390830251412;0.01646956487875101
1666644080;0.0;0.0;0.0
1666644140;0.0;0.0;0.0
1666644200;901.0078474640846;0.22549399546603402;0.016666666666666666
1666644260;877.9111793677012;0.24117267120063268;0.016666666666666666
1666644320;0.0;0.0;0.0
1666644380;0.0;0.0;0.0
1666644440;0.0;0.0;0.0
1666644500;3011.421185731888;0.17507236764022377;0.021162593890576502
1666644560;3150.0;0.1831288033303369;0.02213644875421655
1666644620;3150.0;0.1831288033303369;0.02213644875421655
1666644680;3150.0;0.1831288033303369;0.02213644875421655
1666644740;3150.0;0.1831288033303369;0.02213644875421655
1666644800;3150.0;0.1831288033303369;0.02213644875421655
1666644860;3150.0;0.1831288033303369;0.02213644875421655
1666644920;3150.0;0.1831288033303369;0.02213644875421655
1666644980;1026.774188876152;0.05969267571408477;0.007215598163241017
1666645040;0.0;0.0;0.0
1666645100;0.0;0.0;0.0
1666645160;0.0;0.0;0.0
1666645220;0.0;0.0;0.0
1666645280;139.4580561319987;0.15;0.016666666666666666
1666645340;0.0;0.0;0.0
1666645400;664.5583384513855;0.027182774269088376;0.0024711612971898525
1666645460;3166.0;0.12950053946577544;0.011772776315070496
1666645520;3166.0;0.12950053946577544;0.011772776315070496
1666645580;1967.6256831407545;0.08048281346602737;0.007316619406002489
1666645640;1855.390292739868;0.35;0.05
1666645700;2672.109930260976;0.07366751418083062;0.0
1666645760;3178.0;0.08761441938274389;0.0
1666645820;3178.0;0.08761441938274389;0.0
1666645880;3178.0;0.08761441938274389;0.0
1666645940;1256.1114985108377;0.18015589433760434;0.0
1666646000;2699.0746506412825;0.2511688959860697;0.041100364797720494
1666646060;3187.0;0.29657396519856033;0.048530285214309875
1666646120;3187.0;0.29657396519856033;0.048530285214309875
1666646180;777.4753283858299;0.07234984028347612;0.01183906477365973
1666646240;375.8937727212906;0.06883940936313676;0.01038054585634602
1666646300;3199.0;0.5858497440870252;0.08834242172740857
1666646360;3199.0;0.5858497440870252;0.08834242172740857
1666646420;3199.0;0.5858497440870252;0.08834242172740857
1666646480;3199.0;0.5858497440870252;0.08834242172740857
1666646540;3199.0;0.5858497440870252;0.08834242172740857
1666646600;3199.0;0.5858497440870252;0.08834242172740857
1666646660;3199.0;0.5858497440870252;0.08834242172740857
1666646720;2596.474588620663;0.1579554056888683;0.015549579644140044
1666646780;3208.0;0.13096940871534157;0.023574493568761484
1666646840;3208.0;0.13096940871534157;0.023574493568761484
1666646900;3208.0;0.13096940871534157;0.023574493568761484
1666646960;3208.0;0.13096940871534157;0.023574493568761484
1666647020;3208.0;0.13096940871534157;0.023574493568761484
1666647080;2875.8705410321554;0.11740993276211062;0.02113378789717991
1666647140;2715.995491862297;0.07207669874696442;0.02402556624898814
1666647200;1052.2063529491425;0.02792330125303558;0.009307767084345194
1666647260;0.0;0.0;0.0
1666647320;0.0;0.0;0.0
1666647380;0.0;0.0;0.0
1666647440;0.0;0.0;0.0
1666647500;0.0;0.0;0.0
1666647560;0.0;0.0;0.0
1666647620;0.0;0.0;0.0
1666647680;0.0;0.0;0.0
1666647740;0.0;0.0;0.0
1666647800;0.0;0.0;0.0
1666647860;0.0;0.0;0.0
1666647920;0.0;0.0;0.0
1666647980;0.0;0.0;0.0
1666648040;0.0;0.0;0.0
1666648100;0.0;0.0;0.0
1666648160;0.0;0.0;0.0
1666648220;0.0;0.0;0.0
1666648280;0.0;0.0;0.0
1666648340;0.0;0.0;0.0
1666648400;0.0;0.0;0.0
1666648460;0.0;0.0;0.0
1666648520;0.0;0.0;0.0
1666648580;0.0;0.0;0.0
1666648640;0.0;0.0;0.0
1666648700;0.0;0.0;0.0
1666648760;0.0;0.0;0.0
1666648820;0.0;0.0;0.0
1666648880;0.0;0.0;0.0
1666648940;0.0;0.0;0.0
1666649000;0.0;0.0;0.0
1666649060;0.0;0.0;0.0
1666649120;0.0;0.0;0.0
1666649180;0.0;0.0;0.0
1666649240;0.0;0.0;0.0
1666649300;0.0;0.0;0.0
1666649360;0.0;0.0;0.0
1666649420;0.0;0.0;0.0
1666649480;0.0;0.0;0.0
1666649540;0.0;0.0;0.0
1666649600;0.0;0.0;0.0
1666649660;0.0;0.0;0.0
1666649720;0.0;0.0;0.0
1666649780;0.0;0.0;0.0
1666649840;0.0;0.0;0.0
1666649900;0.0;0.0;0.0
1666649960;0.0;0.0;0.0
1666650020;0.0;0.0;0.0
1666650080;0.0;0.0;0.0
1666650140;0.0;0.0;0.0
1666650200;0.0;0.0;0.0
1666650260;0.0;0.0;0.0
1666650320;0.0;0.0;0.0
1666650380;0.0;0.0;0.0
1666650440;0.0;0.0;0.0
1666650500;0.0;0.0;0.0
1666650560;0.0;0.0;0.0
1666650620;0.0;0.0;0.0
1666650680;0.0;0.0;0.0
1666650740;0.0;0.0;0.0
1666650800;0.0;0.0;0.0
1666650860;0.0;0.0;0.0
1666650920;0.0;0.0;0.0
1666650980;0.0;0.0;0.0
1666651040;0.0;0.0;0.0
1666651100;0.0;0.0;0.0
1666651160;0.0;0.0;0.0
1666651220;0.0;0.0;0.0
1666651280;0.0;0.0;0.0
1666651340;0.0;0.0;0.0
1666651400;0.0;0.0;0.0
1666651460;0.0;0.0;0.0
1666651520;0.0;0.0;0.0
1666651580;0.0;0.0;0.0
1666651640;0.0;0.0;0.0
1666651700;0.0;0.0;0.0
1666651760;0.0;0.0;0.0
1666651820;0.0;0.0;0.0
1666651880;0.0;0.0;0.0
1666651940;0.0;0.0;0.0
1666652000;0.0;0.0;0.0
1666652060;0.0;0.0;0.0
1666652120;0.0;0.0;0.0
1666652180;0.0;0.0;0.0
1666652240;0.0;0.0;0.0
1666652300;0.0;0.0;0.0
1666652360;0.0;0.0;0.0
1666652420;0.0;0.0;0.0
1666652480;0.0;0.0;0.0
1666652540;0.0;0.0;0.0
1666652600;0.0;0.0;0.0
1666652660;0.0;0.0;0.0
1666652720;0.0;0.0;0.0
1666652780;0.0;0.0;0.0
1666652840;0.0;0.0;0.0
1666652900;0.0;0.0;0.0
1666652960;0.0;0.0;0.0
1666653020;0.0;0.0;0.0
1666653080;0.0;0.0;0.0
1666653140;0.0;0.0;0.0
1666653200;0.0;0.0;0.0
1666653260;0.0;0.0;0.0
1666653320;0.0;0.0;0.0
1666653380;0.0;0.0;0.0
1666653440;0.0;0.0;0.0
1666653500;0.0;0.0;0.0
1666653560;0.0;0.0;0.0
1666653620;0.0;0.0;0.0
1666653680;0.0;0.0;0.0
1666653740;0.0;0.0;0.0
1666653800;0.0;0.0;0.0
1666653860;0.0;0.0;0.0
1666653920;0.0;0.0;0.0
1666653980;0.0;0.0;0.0
1666654040;0.0;0.0;0.0
1666654100;0.0;0.0;0.0
1666654160;0.0;0.0;0.0
1666654220;0.0;0.0;0.0
1666654280;0.0;0.0;0.0
1666654340;0.0;0.0;0.0
1666654400;0.0;0.0;0.0
1666654460;0.0;0.0;0.0
1666654520;0.0;0.0;0.0
1666654580;0.0;0.0;0.0
1666654640;0.0;0.0;0.0
1666654700;0.0;0.0;0.0
1666654760;0.0;0.0;0.0
1666654820;0.0;0.0;0.0
1666654880;0.0;0.0;0.0
1666654940;0.0;0.0;0.0
1666655000;0.0;0.0;0.0
1666655060;0.0;0.0;0.0
1666655120;0.0;0.0;0.0
1666655180;0.0;0.0;0.0
1666655240;0.0;0.0;0.0
1666655300;0.0;0.0;0.0
1666655360;0.0;0.0;0.0
1666655420;0.0;0.0;0.0
1666655480;0.0;0.0;0.0
1666655540;0.0;0.0;0.0
1666655600;0.0;0.0;0.0
1666655660;0.0;0.0;0.0
1666655720;0.0;0.0;0.0
1666655780;0.0;0.0;0.0
1666655840;0.0;0.0;0.0
1666655900;0.0;0.0;0.0
1666655960;0.0;0.0;0.0
1666656020;0.0;0.0;0.0
1666656080;0.0;0.0;0.0
1666656140;0.0;0.0;0.0
1666656200;0.0;0.0;0.0
1666656260;0.0;0.0;0.0
1666656320;0.0;0.0;0.0
1666656380;0.0;0.0;0.0
1666656440;0.0;0.0;0.0
1666656500;0.0;0.0;0.0
1666656560;0.0;0.0;0.0
1666656620;0.0;0.0;0.0
1666656680;0.0;0.0;0.0
1666656740;0.0;0.0;0.0
1666656800;0.0;0.0;0.0
1666656860;0.0;0.0;0.0
1666656920;0.0;0.0;0.0
1666656980;0.0;0.0;0.0
1666657040;0.0;0.0;0.0
1666657100;0.0;0.0;0.0
1666657160;0.0;0.0;0.0
1666657220;0.0;0.0;0.0
1666657280;0.0;0.0;0.0
1666657340;0.0;0.0;0.0
1666657400;0.0;0.0;0.0
1666657460;0.0;0.0;0.0
1666657520;0.0;0.0;0.0
1666657580;0.0;0.0;0.0
1666657640;0.0;0.0;0.0
1666657700;0.0;0.0;0.0
1666657760;0.0;0.0;0.0
1666657820;0.0;0.0;0.0
1666657880;0.0;0.0;0.0
1666657940;0.0;0.0;0.0
1666658000;0.0;0.0;0.0
1666658060;0.0;0.0;0.0
1666658120;0.0;0.0;0.0
1666658180;0.0;0.0;0.0
1666658240;0.0;0.0;0.0
1666658300;0.0;0.0;0.0
1666658360;0.0;0.0;0.0
1666658420;0.0;0.0;0.0
1666658480;0.0;0.0;0.0
1666658540;0.0;0.0;0.0
1666658600;0.0;0.0;0.0
1666658660;0.0;0.0;0.0
1666658720;0.0;0.0;0.0
1666658780;0.0;0.0;0.0
1666658840;0.0;0.0;0.0
1666658900;0.0;0.0;0.0
1666658960;0.0;0.0;0.0
1666659020;0.0;0.0;0.0
1666659080;0.0;0.0;0.0
1666659140;0.0;0.0;0.0
1666659200;0.0;0.0;0.0
1666659260;0.0;0.0;0.0
1666659320;0.0;0.0;0.0
1666659380;0.0;0.0;0.0
1666659440;0.0;0.0;0.0
1666659500;0.0;0.0;0.0
1666659560;0.0;0.0;0.0
1666659620;0.0;0.0;0.0
1666659680;0.0;0.0;0.0
1666659740;0.0;0.0;0.0
1666659800;0.0;0.0;0.0
1666659860;0.0;0.0;0.0
1666659920;0.0;0.0;0.0
1666659980;0.0;0.0;0.0
1666660040;0.0;0.0;0.0
1666660100;0.0;0.0;0.0
1666660160;0.0;0.0;0.0
1666660220;0.0;0.0;0.0
1666660280;0.0;0.0;0.0
1666660340;0.0;0.0;0.0
1666660400;0.0;0.0;0.0
1666660460;0.0;0.0;0.0
1666660520;0.0;0.0;0.0
1666660580;0.0;0.0;0.0
1666660640;0.0;0.0;0.0
1666660700;0.0;0.0;0.0
1666660760;0.0;0.0;0.0
1666660820;0.0;0.0;0.0
1666660880;0.0;0.0;0.0
1666660940;0.0;0.0;0.0
1666661000;0.0;0.0;0.0
1666661060;0.0;0.0;0.0
1666661120;0.0;0.0;0.0
1666661180;0.0;0.0;0.0
1666661240;0.0;0.0;0.0
1666661300;0.0;0.0;0.0
1666661360;0.0;0.0;0.0
1666661420;0.0;0.0;0.0
1666661480;0.0;0.0;0.0
1666661540;0.0;0.0;0.0
1666661600;0.0;0.0;0.0
1666661660;0.0;0.0;0.0
1666661720;0.0;0.0;0.0
1666661780;0.0;0.0;0.0
1666661840;0.0;0.0;0.0
1666661900;0.0;0.0;0.0
1666661960;0.0;0.0;0.0
1666662020;0.0;0.0;0.0
1666662080;0.0;0.0;0.0
1666662140;0.0;0.0;0.0
1666662200;0.0;0.0;0.0
1666662260;0.0;0.0;0.0
1666662320;0.0;0.0;0.0
1666662380;0.0;0.0;0.0
1666662440;0.0;0.0;0.0
1666662500;0.0;0.0;0.0
1666662560;0.0;0.0;0.0
1666662620;0.0;0.0;0.0
1666662680;0.0;0.0;0.0
1666662740;0.0;0.0;0.0
1666662800;0.0;0.0;0.0
1666662860;0.0;0.0;0.0
1666662920;0.0;0.0;0.0
1666662980;0.0;0.0;0.0
1666663040;0.0;0.0;0.0
1666663100;0.0;0.0;0.0
1666663160;0.0;0.0;0.0
1666663220;0.0;0.0;0.0
1666663280;0.0;0.0;0.0
1666663340;0.0;0.0;0.0
1666663400;0.0;0.0;0.0
1666663460;0.0;0.0;0.0
1666663520;0.0;0.0;0.0
1666663580;0.0;0.0;0.0
1666663640;0.0;0.0;0.0
1666663700;0.0;0.0;0.0
1666663760;0.0;0.0;0.0
1666663820;0.0;0.0;0.0
1666663880;0.0;0.0;0.0
1666663940;0.0;0.0;0.0
1666664000;0.0;0.0;0.0
1666664060;0.0;0.0;0.0
1666664120;0.0;0.0;0.0
1666664180;0.0;0.0;0.0
1666664240;0.0;0.0;0.0
1666664300;0.0;0.0;0.0
1666664360;0.0;0.0;0.0
1666664420;0.0;0.0;0.0
1666664480;0.0;0.0;0.0
1666664540;0.0;0.0;0.0
1666664600;0.0;0.0;0.0
1666664660;0.0;0.0;0.0
1666664720;0.0;0.0;0.0
1666664780;0.0;0.0;0.0
1666664840;0.0;0.0;0.0
1666664900;0.0;0.0;0.0
1666664960;0.0;0.0;0.0
1666665020;0.0;0.0;0.0
1666665080;0.0;0.0;0.0
1666665140;0.0;0.0;0.0
1666665200;0.0;0.0;0.0
1666665260;0.0;0.0;0.0
1666665320;0.0;0.0;0.0
1666665380;0.0;0.0;0.0
1666665440;0.0;0.0;0.0
1666665500;0.0;0.0;0.0
1666665560;0.0;0.0;0.0
1666665620;0.0;0.0;0.0
1666665680;0.0;0.0;0.0
1666665740;0.0;0.0;0.0
1666665800;0.0;0.0;0.0
1666665860;0.0;0.0;0.0
1666665920;0.0;0.0;0.0
1666665980;0.0;0.0;0.0
1666666040;0.0;0.0;0.0
1666666100;0.0;0.0;0.0
1666666160;0.0;0.0;0.0
1666666220;0.0;0.0;0.0
1666666280;0.0;0.0;0.0
1666666340;0.0;0.0;0.0
1666666400;0.0;0.0;0.0
1666666460;0.0;0.0;0.0
1666666520;0.0;0.0;0.0
1666666580;0.0;0.0;0.0
1666666640;0.0;0.0;0.0
1666666700;0.0;0.0;0.0
1666666760;0.0;0.0;0.0
1666666820;0.0;0.0;0.0
1666666880;0.0;0.0;0.0
1666666940;0.0;0.0;0.0
1666667000;0.0;0.0;0.0
1666667060;0.0;0.0;0.0
1666667120;0.0;0.0;0.0
1666667180;0.0;0.0;0.0
1666667240;0.0;0.0;0.0
1666667300;0.0;0.0;0.0
1666667360;0.0;0.0;0.0
1666667420;0.0;0.0;0.0
1666667480;0.0;0.0;0.0
1666667540;0.0;0.0;0.0
1666667600;0.0;0.0;0.0
1666667660;0.0;0.0;0.0
1666667720;0.0;0.0;0.0
1666667780;0.0;0.0;0.0
1666667840;0.0;0.0;0.0
1666667900;0.0;0.0;0.0
1666667960;0.0;0.0;0.0
1666668020;0.0;0.0;0.0
1666668080;0.0;0.0;0.0
1666668140;0.0;0.0;0.0
1666668200;0.0;0.0;0.0
1666668260;0.0;0.0;0.0
1666668320;0.0;0.0;0.0
1666668380;0.0;0.0;0.0
1666668440;0.0;0.0;0.0
1666668500;0.0;0.0;0.0
1666668560;0.0;0.0;0.0
1666668620;0.0;0.0;0.0
1666668680;0.0;0.0;0.0
1666668740;0.0;0.0;0.0
1666668800;0.0;0.0;0.0
1666668860;0.0;0.0;0.0
1666668920;0.0;0.0;0.0
1666668980;0.0;0.0;0.0
1666669040;0.0;0.0;0.0
1666669100;0.0;0.0;0.0
1666669160;0.0;0.0;0.0
1666669220;0.0;0.0;0.0
1666669280;0.0;0.0;0.0
1666669340;0.0;0.0;0.0
1666669400;0.0;0.0;0.0
1666669460;0.0;0.0;0.0
1666669520;0.0;0.0;0.0
1666669580;0.0;0.0;0.0
1666669640;0.0;0.0;0.0
1666669700;0.0;0.0;0.0
1666669760;0.0;0.0;0.0
1666669820;0.0;0.0;0.0
1666669880;0.0;0.0;0.0
1666669940;0.0;0.0;0.0
1666670000;0.0;0.0;0.0
1666670060;0.0;0.0;0.0
1666670120;0.0;0.0;0.0
1666670180;0.0;0.0;0.0
1666670240;0.0;0.0;0.0
1666670300;0.0;0.0;0.0
1666670360;0.0;0.0;0.0
1666670420;0.0;0.0;0.0
1666670480;0.0;0.0;0.0
1666670540;0.0;0.0;0.0
1666670600;0.0;0.0;0.0
1666670660;0.0;0.0;0.0
1666670720;0.0;0.0;0.0
1666670780;0.0;0.0;0.0
1666670840;0.0;0.0;0.0
1666670900;0.0;0.0;0.0
1666670960;0.0;0.0;0.0
1666671020;0.0;0.0;0.0
1666671080;0.0;0.0;0.0
1666671140;0.0;0.0;0.0
1666671200;0.0;0.0;0.0
1666671260;0.0;0.0;0.0
1666671320;0.0;0.0;0.0
1666671380;0.0;0.0;0.0
1666671440;0.0;0.0;0.0
1666671500;0.0;0.0;0.0
1666671560;0.0;0.0;0.0
1666671620;0.0;0.0;0.0
1666671680;0.0;0.0;0.0
1666671740;0.0;0.0;0.0
1666671800;0.0;0.0;0.0
1666671860;0.0;0.0;0.0
1666671920;0.0;0.0;0.0
1666671980;0.0;0.0;0.0
1666672040;0.0;0.0;0.0
1666672100;0.0;0.0;0.0
1666672160;0.0;0.0;0.0
1666672220;0.0;0.0;0.0
1666672280;0.0;0.0;0.0
1666672340;0.0;0.0;0.0
1666672400;0.0;0.0;0.0
1666672460;0.0;0.0;0.0
1666672520;0.0;0.0;0.0
1666672580;0.0;0.0;0.0
1666672640;0.0;0.0;0.0
1666672700;0.0;0.0;0.0
1666672760;0.0;0.0;0.0
1666672820;0.0;0.0;0.0
1666672880;0.0;0.0;0.0
1666672940;0.0;0.0;0.0
1666673000;0.0;0.0;0.0
1666673060;0.0;0.0;0.0
1666673120;0.0;0.0;0.0
1666673180;0.0;0.0;0.0
1666673240;0.0;0.0;0.0
1666673300;0.0;0.0;0.0
1666673360;0.0;0.0;0.0
1666673420;0.0;0.0;0.0
1666673480;0.0;0.0;0.0
1666673540;0.0;0.0;0.0
1666673600;0.0;0.0;0.0
1666673660;0.0;0.0;0.0
1666673720;0.0;0.0;0.0
1666673780;0.0;0.0;0.0
1666673840;0.0;0.0;0.0
1666673900;0.0;0.0;0.0
1666673960;0.0;0.0;0.0
1666674020;0.0;0.0;0.0
1666674080;0.0;0.0;0.0
1666674140;0.0;0.0;0.0
1666674200;0.0;0.0;0.0
1666674260;0.0;0.0;0.0
1666674320;0.0;0.0;0.0
1666674380;0.0;0.0;0.0
1666674440;0.0;0.0;0.0
1666674500;0.0;0.0;0.0
1666674560;0.0;0.0;0.0
1666674620;0.0;0.0;0.0
1666674680;0.0;0.0;0.0
1666674740;0.0;0.0;0.0
1666674800;0.0;0.0;0.0
1666674860;0.0;0.0;0.0
1666674920;0.0;0.0;0.0
1666674980;0.0;0.0;0.0
1666675040;0.0;0.0;0.0
1666675100;0.0;0.0;0.0
1666675160;0.0;0.0;0.0
1666675220;0.0;0.0;0.0
1666675280;0.0;0.0;0.0
1666675340;0.0;0.0;0.0
1666675400;0.0;0.0;0.0
1666675460;0.0;0.0;0.0
1666675520;0.0;0.0;0.0
1666675580;0.0;0.0;0.0
1666675640;0.0;0.0;0.0
1666675700;0.0;0.0;0.0
1666675760;0.0;0.0;0.0
1666675820;0.0;0.0;0.0
1666675880;0.0;0.0;0.0
1666675940;0.0;0.0;0.0
1666676000;0.0;0.0;0.0
1666676060;0.0;0.0;0.0
1666676120;0.0;0.0;0.0
1666676180;0.0;0.0;0.0
1666676240;0.0;0.0;0.0
1666676300;0.0;0.0;0.0
1666676360;0.0;0.0;0.0
1666676420;0.0;0.0;0.0
1666676480;0.0;0.0;0.0
1666676540;0.0;0.0;0.0
1666676600;0.0;0.0;0.0
1666676660;0.0;0.0;0.0
1666676720;0.0;0.0;0.0
1666676780;0.0;0.0;0.0
1666676840;0.0;0.0;0.0
1666676900;0.0;0.0;0.0
1666676960;0.0;0.0;0.0
1666677020;0.0;0.0;0.0
1666677080;0.0;0.0;0.0
1666677140;0.0;0.0;0.0
1666677200;0.0;0.0;0.0
1666677260;0.0;0.0;0.0
1666677320;0.0;0.0;0.0
1666677380;0.0;0.0;0.0
1666677440;0.0;0.0;0.0
1666677500;0.0;0.0;0.0
1666677560;0.0;0.0;0.0
1666677620;0.0;0.0;0.0
1666677680;0.0;0.0;0.0
1666677740;0.0;0.0;0.0
1666677800;0.0;0.0;0.0
1666677860;0.0;0.0;0.0
1666677920;0.0;0.0;0.0
1666677980;0.0;0.0;0.0
1666678040;0.0;0.0;0.0
1666678100;0.0;0.0;0.0
1666678160;0.0;0.0;0.0
1666678220;0.0;0.0;0.0
1666678280;0.0;0.0;0.0
1666678340;0.0;0.0;0.0
1666678400;0.0;0.0;0.0
1666678460;0.0;0.0;0.0
1666678520;0.0;0.0;0.0
1666678580;0.0;0.0;0.0
1666678640;0.0;0.0;0.0
1666678700;0.0;0.0;0.0
1666678760;0.0;0.0;0.0
1666678820;0.0;0.0;0.0
1666678880;0.0;0.0;0.0
1666678940;0.0;0.0;0.0
1666679000;0.0;0.0;0.0
1666679060;0.0;0.0;0.0
1666679120;0.0;0.0;0.0
1666679180;0.0;0.0;0.0
1666679240;0.0;0.0;0.0
1666679300;0.0;0.0;0.0
1666679360;0.0;0.0;0.0
1666679420;0.0;0.0;0.0
1666679480;0.0;0.0;0.0
1666679540;0.0;0.0;0.0
1666679600;0.0;0.0;0.0
1666679660;0.0;0.0;0.0
1666679720;0.0;0.0;0.0
1666679780;0.0;0.0;0.0
1666679840;0.0;0.0;0.0
1666679900;0.0;0.0;0.0
1666679960;0.0;0.0;0.0
1666680020;0.0;0.0;0.0
1666680080;0.0;0.0;0.0
1666680140;0.0;0.0;0.0
1666680200;1361.0439665873844;0.1597706900553491;0.0325671137098536
1666680260;3224.9945023536684;1.152223325392502;0.17811792196731002
1666680320;3225.0;1.1516439260476363;0.1783298119929046
1666680380;3225.0;1.1516439260476363;0.1783298119929046
1666680440;3225.0;1.1516439260476363;0.1783298119929046
1666680500;3225.0;1.1516439260476363;0.1783298119929046
1666680560;3225.0;1.1516439260476363;0.1783298119929046
1666680620;3225.0;1.1516439260476363;0.1783298119929046
1666680680;3225.0;1.1516439260476363;0.1783298119929046
1666680740;3225.0;1.1516439260476363;0.1783298119929046
1666680800;3225.0;1.1516439260476363;0.1783298119929046
1666680860;1977.7149309595427;0.22426107311741467;0.03883878142972137
1666680920;3230.0;0.6401938270943045;0.07346486540426445
1666680980;3230.0;0.6401938270943045;0.07346486540426445
1666681040;3023.451771124204;0.6018952561507325;0.06524481081511137
1666681100;2916.8101450165113;1.250842095771434;0.18780789164165212
1666681160;3237.0;0.9016217590255002;0.13999302727937527
1666681220;3237.0;0.9016217590255002;0.13999302727937527
1666681280;3237.0;0.9016217590255002;0.13999302727937527
1666681340;3237.0;0.9016217590255002;0.13999302727937527
1666681400;3237.0;0.9016217590255002;0.13999302727937527
1666681460;3237.0;0.9016217590255002;0.13999302727937527
1666681520;3237.0;0.9016217590255002;0.13999302727937527
1666681580;3237.0;0.9016217590255002;0.13999302727937527
1666681640;3237.0;0.9016217590255002;0.13999302727937527
1666681700;3237.388625291983;0.8346989556892752;0.1322694489353577
1666681760;3238.0;0.7294178270716757;0.1201189261764812
1666681820;3238.0;0.7294178270716757;0.1201189261764812
1666681880;3238.0;0.7294178270716757;0.1201189261764812
1666681940;3238.0;0.7294178270716757;0.1201189261764812
1666682000;3238.0;0.7294178270716757;0.1201189261764812
1666682060;3238.0;0.7294178270716757;0.1201189261764812
1666682120;3238.0;0.7294178270716757;0.1201189261764812
1666682180;3238.0;0.7294178270716757;0.1201189261764812
1666682240;3238.0;0.7294178270716757;0.1201189261764812
1666682300;2931.918481910229;0.5851026736647074;0.0722484116536153
1666682360;2189.203305868308;0.32355316891921493;0.0624237789056372
1666682420;3248.0;1.1149143034881825;0.18831885843671844
1666682480;3248.0;1.1149143034881825;0.18831885843671844
1666682540;3248.0;1.1149143034881825;0.18831885843671844
1666682600;3248.0;1.1149143034881825;0.18831885843671844
1666682660;3248.0;1.1149143034881825;0.18831885843671844
1666682720;3248.0;1.1149143034881825;0.18831885843671844
1666682780;3248.0;1.1149143034881825;0.18831885843671844
1666682840;3248.0;1.1149143034881825;0.18831885843671844
1666682900;3248.0;1.1149143034881825;0.18831885843671844
1666682960;3248.0652034004534;1.101758253691673;0.18612857681466471
1666683020;3249.0;0.9131449217516214;0.1547273339634692
1666683080;3249.0;0.9131449217516214;0.1547273339634692
1666683140;3249.0;0.9131449217516214;0.1547273339634692
1666683200;3249.0;0.9131449217516214;0.1547273339634692
1666683260;3249.0;0.9131449217516214;0.1547273339634692
1666683320;3249.0;0.9131449217516214;0.1547273339634692
1666683380;3249.4945048650106;0.5363604908004791;0.07821391456841702
1666683440;3250.061544191837;0.24580097625232344;0.02044022653778284
1666683500;3251.0;1.6882906704675364;0.33212275484607273
1666683560;3252.5120765566826;1.099695336112478;0.18635570146569932
1666683620;3253.0;1.1073703044727932;0.18667099418255656
1666683680;3253.0;1.1073703044727932;0.18667099418255656
1666683740;3253.0;1.1073703044727932;0.18667099418255656
1666683800;3253.0;1.1073703044727932;0.18667099418255656
1666683860;3203.4049800912544;1.0941676370298925;0.17880284269406901
1666683920;3255.0;1.117952283789075;0.17327427349338864
1666683980;3255.0;1.117952283789075;0.17327427349338864
1666684040;3255.0;1.117952283789075;0.17327427349338864
1666684100;3255.0;1.117952283789075;0.17327427349338864
1666684160;3255.0;1.117952283789075;0.17327427349338864
1666684220;3255.0;1.117952283789075;0.17327427349338864
1666684280;3255.0;1.117952283789075;0.17327427349338864
1666684340;3255.0;1.117952283789075;0.17327427349338864
1666684400;3255.0;1.117952283789075;0.17327427349338864
1666684460;3255.3682883938154;1.0590853570727667;0.1702300343496523
1666684520;3256.0;0.9581130716258452;0.16500836233556224
1666684580;3256.0;0.9581130716258452;0.16500836233556224
1666684640;3256.0;0.9581130716258452;0.16500836233556224
1666684700;3256.0;0.9581130716258452;0.16500836233556224
1666684760;3256.0;0.9581130716258452;0.16500836233556224
1666684820;2910.9307149569195;0.8565727176281916;0.14752085692485523
1666684880;1071.624120171865;0.11152921312439214;0.014457490590198978
1666684940;3272.0;0.3405331948710574;0.044143191927729655
1666685000;3272.0;0.3405331948710574;0.044143191927729655
1666685060;1031.9909856478373;0.10740439713349315;0.01392279222100837
1666685120;1695.6276836435;1.5809011072552348;0.2307261075453586
1666685180;3115.8890920241674;2.349322878698168;0.3540064962805616
1666685240;2403.6766258478165;1.3531093473799307;0.2152673961740799
1666685300;0.0;0.0;0.0
1666685360;336.60946226914723;0.16666666666666666;0.0
1666685420;2952.6516034881274;0.14077660280785886;0.002678881793465798
1666685480;3311.0;0.08973921969803747;0.009971024410893052
1666685540;1333.8141942739487;0.03615084416077038;0.00401676046230782
1666685600;1337.1143258213997;0.2144261677132853;0.04380749662959591
1666685660;3331.0;0.5341753886408941;0.10913260628147298
1666685720;3331.0;0.5341753886408941;0.10913260628147298
1666685780;3331.0;0.5341753886408941;0.10913260628147298
1666685840;3331.0;0.5341753886408941;0.10913260628147298
1666685900;3331.0;0.5341753886408941;0.10913260628147298
1666685960;1338.8024846156438;0.21469688908224444;0.043862805296372515
1666686020;0.0;0.0;0.0
1666686080;948.8921142816544;0.2949419704927156;0.06286423409540254
1666686140;3345.0;1.0397187166477941;0.22160671364448178
1666686200;3345.0;1.0397187166477941;0.22160671364448178
1666686260;3345.0;1.0397187166477941;0.22160671364448178
1666686320;3345.0;1.0397187166477941;0.22160671364448178
1666686380;3345.0;1.0397187166477941;0.22160671364448178
1666686440;3345.0;1.0397187166477941;0.22160671364448178
1666686500;3345.0;1.0397187166477941;0.22160671364448178
1666686560;3345.0;1.0397187166477941;0.22160671364448178
1666686620;3345.0;1.0397187166477941;0.22160671364448178
1666686680;3345.280969393253;0.8573549015883329;0.17502277004395622
1666686740;1058.3415641943614;0.12356801142213661;0.01765257306030523
1666686800;0.0;0.0;0.0
1666686860;0.0;0.0;0.0
1666686920;149.37572675148647;0.08333333333333333;0.0
1666686980;0.0;0.0;0.0
1666687040;0.0;0.0;0.0
1666687100;0.0;0.0;0.0
1666687160;0.0;0.0;0.0
1666687220;0.0;0.0;0.0
1666687280;0.0;0.0;0.0
1666687340;0.0;0.0;0.0
1666687400;0.0;0.0;0.0
1666687460;0.0;0.0;0.0
1666687520;0.0;0.0;0.0
1666687580;0.0;0.0;0.0
1666687640;0.0;0.0;0.0
1666687700;0.0;0.0;0.0
1666687760;0.0;0.0;0.0
1666687820;0.0;0.0;0.0
1666687880;0.0;0.0;0.0
1666687940;0.0;0.0;0.0
1666688000;0.0;0.0;0.0
1666688060;1493.512116909027;0.22814784415969627;0.05525812241356988
1666688120;3378.0;0.834068041286758;0.15220219731510184
1666688180;3378.0;0.834068041286758;0.15220219731510184
1666688240;3378.0;0.834068041286758;0.15220219731510184
1666688300;3378.0;0.834068041286758;0.15220219731510184
1666688360;3378.0;0.834068041286758;0.15220219731510184
1666688420;3378.0;0.834068041286758;0.15220219731510184
1666688480;3378.0;0.834068041286758;0.15220219731510184
1666688540;3240.195696735382;0.8000425334996633;0.14599316304738383
1666688600;0.0;0.0;0.0
1666688660;0.0;0.0;0.0
1666688720;0.0;0.0;0.0
1666688780;29.16959325472514;0.009921963507410723;0.0020706706450248466
1666688840;3380.0;1.149698467242623;0.23993707142454737
1666688900;3380.0;1.149698467242623;0.23993707142454737
1666688960;3380.0;1.149698467242623;0.23993707142454737
1666689020;3380.0;1.149698467242623;0.23993707142454737
1666689080;3380.0;1.149698467242623;0.23993707142454737
1666689140;3380.0;1.149698467242623;0.23993707142454737
1666689200;3380.0;1.149698467242623;0.23993707142454737
1666689260;3380.0;1.149698467242623;0.23993707142454737
1666689320;3380.0;1.149698467242623;0.23993707142454737
1666689380;3380.0060073455174;1.1447742436058181;0.2388160764002038
1666689440;3381.0;0.3299980484004997;0.05333301792331308
1666689500;3381.0;0.3299980484004997;0.05333301792331308
1666689560;3381.0;0.3299980484004997;0.05333301792331308
1666689620;3381.0;0.3299980484004997;0.05333301792331308
1666689680;3381.0;0.3299980484004997;0.05333301792331308
1666689740;3381.0;0.3299980484004997;0.05333301792331308
1666689800;3381.0;0.3299980484004997;0.05333301792331308
1666689860;3381.0;0.3299980484004997;0.05333301792331308
1666689920;3381.0;0.3299980484004997;0.05333301792331308
1666689980;3360.889116227627;0.3280351520986681;0.05301578215736051
1666690040;0.0;0.0;0.0
1666690100;0.0;0.0;0.0
1666690160;0.0;0.0;0.0
1666690220;0.0;0.0;0.0
1666690280;0.0;0.0;0.0
1666690340;3251.550098991394;0.5598430992426973;0.09932700147854305
1666690400;3384.0;0.5826479648660341;0.10337302602461895
1666690460;3384.0;0.5826479648660341;0.10337302602461895
1666690520;2252.829972712199;0.458194304358568;0.07726027980555239
1666690580;2085.7515819867454;0.3647938287878682;0.06666283165666627
1666690640;3388.0;0.5925545029461479;0.1082840716043722
1666690700;3388.0;0.5925545029461479;0.1082840716043722
1666690760;3388.0;0.5925545029461479;0.1082840716043722
1666690820;3388.0;0.5925545029461479;0.1082840716043722
1666690880;3135.0925665696464;0.5483214927608736;0.10020088192584492
1666690940;2256.8812913417814;0.7778110901654599;0.11047172005248562
1666691000;3396.0;1.1703967206141734;0.16623025886983914
1666691060;3396.0;1.1703967206141734;0.16623025886983914
1666691120;3396.0;1.1703967206141734;0.16623025886983914
1666691180;3396.0;1.1703967206141734;0.16623025886983914
1666691240;3396.751706389586;0.2909789038514012;0.04165078760837998
1666691300;3397.0;0.0005013612745303532;0.0005013612745303532
1666691360;3397.0;0.0005013612745303532;0.0005013612745303532
1666691420;3397.0;0.0005013612745303532;0.0005013612745303532
1666691480;3397.0;0.0005013612745303532;0.0005013612745303532
1666691540;3397.0;0.0005013612745303532;0.0005013612745303532
1666691600;3397.0;0.0005013612745303532;0.0005013612745303532
1666691660;3397.0;0.0005013612745303532;0.0005013612745303532
1666691720;3397.0;0.0005013612745303532;0.0005013612745303532
1666691780;3397.0;0.0005013612745303532;0.0005013612745303532
1666691840;3397.0;0.0005013612745303532;0.0005013612745303532
1666691900;3397.0;0.0005013612745303532;0.0005013612745303532
1666691960;3397.0;0.0005013612745303532;0.0005013612745303532
1666692020;3397.0;0.0005013612745303532;0.0005013612745303532
1666692080;3397.0;0.0005013612745303532;0.0005013612745303532
1666692140;3397.0;0.0005013612745303532;0.0005013612745303532
1666692200;3397.0;0.0005013612745303532;0.0005013612745303532
1666692260;3397.0;0.0005013612745303532;0.0005013612745303532
1666692320;3397.0;0.0005013612745303532;0.0005013612745303532
1666692380;3397.0;0.0005013612745303532;0.0005013612745303532
1666692440;3397.0;0.0005013612745303532;0.0005013612745303532
1666692500;3397.0;0.0005013612745303532;0.0005013612745303532
1666692560;3397.0;0.0005013612745303532;0.0005013612745303532
1666692620;3397.0;0.0005013612745303532;0.0005013612745303532
1666692680;3397.0;0.0005013612745303532;0.0005013612745303532
1666692740;3397.0;0.0005013612745303532;0.0005013612745303532
1666692800;3397.0;0.0005013612745303532;0.0005013612745303532
1666692860;3397.0;0.0005013612745303532;0.0005013612745303532
1666692920;3397.0;0.0005013612745303532;0.0005013612745303532
1666692980;3397.0;0.0005013612745303532;0.0005013612745303532
1666693040;3397.0;0.0005013612745303532;0.0005013612745303532
1666693100;3397.0;0.0005013612745303532;0.0005013612745303532
1666693160;3397.0;0.0005013612745303532;0.0005013612745303532
1666693220;3397.0;0.0005013612745303532;0.0005013612745303532
1666693280;3397.0;0.0005013612745303532;0.0005013612745303532
1666693340;3397.0;0.0005013612745303532;0.0005013612745303532
1666693400;3397.0;0.0005013612745303532;0.0005013612745303532
1666693460;3397.0;0.0005013612745303532;0.0005013612745303532
1666693520;3397.0;0.0005013612745303532;0.0005013612745303532
1666693580;3397.0;0.0005013612745303532;0.0005013612745303532
1666693640;3397.0;0.0005013612745303532;0.0005013612745303532
1666693700;3397.0;0.0005013612745303532;0.0005013612745303532
1666693760;3397.0;0.0005013612745303532;0.0005013612745303532
1666693820;3397.0;0.0005013612745303532;0.0005013612745303532
1666693880;3397.0;0.0005013612745303532;0.0005013612745303532
1666693940;3397.0;0.0005013612745303532;0.0005013612745303532
1666694000;3397.0;0.0005013612745303532;0.0005013612745303532
1666694060;3397.0;0.0005013612745303532;0.0005013612745303532
1666694120;3397.0;0.0005013612745303532;0.0005013612745303532
1666694180;3397.0;0.0005013612745303532;0.0005013612745303532
1666694240;3397.0;0.0005013612745303532;0.0005013612745303532
1666694300;3397.0;0.0005013612745303532;0.0005013612745303532
1666694360;3397.0;0.0005013612745303532;0.0005013612745303532
1666694420;3397.0;0.0005013612745303532;0.0005013612745303532
1666694480;3397.0;0.0005013612745303532;0.0005013612745303532
1666694540;3397.0;0.0005013612745303532;0.0005013612745303532
1666694600;3397.0;0.0005013612745303532;0.0005013612745303532
1666694660;3397.0;0.0005013612745303532;0.0005013612745303532
1666694720;3397.0;0.0005013612745303532;0.0005013612745303532
1666694780;3397.0;0.0005013612745303532;0.0005013612745303532
1666694840;3397.0;0.0005013612745303532;0.0005013612745303532
1666694900;3397.0;0.0005013612745303532;0.0005013612745303532
1666694960;3397.0;0.0005013612745303532;0.0005013612745303532
1666695020;3397.0;0.0005013612745303532;0.0005013612745303532
1666695080;3397.0;0.0005013612745303532;0.0005013612745303532
1666695140;3397.0;0.0005013612745303532;0.0005013612745303532
1666695200;2493.2275257229803;0.0003679740153048668;0.0003679740153048668
1666695260;0.0;0.0;0.0
1666695320;0.0;0.0;0.0
1666695380;0.0;0.0;0.0
1666695440;0.0;0.0;0.0
1666695500;0.0;0.0;0.0
1666695560;0.0;0.0;0.0
1666695620;77.64407749176024;0.016666666666666666;0.0
1666695680;0.0;0.0;0.0
1666695740;0.0;0.0;0.0
1666695800;0.0;0.0;0.0
1666695860;0.0;0.0;0.0
1666695920;0.0;0.0;0.0
1666695980;0.0;0.0;0.0
1666696040;0.0;0.0;0.0
1666696100;56.46189346710841;0.016666666666666666;0.016666666666666666
1666696160;0.0;0.0;0.0
1666696220;0.0;0.0;0.0
1666696280;0.0;0.0;0.0
1666696340;0.0;0.0;0.0
1666696400;0.0;0.0;0.0
1666696460;0.0;0.0;0.0
1666696520;0.0;0.0;0.0
1666696580;826.3101534326871;0.0004443149782661525;0.0004443149782661525
1666696640;3427.0;0.0018427311151782237;0.0018427311151782237
1666696700;3427.0;0.0018427311151782237;0.0018427311151782237
1666696760;3427.0;0.0018427311151782237;0.0018427311151782237
1666696820;3427.0;0.0018427311151782237;0.0018427311151782237
1666696880;3427.0;0.0018427311151782237;0.0018427311151782237
1666696940;3427.0;0.0018427311151782237;0.0018427311151782237
1666697000;3427.0;0.0018427311151782237;0.0018427311151782237
1666697060;3427.0;0.0018427311151782237;0.0018427311151782237
1666697120;2784.9264076391855;0.01814716943364139;0.0014805027669747247
1666697180;0.0;0.0;0.0
1666697240;0.0;0.0;0.0
1666697300;0.0;0.0;0.0
1666697360;0.0;0.0;0.0
1666697420;0.0;0.0;0.0
1666697480;0.0;0.0;0.0
1666697540;0.0;0.0;0.0
1666697600;3411.0059221108754;0.0031999171817774564;0.0031999171817774564
1666697660;3436.0;0.003223364511130259;0.003223364511130259
1666697720;3436.0;0.003223364511130259;0.003223364511130259
1666697780;3436.0;0.003223364511130259;0.003223364511130259
1666697840;3436.0;0.003223364511130259;0.003223364511130259
1666697900;647.5783549030622;0.01723995810703484;0.01723995810703484
1666697960;0.0;0.0;0.0
1666698020;0.0;0.0;0.0
1666698080;0.0;0.0;0.0
1666698140;0.0;0.0;0.0
1666698200;0.0;0.0;0.0
1666698260;0.0;0.0;0.0
1666698320;0.0;0.0;0.0
1666698380;0.0;0.0;0.0
1666698440;0.0;0.0;0.0
1666698500;0.0;0.0;0.0
1666698560;0.0;0.0;0.0
1666698620;0.0;0.0;0.0
1666698680;0.0;0.0;0.0
1666698740;0.0;0.0;0.0
1666698800;0.0;0.0;0.0
1666698860;0.0;0.0;0.0
1666698920;0.0;0.0;0.0
1666698980;0.0;0.0;0.0
1666699040;0.0;0.0;0.0
1666699100;0.0;0.0;0.0
1666699160;0.0;0.0;0.0
1666699220;0.0;0.0;0.0
1666699280;0.0;0.0;0.0
1666699340;0.0;0.0;0.0
1666699400;0.0;0.0;0.0
1666699460;0.0;0.0;0.0
1666699520;0.0;0.0;0.0
1666699580;0.0;0.0;0.0
1666699640;0.0;0.0;0.0
1666699700;0.0;0.0;0.0
1666699760;0.0;0.0;0.0
1666699820;0.0;0.0;0.0
1666699880;0.0;0.0;0.0
1666699940;0.0;0.0;0.0
1666700000;0.0;0.0;0.0
1666700060;0.0;0.0;0.0
1666700120;0.0;0.0;0.0
1666700180;0.0;0.0;0.0
1666700240;0.0;0.0;0.0
1666700300;0.0;0.0;0.0
1666700360;0.0;0.0;0.0
1666700420;0.0;0.0;0.0
1666700480;0.0;0.0;0.0
1666700540;0.0;0.0;0.0
1666700600;0.0;0.0;0.0
1666700660;0.0;0.0;0.0
1666700720;0.0;0.0;0.0
1666700780;0.0;0.0;0.0
1666700840;0.0;0.0;0.0
1666700900;0.0;0.0;0.0
1666700960;0.0;0.0;0.0
1666701020;0.0;0.0;0.0
1666701080;0.0;0.0;0.0
1666701140;0.0;0.0;0.0
1666701200;0.0;0.0;0.0
1666701260;0.0;0.0;0.0
1666701320;0.0;0.0;0.0
1666701380;0.0;0.0;0.0
1666701440;0.0;0.0;0.0
1666701500;0.0;0.0;0.0
1666701560;0.0;0.0;0.0
1666701620;509.9189297477404;0.03333333333333333;0.016666666666666666
1666701680;843.2143665552139;0.04052218744502215;0.0
1666701740;334.0686684449514;0.11192091958858277;0.0
1666701800;3035.747213613987;3.3072287889916656;0.5273400370843437
1666701860;3490.0;3.8719793002693312;0.6260493771964473
1666701920;3490.0;3.8719793002693312;0.6260493771964473
1666701980;3490.0;3.8719793002693312;0.6260493771964473
1666702040;3490.0;3.8719793002693312;0.6260493771964473
1666702100;1974.3688555955887;1.738457072964225;0.2950192173397348
1666702160;3500.0;2.58747501628946;0.45829815786676786
1666702220;2379.5627810398737;1.5687652878331875;0.26040398822618627
1666702280;3212.374085966746;1.7577135258105316;0.2547410906971785
1666702340;2219.731863204638;0.0011165313999627446;0.0011165313999627446
1666702400;3511.0;0.0017660429217832049;0.0017660429217832049
1666702460;3511.0;0.0017660429217832049;0.0017660429217832049
1666702520;3511.0;0.0017660429217832049;0.0017660429217832049
1666702580;3511.0;0.0017660429217832049;0.0017660429217832049
1666702640;3511.0;0.0017660429217832049;0.0017660429217832049
1666702700;3511.0;0.0017660429217832049;0.0017660429217832049
1666702760;3511.0;0.0017660429217832049;0.0017660429217832049
1666702820;3511.0;0.0017660429217832049;0.0017660429217832049
1666702880;2826.6081604123115;0.001421791892438282;0.001421791892438282
1666702940;2023.0974703431127;0.05974185850427368;0.0
1666703000;3519.4522020697596;0.951392633779107;0.013690834065561947
1666703060;3520.0;1.978026827901714;0.030275920835230313
1666703120;701.449275970459;0.39417201314823885;0.006033245099207737
1666703180;0.0;0.0;0.0
1666703240;0.0;0.0;0.0
1666703300;0.0;0.0;0.0
1666703360;0.0;0.0;0.0
1666703420;0.0;0.0;0.0
1666703480;0.0;0.0;0.0
1666703540;0.0;0.0;0.0
1666703600;0.0;0.0;0.0
1666703660;0.0;0.0;0.0
1666703720;0.0;0.0;0.0
1666703780;0.0;0.0;0.0
1666703840;0.0;0.0;0.0
1666703900;0.0;0.0;0.0
1666703960;0.0;0.0;0.0
1666704020;0.0;0.0;0.0
1666704080;0.0;0.0;0.0
1666704140;0.0;0.0;0.0
1666704200;0.0;0.0;0.0
1666704260;0.0;0.0;0.0
1666704320;0.0;0.0;0.0
1666704380;0.0;0.0;0.0
1666704440;0.0;0.0;0.0
1666704500;0.0;0.0;0.0
1666704560;0.0;0.0;0.0
1666704620;0.0;0.0;0.0
1666704680;0.0;0.0;0.0
1666704740;0.0;0.0;0.0
1666704800;0.0;0.0;0.0
1666704860;0.0;0.0;0.0
1666704920;0.0;0.0;0.0
1666704980;0.0;0.0;0.0
1666705040;0.0;0.0;0.0
1666705100;0.0;0.0;0.0
1666705160;0.0;0.0;0.0
1666705220;0.0;0.0;0.0
1666705280;0.0;0.0;0.0
1666705340;0.0;0.0;0.0
1666705400;0.0;0.0;0.0
1666705460;0.0;0.0;0.0
1666705520;0.0;0.0;0.0
1666705580;0.0;0.0;0.0
1666705640;0.0;0.0;0.0
1666705700;0.0;0.0;0.0
1666705760;0.0;0.0;0.0
1666705820;0.0;0.0;0.0
1666705880;0.0;0.0;0.0
1666705940;0.0;0.0;0.0
1666706000;0.0;0.0;0.0
1666706060;0.0;0.0;0.0
1666706120;0.0;0.0;0.0
1666706180;0.0;0.0;0.0
1666706240;0.0;0.0;0.0
1666706300;0.0;0.0;0.0
1666706360;0.0;0.0;0.0
1666706420;0.0;0.0;0.0
1666706480;0.0;0.0;0.0
1666706540;0.0;0.0;0.0
1666706600;0.0;0.0;0.0
1666706660;147.1940667629242;0.016666666666666666;0.016666666666666666
1666706720;0.0;0.0;0.0
1666706780;0.0;0.0;0.0
1666706840;0.0;0.0;0.0
1666706900;0.0;0.0;0.0
1666706960;0.0;0.0;0.0
1666707020;0.0;0.0;0.0
1666707080;0.0;0.0;0.0
1666707140;0.0;0.0;0.0
1666707200;0.0;0.0;0.0
1666707260;2523.470206157366;0.8792456244931591;0.17032445672482727
1666707320;3538.0;1.2558610696798447;0.22371614196725978
1666707380;3538.0;1.2558610696798447;0.22371614196725978
1666707440;2091.3853038628895;0.7423655694804849;0.13224325934065317
1666707500;0.0;0.0;0.0
1666707560;0.0;0.0;0.0
1666707620;0.0;0.0;0.0
1666707680;0.0;0.0;0.0
1666707740;2938.2870671987534;0.7407401048551672;0.09921285168298759
1666707800;3545.0;0.34575678463165277;0.06050743731053923
1666707860;2359.9012264410653;0.2301697771798467;0.04027971100647317
1666707920;0.0;0.0;0.0
1666707980;0.0;0.0;0.0
1666708040;0.0;0.0;0.0
1666708100;0.0;0.0;0.0
1666708160;0.0;0.0;0.0
1666708220;0.0;0.0;0.0
1666708280;0.0;0.0;0.0
1666708340;0.0;0.0;0.0
1666708400;0.0;0.0;0.0
1666708460;0.0;0.0;0.0
1666708520;0.0;0.0;0.0
1666708580;0.0;0.0;0.0
1666708640;1952.1556085069974;0.5301780230734131;0.1067814729441737
1666708700;3553.0;1.196414303539297;0.20995571343447272
1666708760;3553.0;1.196414303539297;0.20995571343447272
1666708820;3553.0;1.196414303539297;0.20995571343447272
1666708880;3553.0;1.196414303539297;0.20995571343447272
1666708940;3553.0;1.196414303539297;0.20995571343447272
1666709000;3553.0;1.196414303539297;0.20995571343447272
1666709060;3553.0;1.196414303539297;0.20995571343447272
1666709120;3553.0;1.196414303539297;0.20995571343447272
1666709180;3553.0;1.196414303539297;0.20995571343447272
1666709240;2035.5161467671394;0.6854265784062483;0.12028377281223857
1666709300;0.0;0.0;0.0
1666709360;0.0;0.0;0.0
1666709420;0.0;0.0;0.0
1666709480;0.0;0.0;0.0
1666709540;0.0;0.0;0.0
1666709600;0.0;0.0;0.0
1666709660;0.0;0.0;0.0
1666709720;0.0;0.0;0.0
1666709780;0.0;0.0;0.0
1666709840;0.0;0.0;0.0
1666709900;0.0;0.0;0.0
1666709960;0.0;0.0;0.0
1666710020;0.0;0.0;0.0
1666710080;0.0;0.0;0.0
1666710140;0.0;0.0;0.0
1666710200;0.0;0.0;0.0
1666710260;0.0;0.0;0.0
1666710320;0.0;0.0;0.0
1666710380;0.0;0.0;0.0
1666710440;0.0;0.0;0.0
1666710500;0.0;0.0;0.0
1666710560;0.0;0.0;0.0
1666710620;0.0;0.0;0.0
1666710680;0.0;0.0;0.0
1666710740;0.0;0.0;0.0
1666710800;0.0;0.0;0.0
1666710860;0.0;0.0;0.0
1666710920;0.0;0.0;0.0
1666710980;0.0;0.0;0.0
1666711040;0.0;0.0;0.0
1666711100;0.0;0.0;0.0
1666711160;0.0;0.0;0.0
1666711220;2673.578871679306;0.014364146818728447;0.0095760978791523
1666711280;3562.0;0.019137303750524234;0.01275820250034949
1666711340;3562.214717582862;0.11664321364257296;0.019350449313643082
1666711400;966.2328853289287;0.4498553357881744;0.0749819169735218
1666711460;796.3393478592237;0.239615513620727;0.03686392517241954
1666711520;1363.873771429062;0.41038448637927294;0.06313607482758046
1666711580;0.0;0.0;0.0
1666711640;0.0;0.0;0.0
1666711700;0.0;0.0;0.0
1666711760;0.0;0.0;0.0
1666711820;0.0;0.0;0.0
1666711880;0.0;0.0;0.0
1666711940;0.0;0.0;0.0
1666712000;0.0;0.0;0.0
1666712060;0.0;0.0;0.0
1666712120;0.0;0.0;0.0
1666712180;0.0;0.0;0.0
1666712240;0.0;0.0;0.0
1666712300;0.0;0.0;0.0
1666712360;0.0;0.0;0.0
1666712420;0.0;0.0;0.0
1666712480;0.0;0.0;0.0
1666712540;0.0;0.0;0.0
1666712600;0.0;0.0;0.0
1666712660;0.0;0.0;0.0
1666712720;0.0;0.0;0.0
1666712780;0.0;0.0;0.0
1666712840;0.0;0.0;0.0
1666712900;0.0;0.0;0.0
1666712960;0.0;0.0;0.0
1666713020;0.0;0.0;0.0
1666713080;0.0;0.0;0.0
1666713140;0.0;0.0;0.0
1666713200;0.0;0.0;0.0
1666713260;0.0;0.0;0.0
1666713320;0.0;0.0;0.0
1666713380;0.0;0.0;0.0
1666713440;0.0;0.0;0.0
1666713500;0.0;0.0;0.0
1666713560;0.0;0.0;0.0
1666713620;0.0;0.0;0.0
1666713680;0.0;0.0;0.0
1666713740;0.0;0.0;0.0
1666713800;0.0;0.0;0.0
1666713860;0.0;0.0;0.0
1666713920;0.0;0.0;0.0
1666713980;0.0;0.0;0.0
1666714040;0.0;0.0;0.0
1666714100;0.0;0.0;0.0
1666714160;0.0;0.0;0.0
1666714220;0.0;0.0;0.0
1666714280;0.0;0.0;0.0
1666714340;0.0;0.0;0.0
1666714400;0.0;0.0;0.0
1666714460;0.0;0.0;0.0
1666714520;0.0;0.0;0.0
1666714580;0.0;0.0;0.0
1666714640;0.0;0.0;0.0
1666714700;0.0;0.0;0.0
1666714760;0.0;0.0;0.0
1666714820;0.0;0.0;0.0
1666714880;0.0;0.0;0.0
1666714940;0.0;0.0;0.0
1666715000;0.0;0.0;0.0
1666715060;0.0;0.0;0.0
1666715120;0.0;0.0;0.0
1666715180;0.0;0.0;0.0
1666715240;0.0;0.0;0.0
1666715300;0.0;0.0;0.0
1666715360;0.0;0.0;0.0
1666715420;0.0;0.0;0.0
1666715480;0.0;0.0;0.0
1666715540;0.0;0.0;0.0
1666715600;0.0;0.0;0.0
1666715660;0.0;0.0;0.0
1666715720;0.0;0.0;0.0
1666715780;0.0;0.0;0.0
1666715840;0.0;0.0;0.0
1666715900;0.0;0.0;0.0
1666715960;0.0;0.0;0.0
1666716020;0.0;0.0;0.0
1666716080;0.0;0.0;0.0
1666716140;0.0;0.0;0.0
1666716200;0.0;0.0;0.0
1666716260;0.0;0.0;0.0
1666716320;0.0;0.0;0.0
1666716380;0.0;0.0;0.0
1666716440;0.0;0.0;0.0
1666716500;0.0;0.0;0.0
1666716560;0.0;0.0;0.0
1666716620;0.0;0.0;0.0
1666716680;0.0;0.0;0.0
1666716740;0.0;0.0;0.0
1666716800;0.0;0.0;0.0
1666716860;0.0;0.0;0.0
1666716920;0.0;0.0;0.0
1666716980;0.0;0.0;0.0
1666717040;0.0;0.0;0.0
1666717100;0.0;0.0;0.0
1666717160;0.0;0.0;0.0
1666717220;0.0;0.0;0.0
1666717280;0.0;0.0;0.0
1666717340;0.0;0.0;0.0
1666717400;0.0;0.0;0.0
1666717460;0.0;0.0;0.0
1666717520;0.0;0.0;0.0
1666717580;0.0;0.0;0.0
1666717640;0.0;0.0;0.0
1666717700;0.0;0.0;0.0
1666717760;0.0;0.0;0.0
1666717820;0.0;0.0;0.0
1666717880;0.0;0.0;0.0
1666717940;0.0;0.0;0.0
1666718000;0.0;0.0;0.0
1666718060;0.0;0.0;0.0
1666718120;0.0;0.0;0.0
1666718180;0.0;0.0;0.0
1666718240;0.0;0.0;0.0
1666718300;0.0;0.0;0.0
1666718360;0.0;0.0;0.0
1666718420;0.0;0.0;0.0
1666718480;0.0;0.0;0.0
1666718540;0.0;0.0;0.0
1666718600;0.0;0.0;0.0
1666718660;0.0;0.0;0.0
1666718720;0.0;0.0;0.0
1666718780;0.0;0.0;0.0
1666718840;0.0;0.0;0.0
1666718900;0.0;0.0;0.0
1666718960;0.0;0.0;0.0
1666719020;0.0;0.0;0.0
1666719080;0.0;0.0;0.0
1666719140;0.0;0.0;0.0
1666719200;0.0;0.0;0.0
1666719260;0.0;0.0;0.0
1666719320;0.0;0.0;0.0
1666719380;0.0;0.0;0.0
1666719440;0.0;0.0;0.0
1666719500;0.0;0.0;0.0
1666719560;0.0;0.0;0.0
1666719620;0.0;0.0;0.0
1666719680;0.0;0.0;0.0
1666719740;0.0;0.0;0.0
1666719800;0.0;0.0;0.0
1666719860;0.0;0.0;0.0
1666719920;0.0;0.0;0.0
1666719980;0.0;0.0;0.0
1666720040;0.0;0.0;0.0
1666720100;0.0;0.0;0.0
1666720160;0.0;0.0;0.0
1666720220;0.0;0.0;0.0
1666720280;0.0;0.0;0.0
1666720340;0.0;0.0;0.0
1666720400;0.0;0.0;0.0
1666720460;0.0;0.0;0.0
1666720520;0.0;0.0;0.0
1666720580;0.0;0.0;0.0
1666720640;0.0;0.0;0.0
1666720700;0.0;0.0;0.0
1666720760;0.0;0.0;0.0
1666720820;0.0;0.0;0.0
1666720880;0.0;0.0;0.0
1666720940;0.0;0.0;0.0
1666721000;0.0;0.0;0.0
1666721060;0.0;0.0;0.0
1666721120;0.0;0.0;0.0
1666721180;0.0;0.0;0.0
1666721240;0.0;0.0;0.0
1666721300;0.0;0.0;0.0
1666721360;0.0;0.0;0.0
1666721420;0.0;0.0;0.0
1666721480;0.0;0.0;0.0
1666721540;0.0;0.0;0.0
1666721600;0.0;0.0;0.0
1666721660;0.0;0.0;0.0
1666721720;0.0;0.0;0.0
1666721780;0.0;0.0;0.0
1666721840;0.0;0.0;0.0
1666721900;0.0;0.0;0.0
1666721960;0.0;0.0;0.0
1666722020;0.0;0.0;0.0
1666722080;0.0;0.0;0.0
1666722140;0.0;0.0;0.0
1666722200;0.0;0.0;0.0
1666722260;0.0;0.0;0.0
1666722320;0.0;0.0;0.0
1666722380;0.0;0.0;0.0
1666722440;0.0;0.0;0.0
1666722500;0.0;0.0;0.0
1666722560;0.0;0.0;0.0
1666722620;0.0;0.0;0.0
1666722680;0.0;0.0;0.0
1666722740;0.0;0.0;0.0
1666722800;0.0;0.0;0.0
1666722860;0.0;0.0;0.0
1666722920;0.0;0.0;0.0
1666722980;0.0;0.0;0.0
1666723040;0.0;0.0;0.0
1666723100;0.0;0.0;0.0
1666723160;0.0;0.0;0.0
1666723220;0.0;0.0;0.0
1666723280;0.0;0.0;0.0
1666723340;0.0;0.0;0.0
1666723400;0.0;0.0;0.0
1666723460;0.0;0.0;0.0
1666723520;0.0;0.0;0.0
1666723580;0.0;0.0;0.0
1666723640;0.0;0.0;0.0
1666723700;0.0;0.0;0.0
1666723760;0.0;0.0;0.0
1666723820;0.0;0.0;0.0
1666723880;0.0;0.0;0.0
1666723940;0.0;0.0;0.0
1666724000;0.0;0.0;0.0
1666724060;0.0;0.0;0.0
1666724120;0.0;0.0;0.0
1666724180;0.0;0.0;0.0
1666724240;0.0;0.0;0.0
1666724300;0.0;0.0;0.0
1666724360;0.0;0.0;0.0
1666724420;0.0;0.0;0.0
1666724480;0.0;0.0;0.0
1666724540;0.0;0.0;0.0
1666724600;0.0;0.0;0.0
1666724660;0.0;0.0;0.0
1666724720;0.0;0.0;0.0
1666724780;0.0;0.0;0.0
1666724840;0.0;0.0;0.0
1666724900;0.0;0.0;0.0
1666724960;0.0;0.0;0.0
1666725020;0.0;0.0;0.0
1666725080;0.0;0.0;0.0
1666725140;0.0;0.0;0.0
1666725200;0.0;0.0;0.0
1666725260;0.0;0.0;0.0
1666725320;0.0;0.0;0.0
1666725380;0.0;0.0;0.0
1666725440;0.0;0.0;0.0
1666725500;0.0;0.0;0.0
1666725560;0.0;0.0;0.0
1666725620;0.0;0.0;0.0
1666725680;0.0;0.0;0.0
1666725740;0.0;0.0;0.0
1666725800;0.0;0.0;0.0
1666725860;0.0;0.0;0.0
1666725920;0.0;0.0;0.0
1666725980;0.0;0.0;0.0
1666726040;0.0;0.0;0.0
1666726100;0.0;0.0;0.0
1666726160;0.0;0.0;0.0
1666726220;0.0;0.0;0.0
1666726280;0.0;0.0;0.0
1666726340;0.0;0.0;0.0
1666726400;0.0;0.0;0.0
1666726460;0.0;0.0;0.0
1666726520;0.0;0.0;0.0
1666726580;0.0;0.0;0.0
1666726640;0.0;0.0;0.0
1666726700;0.0;0.0;0.0
1666726760;0.0;0.0;0.0
1666726820;0.0;0.0;0.0
1666726880;0.0;0.0;0.0
1666726940;0.0;0.0;0.0
1666727000;0.0;0.0;0.0
1666727060;0.0;0.0;0.0
1666727120;0.0;0.0;0.0
1666727180;0.0;0.0;0.0
1666727240;0.0;0.0;0.0
1666727300;0.0;0.0;0.0
1666727360;0.0;0.0;0.0
1666727420;0.0;0.0;0.0
1666727480;0.0;0.0;0.0
1666727540;0.0;0.0;0.0
1666727600;0.0;0.0;0.0
1666727660;0.0;0.0;0.0
1666727720;0.0;0.0;0.0
1666727780;0.0;0.0;0.0
1666727840;0.0;0.0;0.0
1666727900;0.0;0.0;0.0
1666727960;0.0;0.0;0.0
1666728020;0.0;0.0;0.0
1666728080;0.0;0.0;0.0
1666728140;0.0;0.0;0.0
1666728200;0.0;0.0;0.0
1666728260;0.0;0.0;0.0
1666728320;0.0;0.0;0.0
1666728380;0.0;0.0;0.0
1666728440;0.0;0.0;0.0
1666728500;0.0;0.0;0.0
1666728560;0.0;0.0;0.0
1666728620;0.0;0.0;0.0
1666728680;0.0;0.0;0.0
1666728740;0.0;0.0;0.0
1666728800;0.0;0.0;0.0
1666728860;0.0;0.0;0.0
1666728920;0.0;0.0;0.0
1666728980;0.0;0.0;0.0
1666729040;0.0;0.0;0.0
1666729100;0.0;0.0;0.0
1666729160;0.0;0.0;0.0
1666729220;0.0;0.0;0.0
1666729280;0.0;0.0;0.0
1666729340;0.0;0.0;0.0
1666729400;0.0;0.0;0.0
1666729460;0.0;0.0;0.0
1666729520;0.0;0.0;0.0
1666729580;0.0;0.0;0.0
1666729640;0.0;0.0;0.0
1666729700;0.0;0.0;0.0
1666729760;0.0;0.0;0.0
1666729820;0.0;0.0;0.0
1666729880;0.0;0.0;0.0
1666729940;0.0;0.0;0.0
1666730000;0.0;0.0;0.0
1666730060;0.0;0.0;0.0
1666730120;0.0;0.0;0.0
1666730180;0.0;0.0;0.0
1666730240;0.0;0.0;0.0
1666730300;0.0;0.0;0.0
1666730360;0.0;0.0;0.0
1666730420;0.0;0.0;0.0
1666730480;0.0;0.0;0.0
1666730540;0.0;0.0;0.0
1666730600;0.0;0.0;0.0
1666730660;0.0;0.0;0.0
1666730720;0.0;0.0;0.0
1666730780;0.0;0.0;0.0
1666730840;0.0;0.0;0.0
1666730900;0.0;0.0;0.0
1666730960;0.0;0.0;0.0
1666731020;0.0;0.0;0.0
1666731080;0.0;0.0;0.0
1666731140;0.0;0.0;0.0
1666731200;0.0;0.0;0.0
1666731260;0.0;0.0;0.0
1666731320;0.0;0.0;0.0
1666731380;0.0;0.0;0.0
1666731440;0.0;0.0;0.0
1666731500;0.0;0.0;0.0
1666731560;0.0;0.0;0.0
1666731620;0.0;0.0;0.0
1666731680;0.0;0.0;0.0
1666731740;0.0;0.0;0.0
1666731800;0.0;0.0;0.0
1666731860;0.0;0.0;0.0
1666731920;0.0;0.0;0.0
1666731980;0.0;0.0;0.0
1666732040;0.0;0.0;0.0
1666732100;0.0;0.0;0.0
1666732160;0.0;0.0;0.0
1666732220;0.0;0.0;0.0
1666732280;0.0;0.0;0.0
1666732340;0.0;0.0;0.0
1666732400;0.0;0.0;0.0
1666732460;0.0;0.0;0.0
1666732520;0.0;0.0;0.0
1666732580;0.0;0.0;0.0
1666732640;0.0;0.0;0.0
1666732700;0.0;0.0;0.0
1666732760;0.0;0.0;0.0
1666732820;0.0;0.0;0.0
1666732880;0.0;0.0;0.0
1666732940;0.0;0.0;0.0
1666733000;0.0;0.0;0.0
1666733060;0.0;0.0;0.0
1666733120;0.0;0.0;0.0
1666733180;0.0;0.0;0.0
1666733240;0.0;0.0;0.0
1666733300;0.0;0.0;0.0
1666733360;0.0;0.0;0.0
1666733420;0.0;0.0;0.0
1666733480;0.0;0.0;0.0
1666733540;0.0;0.0;0.0
1666733600;0.0;0.0;0.0
1666733660;0.0;0.0;0.0
1666733720;0.0;0.0;0.0
1666733780;0.0;0.0;0.0
1666733840;0.0;0.0;0.0
1666733900;0.0;0.0;0.0
1666733960;0.0;0.0;0.0
1666734020;0.0;0.0;0.0
1666734080;0.0;0.0;0.0
1666734140;0.0;0.0;0.0
1666734200;0.0;0.0;0.0
1666734260;0.0;0.0;0.0
1666734320;0.0;0.0;0.0
1666734380;0.0;0.0;0.0
1666734440;0.0;0.0;0.0
1666734500;0.0;0.0;0.0
1666734560;0.0;0.0;0.0
1666734620;0.0;0.0;0.0
1666734680;0.0;0.0;0.0
1666734740;0.0;0.0;0.0
1666734800;0.0;0.0;0.0
1666734860;0.0;0.0;0.0
1666734920;0.0;0.0;0.0
1666734980;0.0;0.0;0.0
1666735040;0.0;0.0;0.0
1666735100;0.0;0.0;0.0
1666735160;0.0;0.0;0.0
1666735220;0.0;0.0;0.0
1666735280;0.0;0.0;0.0
1666735340;0.0;0.0;0.0
1666735400;0.0;0.0;0.0
1666735460;0.0;0.0;0.0
1666735520;0.0;0.0;0.0
1666735580;0.0;0.0;0.0
1666735640;0.0;0.0;0.0
1666735700;0.0;0.0;0.0
1666735760;0.0;0.0;0.0
1666735820;0.0;0.0;0.0
1666735880;0.0;0.0;0.0
1666735940;0.0;0.0;0.0
1666736000;0.0;0.0;0.0
1666736060;0.0;0.0;0.0
1666736120;0.0;0.0;0.0
1666736180;0.0;0.0;0.0
1666736240;0.0;0.0;0.0
1666736300;0.0;0.0;0.0
1666736360;0.0;0.0;0.0
1666736420;0.0;0.0;0.0
1666736480;0.0;0.0;0.0
1666736540;0.0;0.0;0.0
1666736600;0.0;0.0;0.0
1666736660;0.0;0.0;0.0
1666736720;0.0;0.0;0.0
1666736780;0.0;0.0;0.0
1666736840;0.0;0.0;0.0
1666736900;0.0;0.0;0.0
1666736960;0.0;0.0;0.0
1666737020;0.0;0.0;0.0
1666737080;0.0;0.0;0.0
1666737140;0.0;0.0;0.0
1666737200;0.0;0.0;0.0
1666737260;0.0;0.0;0.0
1666737320;0.0;0.0;0.0
1666737380;0.0;0.0;0.0
1666737440;0.0;0.0;0.0
1666737500;0.0;0.0;0.0
1666737560;0.0;0.0;0.0
1666737620;0.0;0.0;0.0
1666737680;0.0;0.0;0.0
1666737740;0.0;0.0;0.0
1666737800;0.0;0.0;0.0
1666737860;0.0;0.0;0.0
1666737920;0.0;0.0;0.0
1666737980;0.0;0.0;0.0
1666738040;0.0;0.0;0.0
1666738100;0.0;0.0;0.0
1666738160;0.0;0.0;0.0
1666738220;0.0;0.0;0.0
1666738280;0.0;0.0;0.0
1666738340;0.0;0.0;0.0
1666738400;0.0;0.0;0.0
1666738460;0.0;0.0;0.0
1666738520;0.0;0.0;0.0
1666738580;0.0;0.0;0.0
1666738640;0.0;0.0;0.0
1666738700;0.0;0.0;0.0
1666738760;0.0;0.0;0.0
1666738820;0.0;0.0;0.0
1666738880;0.0;0.0;0.0
1666738940;0.0;0.0;0.0
1666739000;0.0;0.0;0.0
1666739060;0.0;0.0;0.0
1666739120;0.0;0.0;0.0
1666739180;0.0;0.0;0.0
1666739240;0.0;0.0;0.0
1666739300;0.0;0.0;0.0
1666739360;0.0;0.0;0.0
1666739420;0.0;0.0;0.0
1666739480;0.0;0.0;0.0
1666739540;0.0;0.0;0.0
1666739600;0.0;0.0;0.0
1666739660;0.0;0.0;0.0
1666739720;0.0;0.0;0.0
1666739780;0.0;0.0;0.0
1666739840;0.0;0.0;0.0
1666739900;0.0;0.0;0.0
1666739960;0.0;0.0;0.0
1666740020;0.0;0.0;0.0
1666740080;0.0;0.0;0.0
1666740140;0.0;0.0;0.0
1666740200;0.0;0.0;0.0
1666740260;0.0;0.0;0.0
1666740320;0.0;0.0;0.0
1666740380;0.0;0.0;0.0
1666740440;0.0;0.0;0.0
1666740500;0.0;0.0;0.0
1666740560;0.0;0.0;0.0
1666740620;0.0;0.0;0.0
1666740680;0.0;0.0;0.0
1666740740;0.0;0.0;0.0
1666740800;0.0;0.0;0.0
1666740860;0.0;0.0;0.0
1666740920;0.0;0.0;0.0
1666740980;0.0;0.0;0.0
1666741040;0.0;0.0;0.0
1666741100;0.0;0.0;0.0
1666741160;0.0;0.0;0.0
1666741220;0.0;0.0;0.0
1666741280;0.0;0.0;0.0
1666741340;0.0;0.0;0.0
1666741400;0.0;0.0;0.0
1666741460;0.0;0.0;0.0
1666741520;0.0;0.0;0.0
1666741580;0.0;0.0;0.0
1666741640;0.0;0.0;0.0
1666741700;0.0;0.0;0.0
1666741760;0.0;0.0;0.0
1666741820;0.0;0.0;0.0
1666741880;0.0;0.0;0.0
1666741940;0.0;0.0;0.0
1666742000;0.0;0.0;0.0
1666742060;0.0;0.0;0.0
1666742120;0.0;0.0;0.0
1666742180;0.0;0.0;0.0
1666742240;0.0;0.0;0.0
1666742300;0.0;0.0;0.0
1666742360;0.0;0.0;0.0
1666742420;0.0;0.0;0.0
1666742480;0.0;0.0;0.0
1666742540;0.0;0.0;0.0
1666742600;0.0;0.0;0.0
1666742660;0.0;0.0;0.0
1666742720;0.0;0.0;0.0
1666742780;0.0;0.0;0.0
1666742840;0.0;0.0;0.0
1666742900;0.0;0.0;0.0
1666742960;0.0;0.0;0.0
1666743020;0.0;0.0;0.0
1666743080;0.0;0.0;0.0
1666743140;0.0;0.0;0.0
1666743200;0.0;0.0;0.0
1666743260;0.0;0.0;0.0
1666743320;0.0;0.0;0.0
1666743380;0.0;0.0;0.0
1666743440;0.0;0.0;0.0
1666743500;0.0;0.0;0.0
1666743560;0.0;0.0;0.0
1666743620;0.0;0.0;0.0
1666743680;0.0;0.0;0.0
1666743740;0.0;0.0;0.0
1666743800;0.0;0.0;0.0
1666743860;0.0;0.0;0.0
1666743920;0.0;0.0;0.0
1666743980;0.0;0.0;0.0
1666744040;0.0;0.0;0.0
1666744100;0.0;0.0;0.0
1666744160;0.0;0.0;0.0
1666744220;0.0;0.0;0.0
1666744280;0.0;0.0;0.0
1666744340;0.0;0.0;0.0
1666744400;0.0;0.0;0.0
1666744460;0.0;0.0;0.0
1666744520;0.0;0.0;0.0
1666744580;0.0;0.0;0.0
1666744640;0.0;0.0;0.0
1666744700;0.0;0.0;0.0
1666744760;0.0;0.0;0.0
1666744820;0.0;0.0;0.0
1666744880;0.0;0.0;0.0
1666744940;0.0;0.0;0.0
1666745000;0.0;0.0;0.0
1666745060;0.0;0.0;0.0
1666745120;0.0;0.0;0.0
1666745180;0.0;0.0;0.0
1666745240;0.0;0.0;0.0
1666745300;0.0;0.0;0.0
1666745360;0.0;0.0;0.0
1666745420;0.0;0.0;0.0
1666745480;0.0;0.0;0.0
1666745540;0.0;0.0;0.0
1666745600;0.0;0.0;0.0
1666745660;0.0;0.0;0.0
1666745720;0.0;0.0;0.0
1666745780;0.0;0.0;0.0
1666745840;0.0;0.0;0.0
1666745900;0.0;0.0;0.0
1666745960;0.0;0.0;0.0
1666746020;0.0;0.0;0.0
1666746080;0.0;0.0;0.0
1666746140;0.0;0.0;0.0
1666746200;0.0;0.0;0.0
1666746260;0.0;0.0;0.0
1666746320;0.0;0.0;0.0
1666746380;0.0;0.0;0.0
1666746440;0.0;0.0;0.0
1666746500;0.0;0.0;0.0
1666746560;0.0;0.0;0.0
1666746620;0.0;0.0;0.0
1666746680;0.0;0.0;0.0
1666746740;0.0;0.0;0.0
1666746800;0.0;0.0;0.0
1666746860;0.0;0.0;0.0
1666746920;0.0;0.0;0.0
1666746980;0.0;0.0;0.0
1666747040;0.0;0.0;0.0
1666747100;0.0;0.0;0.0
1666747160;0.0;0.0;0.0
1666747220;0.0;0.0;0.0
1666747280;0.0;0.0;0.0
1666747340;0.0;0.0;0.0
1666747400;0.0;0.0;0.0
1666747460;0.0;0.0;0.0
1666747520;0.0;0.0;0.0
1666747580;0.0;0.0;0.0
1666747640;0.0;0.0;0.0
1666747700;0.0;0.0;0.0
1666747760;0.0;0.0;0.0
1666747820;0.0;0.0;0.0
1666747880;0.0;0.0;0.0
1666747940;0.0;0.0;0.0
1666748000;0.0;0.0;0.0
1666748060;0.0;0.0;0.0
1666748120;0.0;0.0;0.0
1666748180;0.0;0.0;0.0
1666748240;0.0;0.0;0.0
1666748300;0.0;0.0;0.0
1666748360;0.0;0.0;0.0
1666748420;0.0;0.0;0.0
1666748480;0.0;0.0;0.0
1666748540;0.0;0.0;0.0
1666748600;0.0;0.0;0.0
1666748660;0.0;0.0;0.0
1666748720;0.0;0.0;0.0
1666748780;0.0;0.0;0.0
1666748840;0.0;0.0;0.0
1666748900;0.0;0.0;0.0
1666748960;0.0;0.0;0.0
1666749020;0.0;0.0;0.0
1666749080;0.0;0.0;0.0
1666749140;0.0;0.0;0.0
1666749200;0.0;0.0;0.0
1666749260;0.0;0.0;0.0
1666749320;0.0;0.0;0.0
1666749380;0.0;0.0;0.0
1666749440;0.0;0.0;0.0
1666749500;0.0;0.0;0.0
1666749560;0.0;0.0;0.0
1666749620;0.0;0.0;0.0
1666749680;0.0;0.0;0.0
1666749740;0.0;0.0;0.0
1666749800;0.0;0.0;0.0
1666749860;0.0;0.0;0.0
1666749920;0.0;0.0;0.0
1666749980;0.0;0.0;0.0
1666750040;0.0;0.0;0.0
1666750100;0.0;0.0;0.0
1666750160;0.0;0.0;0.0
1666750220;0.0;0.0;0.0
1666750280;0.0;0.0;0.0
1666750340;0.0;0.0;0.0
1666750400;0.0;0.0;0.0
1666750460;0.0;0.0;0.0
1666750520;0.0;0.0;0.0
1666750580;0.0;0.0;0.0
1666750640;0.0;0.0;0.0
1666750700;0.0;0.0;0.0
1666750760;0.0;0.0;0.0
1666750820;0.0;0.0;0.0
1666750880;0.0;0.0;0.0
1666750940;0.0;0.0;0.0
1666751000;0.0;0.0;0.0
1666751060;0.0;0.0;0.0
1666751120;0.0;0.0;0.0
1666751180;0.0;0.0;0.0
1666751240;0.0;0.0;0.0
1666751300;0.0;0.0;0.0
1666751360;0.0;0.0;0.0
1666751420;0.0;0.0;0.0
1666751480;0.0;0.0;0.0
1666751540;0.0;0.0;0.0
1666751600;0.0;0.0;0.0
1666751660;0.0;0.0;0.0
1666751720;0.0;0.0;0.0
1666751780;0.0;0.0;0.0
1666751840;0.0;0.0;0.0
1666751900;0.0;0.0;0.0
1666751960;0.0;0.0;0.0
1666752020;0.0;0.0;0.0
1666752080;0.0;0.0;0.0
1666752140;0.0;0.0;0.0
1666752200;0.0;0.0;0.0
1666752260;0.0;0.0;0.0
1666752320;0.0;0.0;0.0
1666752380;0.0;0.0;0.0
1666752440;0.0;0.0;0.0
1666752500;0.0;0.0;0.0
1666752560;0.0;0.0;0.0
1666752620;0.0;0.0;0.0
1666752680;0.0;0.0;0.0
1666752740;0.0;0.0;0.0
1666752800;0.0;0.0;0.0
1666752860;0.0;0.0;0.0
1666752920;0.0;0.0;0.0
1666752980;0.0;0.0;0.0
1666753040;0.0;0.0;0.0
1666753100;0.0;0.0;0.0
1666753160;0.0;0.0;0.0
1666753220;0.0;0.0;0.0
1666753280;0.0;0.0;0.0
1666753340;0.0;0.0;0.0
1666753400;0.0;0.0;0.0
1666753460;0.0;0.0;0.0
1666753520;0.0;0.0;0.0
1666753580;0.0;0.0;0.0
1666753640;0.0;0.0;0.0
1666753700;0.0;0.0;0.0
1666753760;0.0;0.0;0.0
1666753820;0.0;0.0;0.0
1666753880;0.0;0.0;0.0
1666753940;0.0;0.0;0.0
1666754000;0.0;0.0;0.0
1666754060;0.0;0.0;0.0
1666754120;0.0;0.0;0.0
1666754180;0.0;0.0;0.0
1666754240;0.0;0.0;0.0
1666754300;0.0;0.0;0.0
1666754360;0.0;0.0;0.0
1666754420;0.0;0.0;0.0
1666754480;0.0;0.0;0.0
1666754540;0.0;0.0;0.0
1666754600;0.0;0.0;0.0
1666754660;0.0;0.0;0.0
1666754720;0.0;0.0;0.0
1666754780;0.0;0.0;0.0
1666754840;0.0;0.0;0.0
1666754900;0.0;0.0;0.0
1666754960;0.0;0.0;0.0
1666755020;0.0;0.0;0.0
1666755080;0.0;0.0;0.0
1666755140;0.0;0.0;0.0
1666755200;0.0;0.0;0.0
1666755260;0.0;0.0;0.0
1666755320;0.0;0.0;0.0
1666755380;0.0;0.0;0.0
1666755440;0.0;0.0;0.0
1666755500;0.0;0.0;0.0
1666755560;0.0;0.0;0.0
1666755620;0.0;0.0;0.0
1666755680;0.0;0.0;0.0
1666755740;0.0;0.0;0.0
1666755800;0.0;0.0;0.0
1666755860;0.0;0.0;0.0
1666755920;0.0;0.0;0.0
1666755980;0.0;0.0;0.0
1666756040;0.0;0.0;0.0
1666756100;0.0;0.0;0.0
1666756160;0.0;0.0;0.0
1666756220;0.0;0.0;0.0
1666756280;0.0;0.0;0.0
1666756340;0.0;0.0;0.0
1666756400;0.0;0.0;0.0
1666756460;0.0;0.0;0.0
1666756520;0.0;0.0;0.0
1666756580;0.0;0.0;0.0
1666756640;0.0;0.0;0.0
1666756700;0.0;0.0;0.0
1666756760;0.0;0.0;0.0
1666756820;0.0;0.0;0.0
1666756880;0.0;0.0;0.0
1666756940;0.0;0.0;0.0
1666757000;0.0;0.0;0.0
1666757060;0.0;0.0;0.0
1666757120;0.0;0.0;0.0
1666757180;0.0;0.0;0.0
1666757240;0.0;0.0;0.0
1666757300;0.0;0.0;0.0
1666757360;0.0;0.0;0.0
1666757420;0.0;0.0;0.0
1666757480;0.0;0.0;0.0
1666757540;0.0;0.0;0.0
1666757600;0.0;0.0;0.0
1666757660;0.0;0.0;0.0
1666757720;0.0;0.0;0.0
1666757780;0.0;0.0;0.0
1666757840;0.0;0.0;0.0
1666757900;0.0;0.0;0.0
1666757960;0.0;0.0;0.0
1666758020;0.0;0.0;0.0
1666758080;0.0;0.0;0.0
1666758140;0.0;0.0;0.0
1666758200;0.0;0.0;0.0
1666758260;0.0;0.0;0.0
1666758320;0.0;0.0;0.0
1666758380;0.0;0.0;0.0
1666758440;0.0;0.0;0.0
1666758500;0.0;0.0;0.0
1666758560;0.0;0.0;0.0
1666758620;0.0;0.0;0.0
1666758680;0.0;0.0;0.0
1666758740;0.0;0.0;0.0
1666758800;0.0;0.0;0.0
1666758860;0.0;0.0;0.0
1666758920;0.0;0.0;0.0
1666758980;0.0;0.0;0.0
1666759040;0.0;0.0;0.0
1666759100;0.0;0.0;0.0
1666759160;0.0;0.0;0.0
1666759220;0.0;0.0;0.0
1666759280;0.0;0.0;0.0
1666759340;0.0;0.0;0.0
1666759400;0.0;0.0;0.0
1666759460;0.0;0.0;0.0
1666759520;0.0;0.0;0.0
1666759580;0.0;0.0;0.0
1666759640;0.0;0.0;0.0
1666759700;0.0;0.0;0.0
1666759760;0.0;0.0;0.0
1666759820;0.0;0.0;0.0
1666759880;0.0;0.0;0.0
1666759940;0.0;0.0;0.0
1666760000;0.0;0.0;0.0
1666760060;0.0;0.0;0.0
1666760120;0.0;0.0;0.0
1666760180;0.0;0.0;0.0
1666760240;0.0;0.0;0.0
1666760300;0.0;0.0;0.0
1666760360;0.0;0.0;0.0
1666760420;0.0;0.0;0.0
1666760480;0.0;0.0;0.0
1666760540;0.0;0.0;0.0
1666760600;0.0;0.0;0.0
1666760660;0.0;0.0;0.0
1666760720;0.0;0.0;0.0
1666760780;0.0;0.0;0.0
1666760840;0.0;0.0;0.0
1666760900;0.0;0.0;0.0
1666760960;0.0;0.0;0.0
1666761020;0.0;0.0;0.0
1666761080;0.0;0.0;0.0
1666761140;0.0;0.0;0.0
1666761200;0.0;0.0;0.0
1666761260;0.0;0.0;0.0
1666761320;0.0;0.0;0.0
1666761380;0.0;0.0;0.0
1666761440;0.0;0.0;0.0
1666761500;0.0;0.0;0.0
1666761560;0.0;0.0;0.0
1666761620;0.0;0.0;0.0
1666761680;0.0;0.0;0.0
1666761740;0.0;0.0;0.0
1666761800;0.0;0.0;0.0
1666761860;0.0;0.0;0.0
1666761920;0.0;0.0;0.0
1666761980;0.0;0.0;0.0
1666762040;0.0;0.0;0.0
1666762100;0.0;0.0;0.0
1666762160;0.0;0.0;0.0
1666762220;0.0;0.0;0.0
1666762280;0.0;0.0;0.0
1666762340;0.0;0.0;0.0
1666762400;0.0;0.0;0.0
1666762460;0.0;0.0;0.0
1666762520;0.0;0.0;0.0
1666762580;0.0;0.0;0.0
1666762640;0.0;0.0;0.0
1666762700;0.0;0.0;0.0
1666762760;0.0;0.0;0.0
1666762820;0.0;0.0;0.0
1666762880;0.0;0.0;0.0
1666762940;0.0;0.0;0.0
1666763000;0.0;0.0;0.0
1666763060;0.0;0.0;0.0
1666763120;0.0;0.0;0.0
1666763180;0.0;0.0;0.0
1666763240;0.0;0.0;0.0
1666763300;0.0;0.0;0.0
1666763360;0.0;0.0;0.0
1666763420;0.0;0.0;0.0
1666763480;0.0;0.0;0.0
1666763540;0.0;0.0;0.0
1666763600;0.0;0.0;0.0
1666763660;0.0;0.0;0.0
1666763720;0.0;0.0;0.0
1666763780;0.0;0.0;0.0
1666763840;0.0;0.0;0.0
1666763900;0.0;0.0;0.0
1666763960;0.0;0.0;0.0
1666764020;0.0;0.0;0.0
1666764080;0.0;0.0;0.0
1666764140;0.0;0.0;0.0
1666764200;0.0;0.0;0.0
1666764260;0.0;0.0;0.0
1666764320;0.0;0.0;0.0
1666764380;0.0;0.0;0.0
1666764440;0.0;0.0;0.0
1666764500;0.0;0.0;0.0
1666764560;0.0;0.0;0.0
1666764620;0.0;0.0;0.0
1666764680;0.0;0.0;0.0
1666764740;0.0;0.0;0.0
1666764800;0.0;0.0;0.0
1666764860;0.0;0.0;0.0
1666764920;0.0;0.0;0.0
1666764980;0.0;0.0;0.0
1666765040;0.0;0.0;0.0
1666765100;0.0;0.0;0.0
1666765160;0.0;0.0;0.0
1666765220;0.0;0.0;0.0
1666765280;0.0;0.0;0.0
1666765340;0.0;0.0;0.0
1666765400;0.0;0.0;0.0
1666765460;0.0;0.0;0.0
1666765520;0.0;0.0;0.0
1666765580;0.0;0.0;0.0
1666765640;0.0;0.0;0.0
1666765700;0.0;0.0;0.0
1666765760;0.0;0.0;0.0
1666765820;0.0;0.0;0.0
1666765880;0.0;0.0;0.0
1666765940;0.0;0.0;0.0
1666766000;0.0;0.0;0.0
1666766060;0.0;0.0;0.0
1666766120;0.0;0.0;0.0
1666766180;0.0;0.0;0.0
1666766240;0.0;0.0;0.0
1666766300;0.0;0.0;0.0
1666766360;0.0;0.0;0.0
1666766420;0.0;0.0;0.0
1666766480;0.0;0.0;0.0
1666766540;0.0;0.0;0.0
1666766600;0.0;0.0;0.0
1666766660;0.0;0.0;0.0
1666766720;0.0;0.0;0.0
1666766780;0.0;0.0;0.0
1666766840;0.0;0.0;0.0
1666766900;0.0;0.0;0.0
1666766960;0.0;0.0;0.0
1666767020;0.0;0.0;0.0
1666767080;0.0;0.0;0.0
1666767140;0.0;0.0;0.0
1666767200;0.0;0.0;0.0
1666767260;0.0;0.0;0.0
1666767320;0.0;0.0;0.0
1666767380;0.0;0.0;0.0
1666767440;0.0;0.0;0.0
1666767500;0.0;0.0;0.0
1666767560;0.0;0.0;0.0
1666767620;0.0;0.0;0.0
1666767680;0.0;0.0;0.0
1666767740;0.0;0.0;0.0
1666767800;0.0;0.0;0.0
1666767860;0.0;0.0;0.0
1666767920;0.0;0.0;0.0
1666767980;0.0;0.0;0.0
1666768040;0.0;0.0;0.0
1666768100;0.0;0.0;0.0
1666768160;0.0;0.0;0.0
1666768220;0.0;0.0;0.0
1666768280;0.0;0.0;0.0
1666768340;0.0;0.0;0.0
1666768400;0.0;0.0;0.0
1666768460;0.0;0.0;0.0
1666768520;0.0;0.0;0.0
1666768580;0.0;0.0;0.0
1666768640;0.0;0.0;0.0
1666768700;0.0;0.0;0.0
1666768760;0.0;0.0;0.0
1666768820;0.0;0.0;0.0
1666768880;0.0;0.0;0.0
1666768940;0.0;0.0;0.0
1666769000;0.0;0.0;0.0
1666769060;0.0;0.0;0.0
1666769120;0.0;0.0;0.0
1666769180;0.0;0.0;0.0
1666769240;0.0;0.0;0.0
1666769300;0.0;0.0;0.0
1666769360;0.0;0.0;0.0
1666769420;0.0;0.0;0.0
1666769480;0.0;0.0;0.0
1666769540;0.0;0.0;0.0
1666769600;0.0;0.0;0.0
1666769660;0.0;0.0;0.0
1666769720;0.0;0.0;0.0
1666769780;0.0;0.0;0.0
1666769840;0.0;0.0;0.0
1666769900;0.0;0.0;0.0
1666769960;0.0;0.0;0.0
1666770020;0.0;0.0;0.0
1666770080;0.0;0.0;0.0
1666770140;0.0;0.0;0.0
1666770200;0.0;0.0;0.0
1666770260;0.0;0.0;0.0
1666770320;0.0;0.0;0.0
1666770380;0.0;0.0;0.0
1666770440;0.0;0.0;0.0
1666770500;0.0;0.0;0.0
1666770560;0.0;0.0;0.0
1666770620;0.0;0.0;0.0
1666770680;0.0;0.0;0.0
1666770740;0.0;0.0;0.0
1666770800;0.0;0.0;0.0
1666770860;0.0;0.0;0.0
1666770920;0.0;0.0;0.0
1666770980;0.0;0.0;0.0
1666771040;0.0;0.0;0.0
1666771100;0.0;0.0;0.0
1666771160;0.0;0.0;0.0
1666771220;0.0;0.0;0.0
1666771280;0.0;0.0;0.0
1666771340;0.0;0.0;0.0
1666771400;0.0;0.0;0.0
1666771460;0.0;0.0;0.0
1666771520;0.0;0.0;0.0
1666771580;0.0;0.0;0.0
1666771640;0.0;0.0;0.0
1666771700;0.0;0.0;0.0
1666771760;0.0;0.0;0.0
1666771820;0.0;0.0;0.0
1666771880;0.0;0.0;0.0
1666771940;0.0;0.0;0.0
1666772000;0.0;0.0;0.0
1666772060;0.0;0.0;0.0
1666772120;0.0;0.0;0.0
1666772180;0.0;0.0;0.0
1666772240;0.0;0.0;0.0
1666772300;0.0;0.0;0.0
1666772360;0.0;0.0;0.0
1666772420;0.0;0.0;0.0
1666772480;0.0;0.0;0.0
1666772540;0.0;0.0;0.0
1666772600;0.0;0.0;0.0
1666772660;0.0;0.0;0.0
1666772720;0.0;0.0;0.0
1666772780;0.0;0.0;0.0
1666772840;0.0;0.0;0.0
1666772900;0.0;0.0;0.0
1666772960;0.0;0.0;0.0
1666773020;0.0;0.0;0.0
1666773080;0.0;0.0;0.0
1666773140;0.0;0.0;0.0
1666773200;0.0;0.0;0.0
1666773260;0.0;0.0;0.0
1666773320;0.0;0.0;0.0
1666773380;0.0;0.0;0.0
1666773440;0.0;0.0;0.0
1666773500;0.0;0.0;0.0
1666773560;0.0;0.0;0.0
1666773620;0.0;0.0;0.0
1666773680;0.0;0.0;0.0
1666773740;0.0;0.0;0.0
1666773800;0.0;0.0;0.0
1666773860;0.0;0.0;0.0
1666773920;0.0;0.0;0.0
1666773980;0.0;0.0;0.0
1666774040;0.0;0.0;0.0
1666774100;0.0;0.0;0.0
1666774160;0.0;0.0;0.0
1666774220;0.0;0.0;0.0
1666774280;0.0;0.0;0.0
1666774340;0.0;0.0;0.0
1666774400;0.0;0.0;0.0
1666774460;0.0;0.0;0.0
1666774520;0.0;0.0;0.0
1666774580;0.0;0.0;0.0
1666774640;0.0;0.0;0.0
1666774700;0.0;0.0;0.0
1666774760;0.0;0.0;0.0
1666774820;0.0;0.0;0.0
1666774880;0.0;0.0;0.0
1666774940;0.0;0.0;0.0
1666775000;0.0;0.0;0.0
1666775060;0.0;0.0;0.0
1666775120;0.0;0.0;0.0
1666775180;0.0;0.0;0.0
1666775240;0.0;0.0;0.0
1666775300;0.0;0.0;0.0
1666775360;0.0;0.0;0.0
1666775420;0.0;0.0;0.0
1666775480;0.0;0.0;0.0
1666775540;0.0;0.0;0.0
1666775600;0.0;0.0;0.0
1666775660;0.0;0.0;0.0
1666775720;0.0;0.0;0.0
1666775780;0.0;0.0;0.0
1666775840;0.0;0.0;0.0
1666775900;0.0;0.0;0.0
1666775960;0.0;0.0;0.0
1666776020;0.0;0.0;0.0
1666776080;0.0;0.0;0.0
1666776140;0.0;0.0;0.0
1666776200;0.0;0.0;0.0
1666776260;0.0;0.0;0.0
1666776320;0.0;0.0;0.0
1666776380;0.0;0.0;0.0
1666776440;0.0;0.0;0.0
1666776500;0.0;0.0;0.0
1666776560;0.0;0.0;0.0
1666776620;0.0;0.0;0.0
1666776680;0.0;0.0;0.0
1666776740;0.0;0.0;0.0
1666776800;0.0;0.0;0.0
1666776860;0.0;0.0;0.0
1666776920;0.0;0.0;0.0
1666776980;0.0;0.0;0.0
1666777040;0.0;0.0;0.0
1666777100;0.0;0.0;0.0
1666777160;0.0;0.0;0.0
1666777220;0.0;0.0;0.0
1666777280;0.0;0.0;0.0
1666777340;0.0;0.0;0.0
1666777400;0.0;0.0;0.0
1666777460;0.0;0.0;0.0
1666777520;0.0;0.0;0.0
1666777580;0.0;0.0;0.0
1666777640;0.0;0.0;0.0
1666777700;0.0;0.0;0.0
1666777760;0.0;0.0;0.0
1666777820;0.0;0.0;0.0
1666777880;0.0;0.0;0.0
1666777940;0.0;0.0;0.0
1666778000;0.0;0.0;0.0
1666778060;0.0;0.0;0.0
1666778120;0.0;0.0;0.0
1666778180;0.0;0.0;0.0
1666778240;0.0;0.0;0.0
1666778300;0.0;0.0;0.0
1666778360;0.0;0.0;0.0
1666778420;0.0;0.0;0.0
1666778480;0.0;0.0;0.0
1666778540;0.0;0.0;0.0
1666778600;0.0;0.0;0.0
1666778660;0.0;0.0;0.0
1666778720;0.0;0.0;0.0
1666778780;0.0;0.0;0.0
1666778840;0.0;0.0;0.0
1666778900;0.0;0.0;0.0
1666778960;0.0;0.0;0.0
1666779020;0.0;0.0;0.0
1666779080;0.0;0.0;0.0
1666779140;0.0;0.0;0.0
1666779200;0.0;0.0;0.0
1666779260;0.0;0.0;0.0
1666779320;0.0;0.0;0.0
1666779380;0.0;0.0;0.0
1666779440;0.0;0.0;0.0
1666779500;0.0;0.0;0.0
1666779560;0.0;0.0;0.0
1666779620;0.0;0.0;0.0
1666779680;0.0;0.0;0.0
1666779740;0.0;0.0;0.0
1666779800;0.0;0.0;0.0
1666779860;0.0;0.0;0.0
1666779920;0.0;0.0;0.0
1666779980;0.0;0.0;0.0
1666780040;0.0;0.0;0.0
1666780100;0.0;0.0;0.0
1666780160;0.0;0.0;0.0
1666780220;0.0;0.0;0.0
1666780280;0.0;0.0;0.0
1666780340;0.0;0.0;0.0
1666780400;0.0;0.0;0.0
1666780460;0.0;0.0;0.0
1666780520;0.0;0.0;0.0
1666780580;0.0;0.0;0.0
1666780640;0.0;0.0;0.0
1666780700;0.0;0.0;0.0
1666780760;0.0;0.0;0.0
1666780820;0.0;0.0;0.0
1666780880;0.0;0.0;0.0
1666780940;0.0;0.0;0.0
1666781000;0.0;0.0;0.0
1666781060;0.0;0.0;0.0
1666781120;0.0;0.0;0.0
1666781180;0.0;0.0;0.0
1666781240;0.0;0.0;0.0
1666781300;0.0;0.0;0.0
1666781360;0.0;0.0;0.0
1666781420;0.0;0.0;0.0
1666781480;0.0;0.0;0.0
1666781540;0.0;0.0;0.0
1666781600;0.0;0.0;0.0
1666781660;0.0;0.0;0.0
1666781720;0.0;0.0;0.0
1666781780;0.0;0.0;0.0
1666781840;0.0;0.0;0.0
1666781900;0.0;0.0;0.0
1666781960;0.0;0.0;0.0
1666782020;0.0;0.0;0.0
1666782080;0.0;0.0;0.0
1666782140;0.0;0.0;0.0
1666782200;0.0;0.0;0.0
1666782260;0.0;0.0;0.0
1666782320;0.0;0.0;0.0
1666782380;0.0;0.0;0.0
1666782440;0.0;0.0;0.0
1666782500;0.0;0.0;0.0
1666782560;0.0;0.0;0.0
1666782620;0.0;0.0;0.0
1666782680;0.0;0.0;0.0
1666782740;0.0;0.0;0.0
1666782800;0.0;0.0;0.0
1666782860;0.0;0.0;0.0
1666782920;0.0;0.0;0.0
1666782980;0.0;0.0;0.0
1666783040;0.0;0.0;0.0
1666783100;0.0;0.0;0.0
1666783160;0.0;0.0;0.0
1666783220;0.0;0.0;0.0
1666783280;0.0;0.0;0.0
1666783340;0.0;0.0;0.0
1666783400;0.0;0.0;0.0
1666783460;0.0;0.0;0.0
1666783520;0.0;0.0;0.0
1666783580;0.0;0.0;0.0
1666783640;0.0;0.0;0.0
1666783700;0.0;0.0;0.0
1666783760;0.0;0.0;0.0
1666783820;0.0;0.0;0.0
1666783880;0.0;0.0;0.0
1666783940;0.0;0.0;0.0
1666784000;0.0;0.0;0.0
1666784060;0.0;0.0;0.0
1666784120;0.0;0.0;0.0
1666784180;0.0;0.0;0.0
1666784240;0.0;0.0;0.0
1666784300;0.0;0.0;0.0
1666784360;0.0;0.0;0.0
1666784420;0.0;0.0;0.0
1666784480;0.0;0.0;0.0
1666784540;0.0;0.0;0.0
1666784600;0.0;0.0;0.0
1666784660;0.0;0.0;0.0
1666784720;0.0;0.0;0.0
1666784780;0.0;0.0;0.0
1666784840;0.0;0.0;0.0
1666784900;0.0;0.0;0.0
1666784960;0.0;0.0;0.0
1666785020;0.0;0.0;0.0
1666785080;0.0;0.0;0.0
1666785140;0.0;0.0;0.0
1666785200;0.0;0.0;0.0
1666785260;0.0;0.0;0.0
1666785320;0.0;0.0;0.0
1666785380;0.0;0.0;0.0
1666785440;0.0;0.0;0.0
1666785500;0.0;0.0;0.0
1666785560;0.0;0.0;0.0
1666785620;0.0;0.0;0.0
1666785680;0.0;0.0;0.0
1666785740;0.0;0.0;0.0
1666785800;0.0;0.0;0.0
1666785860;0.0;0.0;0.0
1666785920;0.0;0.0;0.0
1666785980;0.0;0.0;0.0
1666786040;0.0;0.0;0.0
1666786100;0.0;0.0;0.0
1666786160;0.0;0.0;0.0
1666786220;0.0;0.0;0.0
1666786280;0.0;0.0;0.0
1666786340;0.0;0.0;0.0
1666786400;0.0;0.0;0.0
1666786460;0.0;0.0;0.0
1666786520;0.0;0.0;0.0
1666786580;0.0;0.0;0.0
1666786640;0.0;0.0;0.0
1666786700;0.0;0.0;0.0
1666786760;0.0;0.0;0.0
1666786820;0.0;0.0;0.0
1666786880;0.0;0.0;0.0
1666786940;0.0;0.0;0.0
1666787000;0.0;0.0;0.0
1666787060;0.0;0.0;0.0
1666787120;0.0;0.0;0.0
1666787180;0.0;0.0;0.0
1666787240;0.0;0.0;0.0
1666787300;0.0;0.0;0.0
1666787360;0.0;0.0;0.0
1666787420;0.0;0.0;0.0
1666787480;0.0;0.0;0.0
1666787540;0.0;0.0;0.0
1666787600;0.0;0.0;0.0
1666787660;0.0;0.0;0.0
1666787720;0.0;0.0;0.0
1666787780;0.0;0.0;0.0
1666787840;0.0;0.0;0.0
1666787900;0.0;0.0;0.0
1666787960;0.0;0.0;0.0
1666788020;0.0;0.0;0.0
1666788080;0.0;0.0;0.0
1666788140;0.0;0.0;0.0
1666788200;0.0;0.0;0.0
1666788260;0.0;0.0;0.0
1666788320;0.0;0.0;0.0
1666788380;0.0;0.0;0.0
1666788440;0.0;0.0;0.0
1666788500;0.0;0.0;0.0
1666788560;0.0;0.0;0.0
1666788620;0.0;0.0;0.0
1666788680;0.0;0.0;0.0
1666788740;0.0;0.0;0.0
1666788800;0.0;0.0;0.0
1666788860;0.0;0.0;0.0
1666788920;0.0;0.0;0.0
1666788980;0.0;0.0;0.0
1666789040;0.0;0.0;0.0
1666789100;0.0;0.0;0.0
1666789160;0.0;0.0;0.0
1666789220;0.0;0.0;0.0
1666789280;0.0;0.0;0.0
1666789340;0.0;0.0;0.0
1666789400;0.0;0.0;0.0
1666789460;914.3158388614654;0.4104796258106833;0.05648802190055275
1666789520;3583.0;1.6085781704395499;0.22136396840911238
1666789580;3583.0;1.6085781704395499;0.22136396840911238
1666789640;3583.0;1.6085781704395499;0.22136396840911238
1666789700;3583.0;1.6085781704395499;0.22136396840911238
1666789760;1105.266030704975;0.4243570422747878;0.05805610446299771
1666789820;1228.1949957529703;0.03085065015632882;0.0
1666789880;0.0;0.0;0.0
1666789940;0.0;0.0;0.0
1666790000;0.0;0.0;0.0
1666790060;3531.150068128109;0.7417188586886425;0.09642345162952352
1666790120;3621.0;0.7605918569004119;0.09887694139705355
1666790180;3621.0;0.7605918569004119;0.09887694139705355
1666790240;3621.0;0.7605918569004119;0.09887694139705355
1666790300;1771.2225173314412;0.5098389039434551;0.05694572417931584
1666790360;0.0;0.0;0.0
1666790420;2724.4559026916822;0.10078482542551852;0.015505357757772079
1666790480;3132.5645011663437;0.11588184124114813;0.01782797557556125
1666790540;2135.8080510616305;1.0059661599242469;0.16183716547682786
1666790600;2763.794900627931;1.0803120551584329;0.18602027208740374
1666790660;3663.0;1.5197883040522955;0.2544761811436402
1666790720;3663.0;1.5197883040522955;0.2544761811436402
1666790780;3336.063908481598;1.0460757689734066;0.17013044918964038
1666790840;3666.0;1.0201780011358743;0.16337370124951725
1666790900;3666.0;1.0201780011358743;0.16337370124951725
1666790960;3666.0;1.0201780011358743;0.16337370124951725
1666791020;3357.0463084220887;0.9342020710983666;0.14960531387696263
1666791080;3616.405582916737;0.9583695456798432;0.17625187046985621
1666791140;3499.6990493098897;1.033535976533972;0.17774667787589638
1666791200;3671.0;1.2096660709944629;0.19494618499497543
1666791260;3671.0;1.2096660709944629;0.19494618499497543
1666791320;3671.0;1.2096660709944629;0.19494618499497543
1666791380;3671.0;1.2096660709944629;0.19494618499497543
1666791440;3671.0;1.2096660709944629;0.19494618499497543
1666791500;3671.0;1.2096660709944629;0.19494618499497543
1666791560;3671.0;1.2096660709944629;0.19494618499497543
1666791620;3671.0;1.2096660709944629;0.19494618499497543
1666791680;3671.0;1.2096660709944629;0.19494618499497543
1666791740;3671.445204337438;1.0651289485092157;0.16672434804728614
1666791800;3672.0;0.8850232724388649;0.13155751347064207
1666791860;3672.0;0.8850232724388649;0.13155751347064207
1666791920;3672.0;0.8850232724388649;0.13155751347064207
1666791980;3672.0;0.8850232724388649;0.13155751347064207
1666792040;3672.0;0.8850232724388649;0.13155751347064207
1666792100;473.77039718627935;0.11418786146581202;0.016973871298972053
1666792160;2177.7820444424947;0.673497804995185;0.09821842989513113
1666792220;3674.0;1.136216060678265;0.1656981755155803
1666792280;3674.0;1.136216060678265;0.1656981755155803
1666792340;3674.0;1.136216060678265;0.1656981755155803
1666792400;3674.0;1.136216060678265;0.1656981755155803
1666792460;3674.0;1.136216060678265;0.1656981755155803
1666792520;3674.0;1.136216060678265;0.1656981755155803
1666792580;3674.0;1.136216060678265;0.1656981755155803
1666792640;3674.0;1.136216060678265;0.1656981755155803
1666792700;3674.439566353957;0.6454004707849046;0.09573841971562942
1666792760;3675.0;0.019625617676496815;0.006541872558832271
1666792820;3675.0;0.019625617676496815;0.006541872558832271
1666792880;3675.8918758392333;0.3062964754699426;0.04666175111776255
1666792940;3676.0;0.3410502433731077;0.05152557633694432
1666793000;3676.0;0.3410502433731077;0.05152557633694432
1666793060;3676.0;0.3410502433731077;0.05152557633694432
1666793120;3676.0;0.3410502433731077;0.05152557633694432
1666793180;3676.0;0.3410502433731077;0.05152557633694432
1666793240;3676.099132800102;0.3136151549416211;0.04801124597019111
1666793300;3677.062316099803;0.10754905758634742;0.024850343358254152
1666793360;3678.0;0.7583364209084669;0.15689719053278625
1666793420;3679.549175779025;0.4255958205820458;0.03332558848321679
1666793480;3680.9275924921035;1.204266809620933;0.1922360463568807
1666793540;3681.0;1.2779918221550184;0.2072419171062192
1666793600;3217.2616856654486;1.4338558148512335;0.2174629290583622
1666793660;3684.0;1.490281185127823;0.2458585711505292
1666793720;3684.0;1.490281185127823;0.2458585711505292
1666793780;3684.0;1.490281185127823;0.2458585711505292
1666793840;3684.0;1.490281185127823;0.2458585711505292
1666793900;3684.0;1.490281185127823;0.2458585711505292
1666793960;3684.0;1.490281185127823;0.2458585711505292
1666794020;3684.0;1.490281185127823;0.2458585711505292
1666794080;3676.8655853271484;1.4873951145648887;0.24538244275816692
1666794140;1885.946594373385;0.3805806782521913;0.05926317130934365
1666794200;3686.0;0.7438282633362006;0.115827272149676
1666794260;3686.0;0.7438282633362006;0.115827272149676
1666794320;3686.0;0.7438282633362006;0.115827272149676
1666794380;3686.0;0.7438282633362006;0.115827272149676
1666794440;3686.0;0.7438282633362006;0.115827272149676
1666794500;3686.0;0.7438282633362006;0.115827272149676
1666794560;3686.0;0.7438282633362006;0.115827272149676
1666794620;3686.0;0.7438282633362006;0.115827272149676
1666794680;2570.8512098312376;0.5187932150582039;0.08078531815991497
1666794740;0.0;0.0;0.0
1666794800;0.0;0.0;0.0
1666794860;0.0;0.0;0.0
1666794920;0.0;0.0;0.0
1666794980;0.0;0.0;0.0
1666795040;0.0;0.0;0.0
1666795100;0.0;0.0;0.0
1666795160;0.0;0.0;0.0
1666795220;0.0;0.0;0.0
1666795280;0.0;0.0;0.0
1666795340;0.0;0.0;0.0
1666795400;0.0;0.0;0.0
1666795460;0.0;0.0;0.0
1666795520;995.9446604569753;0.13846556603187415;0.031682969328130604
1666795580;3698.0;0.46284376135618666;0.057062929482269584
1666795640;3698.0;0.46284376135618666;0.057062929482269584
1666795700;2342.62293544213;0.4887609929613896;0.06175032623670694
1666795760;2976.0388210813203;0.43041925162769634;0.07577417880395662
1666795820;844.4064012606939;0.17838533569409712;0.03412270870220267
1666795880;2554.9122461477914;0.4216146643059029;0.06587729129779732
1666795940;2141.5621747255323;0.9333333333333333;0.1
1666796000;0.0;0.0;0.0
1666796060;3732.508641366164;0.8553663208392976;0.09615542281980255
1666796120;3748.0;0.39885001410478116;0.052972267498291245
1666796180;3748.0;0.39885001410478116;0.052972267498291245
1666796240;3748.0;0.39885001410478116;0.052972267498291245
1666796300;3748.0;0.39885001410478116;0.052972267498291245
1666796360;3533.1978289167087;0.6659002894082444;0.07528884052036579
1666796420;690.9725672006607;0.13333333333333333;0.0
1666796480;1900.056061387062;0.4062102368089146;0.05
1666796540;918.9807866414388;0.02712309652441876;0.0
1666796600;2245.1076674143474;0.056645833798171855;0.0
1666796660;3766.0;0.09501914459612608;0.0
1666796720;2224.239830116431;0.14982734070623568;0.010371204033374382
1666796780;3740.739774648349;0.4318410142327997;0.039628795966625614
1666796840;3211.2558614492414;0.32596944115052423;0.03523993958384046
1666796900;3773.0;0.3829911892806577;0.04140445289520624
1666796960;3773.0;0.3829911892806577;0.04140445289520624
1666797020;3652.969580801328;0.413470775318092;0.03681525899522567
1666797080;3777.0;0.4376508678627087;0.05492784171556263
1666797140;3777.0;0.4376508678627087;0.05492784171556263
1666797200;3777.0;0.4376508678627087;0.05492784171556263
1666797260;3777.0;0.4376508678627087;0.05492784171556263
1666797320;3777.0;0.4376508678627087;0.05492784171556263
1666797380;3777.0;0.4376508678627087;0.05492784171556263
1666797440;3777.0;0.4376508678627087;0.05492784171556263
1666797500;3777.0;0.4376508678627087;0.05492784171556263
1666797560;3777.0;0.4376508678627087;0.05492784171556263
1666797620;3364.7377103726067;0.4909070012243668;0.03411865352379105
1666797680;3437.2164132992425;0.2981459263146564;0.0
1666797740;3204.147123010953;0.11666666666666665;0.0
1666797800;2340.667058841387;0.36814840988416847;0.049999999999999996
1666797860;3801.0;0.010633594073283527;0.0
1666797920;3689.182195723057;0.5457285369494269;0.06087791202182728
1666797980;3804.0;0.6680076286404939;0.09100921371123895
1666798040;3804.0;0.6680076286404939;0.09100921371123895
1666798100;3804.0;0.6680076286404939;0.09100921371123895
1666798160;3804.0;0.6680076286404939;0.09100921371123895
1666798220;3804.0;0.6680076286404939;0.09100921371123895
1666798280;3804.0;0.6680076286404939;0.09100921371123895
1666798340;3804.0;0.6680076286404939;0.09100921371123895
1666798400;3804.0;0.6680076286404939;0.09100921371123895
1666798460;3615.38821974198;0.8529782605404927;0.12771504495492775
1666798520;2994.7647745013237;0.06286364634311654;0.0
1666798580;3811.0;0.20910277514542575;0.0
1666798640;3629.950317021211;0.16910540782601807;0.0
1666798700;3813.0;0.1593019053794155;0.0
1666798760;3464.5250747561454;0.14474310140136792;0.0
1666798820;2655.2298343698185;0.542143079152956;0.0481904959247072
1666798880;3405.254300753276;1.0002573676154611;0.12120985286904762
1666798940;3820.0;0.6393479826174939;0.07886230622594638
1666799000;3820.0;0.6393479826174939;0.07886230622594638
1666799060;3820.0;0.6393479826174939;0.07886230622594638
1666799120;3820.0;0.6393479826174939;0.07886230622594638
1666799180;3820.0;0.6393479826174939;0.07886230622594638
1666799240;3462.404299434026;1.2010481560402335;0.16754515331528924
1666799300;3824.0;1.8294007329497248;0.29656951772773316
1666799360;3824.0;1.8294007329497248;0.29656951772773316
1666799420;3824.0;1.8294007329497248;0.29656951772773316
1666799480;3824.0;1.8294007329497248;0.29656951772773316
1666799540;3824.0;1.8294007329497248;0.29656951772773316
1666799600;3824.0;1.8294007329497248;0.29656951772773316
1666799660;3824.0;1.8294007329497248;0.29656951772773316
1666799720;3824.0;1.8294007329497248;0.29656951772773316
1666799780;3824.0;1.8294007329497248;0.29656951772773316
1666799840;3824.3830952366193;1.5492762652603487;0.2589260992401157
1666799900;3825.0;1.0982161001485284;0.19831216375974944
1666799960;3825.0;1.0982161001485284;0.19831216375974944
1666800020;3825.0;1.0982161001485284;0.19831216375974944
1666800080;3825.0;1.0982161001485284;0.19831216375974944
1666800140;3825.0;1.0982161001485284;0.19831216375974944
1666800200;3825.0;1.0982161001485284;0.19831216375974944
1666800260;3825.0;1.0982161001485284;0.19831216375974944
1666800320;3825.0;1.0982161001485284;0.19831216375974944
1666800380;3825.0;1.0982161001485284;0.19831216375974944
1666800440;3825.7491737087566;1.0500983716411483;0.16393793076753824
1666800500;3828.0;0.6704109858172734;0.06129471870329357
1666800560;3828.0;0.6704109858172734;0.06129471870329357
1666800620;3828.0;0.6704109858172734;0.06129471870329357
1666800680;3828.0;0.6704109858172734;0.06129471870329357
1666800740;3295.0172162810964;0.18406544761269422;0.013431595219719056
1666800800;3833.0;0.057986011238169724;0.0
1666800860;3626.1401061058045;0.05485661386481324;0.0
1666800920;0.0;0.0;0.0
1666800980;0.0;0.0;0.0
1666801040;1802.6864809354147;0.31249111175931826;0.03333333333333333
1666801100;3608.4399496475853;1.470842221574015;0.1333333333333333
1666801160;3124.864018360774;0.529769434976233;0.06102056319097972
1666801220;3845.0;0.6518566777674237;0.07508296811980797
1666801280;3845.0;0.6518566777674237;0.07508296811980797
1666801340;3845.0;0.6518566777674237;0.07508296811980797
1666801400;3845.0;0.6518566777674237;0.07508296811980797
1666801460;3848.1989608248077;1.4276768529006738;0.15377586979756075
1666801520;2438.5720729311306;0.9263185807835178;0.10307641721304814
1666801580;2670.862681734562;0.45945768444105234;0.04846194398584616
1666801640;2217.4065240621567;0.7660174024954948;0.06666666666666667
1666801700;1189.1201044519744;0.3993724098109041;0.03864894288492621
1666801760;3005.8130101005236;0.836692413668862;0.08092617728817321
1666801820;3871.0;0.6027385126393399;0.0486079445676887
1666801880;3871.668109365304;0.6602515096999214;0.05841502558939928
1666801940;3873.0;0.7718518768198025;0.08243078296133813
1666802000;3491.1857367277144;0.6957599440278366;0.0743044600418078
1666802060;2112.144070637226;0.5666666666666667;0.06666666666666667
1666802120;1772.0616691589355;0.16315145663340105;0.004595815679814114
1666802180;3879.0;0.3571345801872324;0.010060129019358658
1666802240;3879.0;0.3571345801872324;0.010060129019358658
1666802300;3322.6561986923216;0.3059127163254673;0.008617259614801896
1666802360;3797.4290272752446;0.5825841010050392;0.15764040380136357
1666802420;3883.0;0.5957120061900767;0.16119266049849135
1666802480;3570.4828408201533;0.6134196818674035;0.10721474266629337
1666802540;826.7495216687521;0.32495087760414726;0.04061885970051841
1666802600;3539.4504225293795;0.266876569155307;0.0
1666802660;3894.0;0.048784707370254615;0.0
1666802720;3894.0;0.048784707370254615;0.0
1666802780;177.25511078834535;0.002220682770850408;0.0
1666802840;0.0;0.0;0.0
1666802900;0.0;0.0;0.0
1666802960;0.0;0.0;0.0
1666803020;0.0;0.0;0.0
1666803080;0.0;0.0;0.0
1666803140;0.0;0.0;0.0
1666803200;905.8337814648946;0.08590841264718711;0.021477103161796778
1666803260;500.0569084803263;0.04742492068614623;0.011856230171536558
1666803320;3477.31614112854;0.28144610668146547;0.036082834189931474
1666803380;3900.0;0.3156571825826235;0.04046886956187481
1666803440;3900.0;0.3156571825826235;0.04046886956187481
1666803500;3900.0;0.3156571825826235;0.04046886956187481
1666803560;2635.7951336224874;0.3441101917172748;0.044879561714247555
1666803620;3902.0;0.607179502356329;0.07954316624755402
1666803680;3902.0;0.607179502356329;0.07954316624755402
1666803740;3902.0;0.607179502356329;0.07954316624755402
1666803800;3902.0;0.607179502356329;0.07954316624755402
1666803860;3902.0;0.607179502356329;0.07954316624755402
1666803920;3266.1800653696064;0.508241308738411;0.06658183083909314
1666803980;3688.04247639974;0.9034779908297369;0.13660835600174717
1666804040;3904.0;0.9563821725943129;0.14460761372560058
1666804100;3904.0;0.9563821725943129;0.14460761372560058
1666804160;3904.0;0.9563821725943129;0.14460761372560058
1666804220;3904.0;0.9563821725943129;0.14460761372560058
1666804280;2223.2024386286735;0.674085277463728;0.1143608830162285
1666804340;3908.0;0.41172742024114295;0.038427892555840004
1666804400;3908.0;0.41172742024114295;0.038427892555840004
1666804460;2753.7355699539185;0.29011986751366436;0.027077854301275336
1666804520;3637.903058497111;1.1301179825301708;0.16122396458592284
1666804580;3911.0;1.2149558024510532;0.1733270280588608
1666804640;3911.0;1.2149558024510532;0.1733270280588608
1666804700;3911.0;1.2149558024510532;0.1733270280588608
1666804760;3911.0;1.2149558024510532;0.1733270280588608
1666804820;3911.0;1.2149558024510532;0.1733270280588608
1666804880;3911.0;1.2149558024510532;0.1733270280588608
1666804940;3911.0;1.2149558024510532;0.1733270280588608
1666805000;3911.0;1.2149558024510532;0.1733270280588608
1666805060;3911.0;1.2149558024510532;0.1733270280588608
1666805120;3911.864457591375;1.0427642028799826;0.1428170100244356
1666805180;3912.0;1.0297838760234868;0.1405163183657779
1666805240;3912.0;1.0297838760234868;0.1405163183657779
1666805300;3912.0;1.0297838760234868;0.1405163183657779
1666805360;3912.0;1.0297838760234868;0.1405163183657779
1666805420;3912.0;1.0297838760234868;0.1405163183657779
1666805480;3912.0;1.0297838760234868;0.1405163183657779
1666805540;3912.0;1.0297838760234868;0.1405163183657779
1666805600;1654.7774369875592;0.4651567744695196;0.06288961532424352
1666805660;3920.0;1.6233211194148338;0.20985900403081503
1666805720;3920.0;1.6233211194148338;0.20985900403081503
1666805780;3472.287000099818;1.1798289870154266;0.1542129028110019
1666805840;810.3804925918579;0.10906712671801434;0.015581018102573474
1666805900;1019.5707650740941;0.32560653797391215;0.03333333333333333
1666805960;2424.4028568824133;0.3410601286927545;0.03333333333333333
1666806020;2762.1199780503907;0.16687593657126554;0.008707783762585443
1666806080;3935.0;0.7412244385011578;0.04296953266673379
1666806140;3935.0;0.7412244385011578;0.04296953266673379
1666806200;3935.099660762151;0.9576267366763138;0.06018906820640835
1666806260;2671.1575774828593;0.3965645753957677;0.028510288728923344
1666806320;3940.0;0.3800705393175699;0.026765530937857038
1666806380;3940.0;0.3800705393175699;0.026765530937857038
1666806440;3940.0;0.3800705393175699;0.026765530937857038
1666806500;3940.0;0.3800705393175699;0.026765530937857038
1666806560;3940.0;0.3800705393175699;0.026765530937857038
1666806620;2907.1740437348685;0.2488519510065132;0.01968446168660751
1666806680;3942.0;0.14462682272809638;0.026295785950562978
1666806740;3942.866421246529;0.4749471798243158;0.07228661251648986
1666806800;3943.1866768399877;0.586487418641517;0.09270321305973055
1666806860;3944.0;0.8505725426070035;0.15076285808113554
1666806920;3944.0;0.8505725426070035;0.15076285808113554
1666806980;3944.0;0.8505725426070035;0.15076285808113554
1666807040;3944.0;0.8505725426070035;0.15076285808113554
1666807100;3944.0;0.8505725426070035;0.15076285808113554
1666807160;3944.0;0.8505725426070035;0.15076285808113554
1666807220;3944.0;0.8505725426070035;0.15076285808113554
1666807280;868.0697199503581;0.18721000731701967;0.03318272616465692
1666807340;124.46857794125874;0.022168618220934355;0.0
1666807400;1257.8139147957165;0.02783138177906564;0.0
1666807460;1414.7939812342327;0.016666666666666666;0.016666666666666666
1666807520;2869.1859740257264;0.6166666666666667;0.08333333333333334
1666807580;0.0;0.0;0.0
1666807640;0.0;0.0;0.0
1666807700;0.0;0.0;0.0
1666807760;0.0;0.0;0.0
1666807820;0.0;0.0;0.0
1666807880;0.0;0.0;0.0
1666807940;0.0;0.0;0.0
1666808000;0.0;0.0;0.0
1666808060;0.0;0.0;0.0
1666808120;0.0;0.0;0.0
1666808180;0.0;0.0;0.0
1666808240;0.0;0.0;0.0
1666808300;0.0;0.0;0.0
1666808360;0.0;0.0;0.0
1666808420;0.0;0.0;0.0
1666808480;0.0;0.0;0.0
1666808540;0.0;0.0;0.0
1666808600;0.0;0.0;0.0
1666808660;0.0;0.0;0.0
1666808720;0.0;0.0;0.0
1666808780;0.0;0.0;0.0
1666808840;0.0;0.0;0.0
1666808900;0.0;0.0;0.0
1666808960;0.0;0.0;0.0
1666809020;0.0;0.0;0.0
1666809080;0.0;0.0;0.0
1666809140;0.0;0.0;0.0
1666809200;0.0;0.0;0.0
1666809260;0.0;0.0;0.0
1666809320;0.0;0.0;0.0
1666809380;0.0;0.0;0.0
1666809440;0.0;0.0;0.0
1666809500;0.0;0.0;0.0
1666809560;0.0;0.0;0.0
1666809620;0.0;0.0;0.0
1666809680;0.0;0.0;0.0
1666809740;0.0;0.0;0.0
1666809800;0.0;0.0;0.0
1666809860;0.0;0.0;0.0
1666809920;0.0;0.0;0.0
1666809980;0.0;0.0;0.0
1666810040;0.0;0.0;0.0
1666810100;0.0;0.0;0.0
1666810160;0.0;0.0;0.0
1666810220;0.0;0.0;0.0
1666810280;0.0;0.0;0.0
1666810340;0.0;0.0;0.0
1666810400;0.0;0.0;0.0
1666810460;0.0;0.0;0.0
1666810520;0.0;0.0;0.0
1666810580;0.0;0.0;0.0
1666810640;0.0;0.0;0.0
1666810700;0.0;0.0;0.0
1666810760;0.0;0.0;0.0
1666810820;0.0;0.0;0.0
1666810880;0.0;0.0;0.0
1666810940;0.0;0.0;0.0
1666811000;0.0;0.0;0.0
1666811060;0.0;0.0;0.0
1666811120;0.0;0.0;0.0
1666811180;0.0;0.0;0.0
1666811240;0.0;0.0;0.0
1666811300;0.0;0.0;0.0
1666811360;0.0;0.0;0.0
1666811420;0.0;0.0;0.0
1666811480;0.0;0.0;0.0
1666811540;0.0;0.0;0.0
1666811600;0.0;0.0;0.0
1666811660;0.0;0.0;0.0
1666811720;0.0;0.0;0.0
1666811780;0.0;0.0;0.0
1666811840;0.0;0.0;0.0
1666811900;0.0;0.0;0.0
1666811960;0.0;0.0;0.0
1666812020;0.0;0.0;0.0
1666812080;0.0;0.0;0.0
1666812140;0.0;0.0;0.0
1666812200;0.0;0.0;0.0
1666812260;0.0;0.0;0.0
1666812320;0.0;0.0;0.0
1666812380;0.0;0.0;0.0
1666812440;0.0;0.0;0.0
1666812500;0.0;0.0;0.0
1666812560;0.0;0.0;0.0
1666812620;0.0;0.0;0.0
1666812680;0.0;0.0;0.0
1666812740;0.0;0.0;0.0
1666812800;0.0;0.0;0.0
1666812860;0.0;0.0;0.0
1666812920;0.0;0.0;0.0
1666812980;0.0;0.0;0.0
1666813040;0.0;0.0;0.0
1666813100;0.0;0.0;0.0
1666813160;0.0;0.0;0.0
1666813220;0.0;0.0;0.0
1666813280;0.0;0.0;0.0
1666813340;0.0;0.0;0.0
1666813400;0.0;0.0;0.0
1666813460;0.0;0.0;0.0
1666813520;0.0;0.0;0.0
1666813580;0.0;0.0;0.0
1666813640;0.0;0.0;0.0
1666813700;0.0;0.0;0.0
1666813760;0.0;0.0;0.0
1666813820;0.0;0.0;0.0
1666813880;0.0;0.0;0.0
1666813940;0.0;0.0;0.0
1666814000;0.0;0.0;0.0
1666814060;0.0;0.0;0.0
1666814120;0.0;0.0;0.0
1666814180;0.0;0.0;0.0
1666814240;0.0;0.0;0.0
1666814300;0.0;0.0;0.0
1666814360;0.0;0.0;0.0
1666814420;0.0;0.0;0.0
1666814480;0.0;0.0;0.0
1666814540;0.0;0.0;0.0
1666814600;0.0;0.0;0.0
1666814660;0.0;0.0;0.0
1666814720;0.0;0.0;0.0
1666814780;0.0;0.0;0.0
1666814840;0.0;0.0;0.0
1666814900;0.0;0.0;0.0
1666814960;0.0;0.0;0.0
1666815020;0.0;0.0;0.0
1666815080;0.0;0.0;0.0
1666815140;0.0;0.0;0.0
1666815200;0.0;0.0;0.0
1666815260;0.0;0.0;0.0
1666815320;0.0;0.0;0.0
1666815380;0.0;0.0;0.0
1666815440;0.0;0.0;0.0
1666815500;0.0;0.0;0.0
1666815560;0.0;0.0;0.0
1666815620;0.0;0.0;0.0
1666815680;0.0;0.0;0.0
1666815740;0.0;0.0;0.0
1666815800;0.0;0.0;0.0
1666815860;0.0;0.0;0.0
1666815920;0.0;0.0;0.0
1666815980;0.0;0.0;0.0
1666816040;0.0;0.0;0.0
1666816100;0.0;0.0;0.0
1666816160;0.0;0.0;0.0
1666816220;0.0;0.0;0.0
1666816280;0.0;0.0;0.0
1666816340;0.0;0.0;0.0
1666816400;0.0;0.0;0.0
1666816460;0.0;0.0;0.0
1666816520;0.0;0.0;0.0
1666816580;0.0;0.0;0.0
1666816640;0.0;0.0;0.0
1666816700;0.0;0.0;0.0
1666816760;0.0;0.0;0.0
1666816820;0.0;0.0;0.0
1666816880;0.0;0.0;0.0
1666816940;0.0;0.0;0.0
1666817000;0.0;0.0;0.0
1666817060;0.0;0.0;0.0
1666817120;0.0;0.0;0.0
1666817180;0.0;0.0;0.0
1666817240;0.0;0.0;0.0
1666817300;0.0;0.0;0.0
1666817360;0.0;0.0;0.0
1666817420;0.0;0.0;0.0
1666817480;0.0;0.0;0.0
1666817540;0.0;0.0;0.0
1666817600;0.0;0.0;0.0
1666817660;0.0;0.0;0.0
1666817720;0.0;0.0;0.0
1666817780;0.0;0.0;0.0
1666817840;0.0;0.0;0.0
1666817900;0.0;0.0;0.0
1666817960;0.0;0.0;0.0
1666818020;0.0;0.0;0.0
1666818080;0.0;0.0;0.0
1666818140;0.0;0.0;0.0
1666818200;0.0;0.0;0.0
1666818260;0.0;0.0;0.0
1666818320;0.0;0.0;0.0
1666818380;0.0;0.0;0.0
1666818440;0.0;0.0;0.0
1666818500;0.0;0.0;0.0
1666818560;0.0;0.0;0.0
1666818620;0.0;0.0;0.0
1666818680;0.0;0.0;0.0
1666818740;0.0;0.0;0.0
1666818800;0.0;0.0;0.0
1666818860;0.0;0.0;0.0
1666818920;0.0;0.0;0.0
1666818980;0.0;0.0;0.0
1666819040;0.0;0.0;0.0
1666819100;0.0;0.0;0.0
1666819160;0.0;0.0;0.0
1666819220;0.0;0.0;0.0
1666819280;0.0;0.0;0.0
1666819340;0.0;0.0;0.0
1666819400;0.0;0.0;0.0
1666819460;0.0;0.0;0.0
1666819520;0.0;0.0;0.0
1666819580;0.0;0.0;0.0
1666819640;0.0;0.0;0.0
1666819700;0.0;0.0;0.0
1666819760;0.0;0.0;0.0
1666819820;0.0;0.0;0.0
1666819880;0.0;0.0;0.0
1666819940;0.0;0.0;0.0
1666820000;0.0;0.0;0.0
1666820060;0.0;0.0;0.0
1666820120;0.0;0.0;0.0
1666820180;0.0;0.0;0.0
1666820240;0.0;0.0;0.0
1666820300;0.0;0.0;0.0
1666820360;0.0;0.0;0.0
1666820420;0.0;0.0;0.0
1666820480;0.0;0.0;0.0
1666820540;0.0;0.0;0.0
1666820600;0.0;0.0;0.0
1666820660;0.0;0.0;0.0
1666820720;0.0;0.0;0.0
1666820780;0.0;0.0;0.0
1666820840;0.0;0.0;0.0
1666820900;0.0;0.0;0.0
1666820960;0.0;0.0;0.0
1666821020;0.0;0.0;0.0
1666821080;0.0;0.0;0.0
1666821140;0.0;0.0;0.0
1666821200;0.0;0.0;0.0
1666821260;0.0;0.0;0.0
1666821320;0.0;0.0;0.0
1666821380;0.0;0.0;0.0
1666821440;0.0;0.0;0.0
1666821500;0.0;0.0;0.0
1666821560;0.0;0.0;0.0
1666821620;0.0;0.0;0.0
1666821680;0.0;0.0;0.0
1666821740;0.0;0.0;0.0
1666821800;0.0;0.0;0.0
1666821860;0.0;0.0;0.0
1666821920;0.0;0.0;0.0
1666821980;0.0;0.0;0.0
1666822040;0.0;0.0;0.0
1666822100;0.0;0.0;0.0
1666822160;0.0;0.0;0.0
1666822220;0.0;0.0;0.0
1666822280;0.0;0.0;0.0
1666822340;0.0;0.0;0.0
1666822400;0.0;0.0;0.0
1666822460;0.0;0.0;0.0
1666822520;0.0;0.0;0.0
1666822580;0.0;0.0;0.0
1666822640;0.0;0.0;0.0
1666822700;0.0;0.0;0.0
1666822760;0.0;0.0;0.0
1666822820;0.0;0.0;0.0
1666822880;0.0;0.0;0.0
1666822940;0.0;0.0;0.0
1666823000;0.0;0.0;0.0
1666823060;0.0;0.0;0.0
1666823120;0.0;0.0;0.0
1666823180;0.0;0.0;0.0
1666823240;0.0;0.0;0.0
1666823300;0.0;0.0;0.0
1666823360;0.0;0.0;0.0
1666823420;0.0;0.0;0.0
1666823480;0.0;0.0;0.0
1666823540;0.0;0.0;0.0
1666823600;0.0;0.0;0.0
1666823660;0.0;0.0;0.0
1666823720;0.0;0.0;0.0
1666823780;0.0;0.0;0.0
1666823840;0.0;0.0;0.0
1666823900;0.0;0.0;0.0
1666823960;0.0;0.0;0.0
1666824020;0.0;0.0;0.0
1666824080;0.0;0.0;0.0
1666824140;0.0;0.0;0.0
1666824200;0.0;0.0;0.0
1666824260;0.0;0.0;0.0
1666824320;0.0;0.0;0.0
1666824380;0.0;0.0;0.0
1666824440;0.0;0.0;0.0
1666824500;0.0;0.0;0.0
1666824560;0.0;0.0;0.0
1666824620;0.0;0.0;0.0
1666824680;0.0;0.0;0.0
1666824740;0.0;0.0;0.0
1666824800;0.0;0.0;0.0
1666824860;0.0;0.0;0.0
1666824920;0.0;0.0;0.0
1666824980;0.0;0.0;0.0
1666825040;0.0;0.0;0.0
1666825100;0.0;0.0;0.0
1666825160;0.0;0.0;0.0
1666825220;0.0;0.0;0.0
1666825280;0.0;0.0;0.0
1666825340;0.0;0.0;0.0
1666825400;0.0;0.0;0.0
1666825460;0.0;0.0;0.0
1666825520;0.0;0.0;0.0
1666825580;0.0;0.0;0.0
1666825640;0.0;0.0;0.0
1666825700;0.0;0.0;0.0
1666825760;0.0;0.0;0.0
1666825820;0.0;0.0;0.0
1666825880;0.0;0.0;0.0
1666825940;0.0;0.0;0.0
1666826000;0.0;0.0;0.0
1666826060;0.0;0.0;0.0
1666826120;0.0;0.0;0.0
1666826180;0.0;0.0;0.0
1666826240;0.0;0.0;0.0
1666826300;0.0;0.0;0.0
1666826360;0.0;0.0;0.0
1666826420;0.0;0.0;0.0
1666826480;0.0;0.0;0.0
1666826540;0.0;0.0;0.0
1666826600;0.0;0.0;0.0
1666826660;0.0;0.0;0.0
1666826720;0.0;0.0;0.0
1666826780;0.0;0.0;0.0
1666826840;0.0;0.0;0.0
1666826900;0.0;0.0;0.0
1666826960;0.0;0.0;0.0
1666827020;0.0;0.0;0.0
1666827080;0.0;0.0;0.0
1666827140;0.0;0.0;0.0
1666827200;0.0;0.0;0.0
1666827260;0.0;0.0;0.0
1666827320;0.0;0.0;0.0
1666827380;0.0;0.0;0.0
1666827440;0.0;0.0;0.0
1666827500;0.0;0.0;0.0
1666827560;0.0;0.0;0.0
1666827620;0.0;0.0;0.0
1666827680;0.0;0.0;0.0
1666827740;0.0;0.0;0.0
1666827800;0.0;0.0;0.0
1666827860;0.0;0.0;0.0
1666827920;0.0;0.0;0.0
1666827980;0.0;0.0;0.0
1666828040;0.0;0.0;0.0
1666828100;0.0;0.0;0.0
1666828160;0.0;0.0;0.0
1666828220;0.0;0.0;0.0
1666828280;0.0;0.0;0.0
1666828340;0.0;0.0;0.0
1666828400;0.0;0.0;0.0
1666828460;0.0;0.0;0.0
1666828520;0.0;0.0;0.0
1666828580;0.0;0.0;0.0
1666828640;0.0;0.0;0.0
1666828700;0.0;0.0;0.0
1666828760;0.0;0.0;0.0
1666828820;0.0;0.0;0.0
1666828880;0.0;0.0;0.0
1666828940;0.0;0.0;0.0
1666829000;0.0;0.0;0.0
1666829060;0.0;0.0;0.0
1666829120;0.0;0.0;0.0
1666829180;0.0;0.0;0.0
1666829240;0.0;0.0;0.0
1666829300;0.0;0.0;0.0
1666829360;0.0;0.0;0.0
1666829420;0.0;0.0;0.0
1666829480;0.0;0.0;0.0
1666829540;0.0;0.0;0.0
1666829600;0.0;0.0;0.0
1666829660;0.0;0.0;0.0
1666829720;0.0;0.0;0.0
1666829780;0.0;0.0;0.0
1666829840;0.0;0.0;0.0
1666829900;0.0;0.0;0.0
1666829960;0.0;0.0;0.0
1666830020;0.0;0.0;0.0
1666830080;0.0;0.0;0.0
1666830140;0.0;0.0;0.0
1666830200;0.0;0.0;0.0
1666830260;0.0;0.0;0.0
1666830320;0.0;0.0;0.0
1666830380;0.0;0.0;0.0
1666830440;0.0;0.0;0.0
1666830500;0.0;0.0;0.0
1666830560;0.0;0.0;0.0
1666830620;0.0;0.0;0.0
1666830680;0.0;0.0;0.0
1666830740;0.0;0.0;0.0
1666830800;0.0;0.0;0.0
1666830860;0.0;0.0;0.0
1666830920;0.0;0.0;0.0
1666830980;0.0;0.0;0.0
1666831040;0.0;0.0;0.0
1666831100;0.0;0.0;0.0
1666831160;0.0;0.0;0.0
1666831220;0.0;0.0;0.0
1666831280;0.0;0.0;0.0
1666831340;0.0;0.0;0.0
1666831400;0.0;0.0;0.0
1666831460;0.0;0.0;0.0
1666831520;0.0;0.0;0.0
1666831580;0.0;0.0;0.0
1666831640;0.0;0.0;0.0
1666831700;0.0;0.0;0.0
1666831760;0.0;0.0;0.0
1666831820;0.0;0.0;0.0
1666831880;0.0;0.0;0.0
1666831940;0.0;0.0;0.0
1666832000;0.0;0.0;0.0
1666832060;0.0;0.0;0.0
1666832120;0.0;0.0;0.0
1666832180;0.0;0.0;0.0
1666832240;0.0;0.0;0.0
1666832300;0.0;0.0;0.0
1666832360;0.0;0.0;0.0
1666832420;0.0;0.0;0.0
1666832480;0.0;0.0;0.0
1666832540;0.0;0.0;0.0
1666832600;0.0;0.0;0.0
1666832660;0.0;0.0;0.0
1666832720;0.0;0.0;0.0
1666832780;0.0;0.0;0.0
1666832840;0.0;0.0;0.0
1666832900;0.0;0.0;0.0
1666832960;0.0;0.0;0.0
1666833020;0.0;0.0;0.0
1666833080;0.0;0.0;0.0
1666833140;0.0;0.0;0.0
1666833200;0.0;0.0;0.0
1666833260;0.0;0.0;0.0
1666833320;0.0;0.0;0.0
1666833380;0.0;0.0;0.0
1666833440;0.0;0.0;0.0
1666833500;0.0;0.0;0.0
1666833560;0.0;0.0;0.0
1666833620;0.0;0.0;0.0
1666833680;0.0;0.0;0.0
1666833740;0.0;0.0;0.0
1666833800;0.0;0.0;0.0
1666833860;0.0;0.0;0.0
1666833920;0.0;0.0;0.0
1666833980;0.0;0.0;0.0
1666834040;0.0;0.0;0.0
1666834100;0.0;0.0;0.0
1666834160;0.0;0.0;0.0
1666834220;0.0;0.0;0.0
1666834280;0.0;0.0;0.0
1666834340;0.0;0.0;0.0
1666834400;0.0;0.0;0.0
1666834460;0.0;0.0;0.0
1666834520;0.0;0.0;0.0
1666834580;0.0;0.0;0.0
1666834640;0.0;0.0;0.0
1666834700;0.0;0.0;0.0
1666834760;0.0;0.0;0.0
1666834820;0.0;0.0;0.0
1666834880;0.0;0.0;0.0
1666834940;0.0;0.0;0.0
1666835000;0.0;0.0;0.0
1666835060;0.0;0.0;0.0
1666835120;0.0;0.0;0.0
1666835180;0.0;0.0;0.0
1666835240;0.0;0.0;0.0
1666835300;0.0;0.0;0.0
1666835360;0.0;0.0;0.0
1666835420;0.0;0.0;0.0
1666835480;0.0;0.0;0.0
1666835540;0.0;0.0;0.0
1666835600;0.0;0.0;0.0
1666835660;0.0;0.0;0.0
1666835720;0.0;0.0;0.0
1666835780;0.0;0.0;0.0
1666835840;0.0;0.0;0.0
1666835900;0.0;0.0;0.0
1666835960;0.0;0.0;0.0
1666836020;0.0;0.0;0.0
1666836080;0.0;0.0;0.0
1666836140;0.0;0.0;0.0
1666836200;0.0;0.0;0.0
1666836260;0.0;0.0;0.0
1666836320;0.0;0.0;0.0
1666836380;0.0;0.0;0.0
1666836440;0.0;0.0;0.0
1666836500;0.0;0.0;0.0
1666836560;0.0;0.0;0.0
1666836620;0.0;0.0;0.0
1666836680;0.0;0.0;0.0
1666836740;0.0;0.0;0.0
1666836800;0.0;0.0;0.0
1666836860;0.0;0.0;0.0
1666836920;0.0;0.0;0.0
1666836980;0.0;0.0;0.0
1666837040;0.0;0.0;0.0
1666837100;0.0;0.0;0.0
1666837160;0.0;0.0;0.0
1666837220;0.0;0.0;0.0
1666837280;0.0;0.0;0.0
1666837340;0.0;0.0;0.0
1666837400;0.0;0.0;0.0
1666837460;0.0;0.0;0.0
1666837520;0.0;0.0;0.0
1666837580;0.0;0.0;0.0
1666837640;0.0;0.0;0.0
1666837700;0.0;0.0;0.0
1666837760;0.0;0.0;0.0
1666837820;0.0;0.0;0.0
1666837880;0.0;0.0;0.0
1666837940;0.0;0.0;0.0
1666838000;0.0;0.0;0.0
1666838060;0.0;0.0;0.0
1666838120;0.0;0.0;0.0
1666838180;0.0;0.0;0.0
1666838240;0.0;0.0;0.0
1666838300;0.0;0.0;0.0
1666838360;0.0;0.0;0.0
1666838420;0.0;0.0;0.0
1666838480;0.0;0.0;0.0
1666838540;0.0;0.0;0.0
1666838600;0.0;0.0;0.0
1666838660;0.0;0.0;0.0
1666838720;0.0;0.0;0.0
1666838780;0.0;0.0;0.0
1666838840;0.0;0.0;0.0
1666838900;0.0;0.0;0.0
1666838960;0.0;0.0;0.0
1666839020;0.0;0.0;0.0
1666839080;0.0;0.0;0.0
1666839140;0.0;0.0;0.0
1666839200;0.0;0.0;0.0
1666839260;0.0;0.0;0.0
1666839320;0.0;0.0;0.0
1666839380;0.0;0.0;0.0
1666839440;0.0;0.0;0.0
1666839500;0.0;0.0;0.0
1666839560;0.0;0.0;0.0
1666839620;0.0;0.0;0.0
1666839680;0.0;0.0;0.0
1666839740;0.0;0.0;0.0
1666839800;0.0;0.0;0.0
1666839860;0.0;0.0;0.0
1666839920;0.0;0.0;0.0
1666839980;0.0;0.0;0.0
1666840040;0.0;0.0;0.0
1666840100;0.0;0.0;0.0
1666840160;0.0;0.0;0.0
1666840220;0.0;0.0;0.0
1666840280;0.0;0.0;0.0
1666840340;0.0;0.0;0.0
1666840400;0.0;0.0;0.0
1666840460;0.0;0.0;0.0
1666840520;0.0;0.0;0.0
1666840580;0.0;0.0;0.0
1666840640;0.0;0.0;0.0
1666840700;0.0;0.0;0.0
1666840760;0.0;0.0;0.0
1666840820;0.0;0.0;0.0
1666840880;0.0;0.0;0.0
1666840940;0.0;0.0;0.0
1666841000;0.0;0.0;0.0
1666841060;0.0;0.0;0.0
1666841120;0.0;0.0;0.0
1666841180;0.0;0.0;0.0
1666841240;0.0;0.0;0.0
1666841300;0.0;0.0;0.0
1666841360;0.0;0.0;0.0
1666841420;0.0;0.0;0.0
1666841480;0.0;0.0;0.0
1666841540;0.0;0.0;0.0
1666841600;0.0;0.0;0.0
1666841660;0.0;0.0;0.0
1666841720;0.0;0.0;0.0
1666841780;0.0;0.0;0.0
1666841840;0.0;0.0;0.0
1666841900;0.0;0.0;0.0
1666841960;0.0;0.0;0.0
1666842020;0.0;0.0;0.0
1666842080;0.0;0.0;0.0
1666842140;0.0;0.0;0.0
1666842200;0.0;0.0;0.0
1666842260;0.0;0.0;0.0
1666842320;0.0;0.0;0.0
1666842380;0.0;0.0;0.0
1666842440;0.0;0.0;0.0
1666842500;0.0;0.0;0.0
1666842560;0.0;0.0;0.0
1666842620;0.0;0.0;0.0
1666842680;0.0;0.0;0.0
1666842740;0.0;0.0;0.0
1666842800;0.0;0.0;0.0
1666842860;0.0;0.0;0.0
1666842920;0.0;0.0;0.0
1666842980;0.0;0.0;0.0
1666843040;0.0;0.0;0.0
1666843100;0.0;0.0;0.0
1666843160;0.0;0.0;0.0
1666843220;0.0;0.0;0.0
1666843280;0.0;0.0;0.0
1666843340;0.0;0.0;0.0
1666843400;0.0;0.0;0.0
1666843460;0.0;0.0;0.0
1666843520;0.0;0.0;0.0
1666843580;0.0;0.0;0.0
1666843640;0.0;0.0;0.0
1666843700;0.0;0.0;0.0
1666843760;0.0;0.0;0.0
1666843820;0.0;0.0;0.0
1666843880;0.0;0.0;0.0
1666843940;0.0;0.0;0.0
1666844000;0.0;0.0;0.0
1666844060;0.0;0.0;0.0
1666844120;0.0;0.0;0.0
1666844180;0.0;0.0;0.0
1666844240;0.0;0.0;0.0
1666844300;0.0;0.0;0.0
1666844360;0.0;0.0;0.0
1666844420;0.0;0.0;0.0
1666844480;0.0;0.0;0.0
1666844540;0.0;0.0;0.0
1666844600;0.0;0.0;0.0
1666844660;0.0;0.0;0.0
1666844720;0.0;0.0;0.0
1666844780;0.0;0.0;0.0
1666844840;0.0;0.0;0.0
1666844900;0.0;0.0;0.0
1666844960;0.0;0.0;0.0
1666845020;0.0;0.0;0.0
1666845080;0.0;0.0;0.0
1666845140;0.0;0.0;0.0
1666845200;0.0;0.0;0.0
1666845260;0.0;0.0;0.0
1666845320;0.0;0.0;0.0
1666845380;0.0;0.0;0.0
1666845440;0.0;0.0;0.0
1666845500;0.0;0.0;0.0
1666845560;0.0;0.0;0.0
1666845620;0.0;0.0;0.0
1666845680;0.0;0.0;0.0
1666845740;0.0;0.0;0.0
1666845800;0.0;0.0;0.0
1666845860;0.0;0.0;0.0
1666845920;0.0;0.0;0.0
1666845980;0.0;0.0;0.0
1666846040;0.0;0.0;0.0
1666846100;0.0;0.0;0.0
1666846160;0.0;0.0;0.0
1666846220;0.0;0.0;0.0
1666846280;0.0;0.0;0.0
1666846340;0.0;0.0;0.0
1666846400;0.0;0.0;0.0
1666846460;0.0;0.0;0.0
1666846520;0.0;0.0;0.0
1666846580;0.0;0.0;0.0
1666846640;0.0;0.0;0.0
1666846700;0.0;0.0;0.0
1666846760;0.0;0.0;0.0
1666846820;0.0;0.0;0.0
1666846880;0.0;0.0;0.0
1666846940;0.0;0.0;0.0
1666847000;0.0;0.0;0.0
1666847060;0.0;0.0;0.0
1666847120;0.0;0.0;0.0
1666847180;0.0;0.0;0.0
1666847240;0.0;0.0;0.0
1666847300;0.0;0.0;0.0
1666847360;0.0;0.0;0.0
1666847420;0.0;0.0;0.0
1666847480;0.0;0.0;0.0
1666847540;0.0;0.0;0.0
1666847600;0.0;0.0;0.0
1666847660;0.0;0.0;0.0
1666847720;0.0;0.0;0.0
1666847780;0.0;0.0;0.0
1666847840;0.0;0.0;0.0
1666847900;0.0;0.0;0.0
1666847960;0.0;0.0;0.0
1666848020;0.0;0.0;0.0
1666848080;0.0;0.0;0.0
1666848140;0.0;0.0;0.0
1666848200;0.0;0.0;0.0
1666848260;0.0;0.0;0.0
1666848320;0.0;0.0;0.0
1666848380;0.0;0.0;0.0
1666848440;0.0;0.0;0.0
1666848500;0.0;0.0;0.0
1666848560;0.0;0.0;0.0
1666848620;0.0;0.0;0.0
1666848680;0.0;0.0;0.0
1666848740;0.0;0.0;0.0
1666848800;0.0;0.0;0.0
1666848860;0.0;0.0;0.0
1666848920;0.0;0.0;0.0
1666848980;0.0;0.0;0.0
1666849040;0.0;0.0;0.0
1666849100;0.0;0.0;0.0
1666849160;0.0;0.0;0.0
1666849220;0.0;0.0;0.0
1666849280;0.0;0.0;0.0
1666849340;0.0;0.0;0.0
1666849400;0.0;0.0;0.0
1666849460;0.0;0.0;0.0
1666849520;0.0;0.0;0.0
1666849580;0.0;0.0;0.0
1666849640;0.0;0.0;0.0
1666849700;0.0;0.0;0.0
1666849760;0.0;0.0;0.0
1666849820;0.0;0.0;0.0
1666849880;0.0;0.0;0.0
1666849940;0.0;0.0;0.0
1666850000;0.0;0.0;0.0
1666850060;0.0;0.0;0.0
1666850120;0.0;0.0;0.0
1666850180;0.0;0.0;0.0
1666850240;0.0;0.0;0.0
1666850300;0.0;0.0;0.0
1666850360;0.0;0.0;0.0
1666850420;0.0;0.0;0.0
1666850480;0.0;0.0;0.0
1666850540;0.0;0.0;0.0
1666850600;0.0;0.0;0.0
1666850660;0.0;0.0;0.0
1666850720;0.0;0.0;0.0
1666850780;0.0;0.0;0.0
1666850840;0.0;0.0;0.0
1666850900;0.0;0.0;0.0
1666850960;0.0;0.0;0.0
1666851020;0.0;0.0;0.0
1666851080;0.0;0.0;0.0
1666851140;0.0;0.0;0.0
1666851200;0.0;0.0;0.0
1666851260;0.0;0.0;0.0
1666851320;0.0;0.0;0.0
1666851380;0.0;0.0;0.0
1666851440;0.0;0.0;0.0
1666851500;0.0;0.0;0.0
1666851560;0.0;0.0;0.0
1666851620;0.0;0.0;0.0
1666851680;0.0;0.0;0.0
1666851740;0.0;0.0;0.0
1666851800;0.0;0.0;0.0
1666851860;0.0;0.0;0.0
1666851920;0.0;0.0;0.0
1666851980;0.0;0.0;0.0
1666852040;0.0;0.0;0.0
1666852100;0.0;0.0;0.0
1666852160;0.0;0.0;0.0
1666852220;0.0;0.0;0.0
1666852280;0.0;0.0;0.0
1666852340;0.0;0.0;0.0
1666852400;0.0;0.0;0.0
1666852460;0.0;0.0;0.0
1666852520;0.0;0.0;0.0
1666852580;0.0;0.0;0.0
1666852640;0.0;0.0;0.0
1666852700;0.0;0.0;0.0
1666852760;0.0;0.0;0.0
1666852820;0.0;0.0;0.0
1666852880;0.0;0.0;0.0
1666852940;0.0;0.0;0.0
1666853000;0.0;0.0;0.0
1666853060;0.0;0.0;0.0
1666853120;0.0;0.0;0.0
1666853180;0.0;0.0;0.0
1666853240;0.0;0.0;0.0
1666853300;0.0;0.0;0.0
1666853360;0.0;0.0;0.0
1666853420;0.0;0.0;0.0
1666853480;0.0;0.0;0.0
1666853540;0.0;0.0;0.0
1666853600;0.0;0.0;0.0
1666853660;0.0;0.0;0.0
1666853720;0.0;0.0;0.0
1666853780;0.0;0.0;0.0
1666853840;0.0;0.0;0.0
1666853900;0.0;0.0;0.0
1666853960;0.0;0.0;0.0
1666854020;0.0;0.0;0.0
1666854080;0.0;0.0;0.0
1666854140;0.0;0.0;0.0
1666854200;0.0;0.0;0.0
1666854260;0.0;0.0;0.0
1666854320;0.0;0.0;0.0
1666854380;0.0;0.0;0.0
1666854440;0.0;0.0;0.0
1666854500;0.0;0.0;0.0
1666854560;0.0;0.0;0.0
1666854620;0.0;0.0;0.0
1666854680;0.0;0.0;0.0
1666854740;0.0;0.0;0.0
1666854800;0.0;0.0;0.0
1666854860;0.0;0.0;0.0
1666854920;0.0;0.0;0.0
1666854980;0.0;0.0;0.0
1666855040;0.0;0.0;0.0
1666855100;0.0;0.0;0.0
1666855160;0.0;0.0;0.0
1666855220;0.0;0.0;0.0
1666855280;0.0;0.0;0.0
1666855340;0.0;0.0;0.0
1666855400;0.0;0.0;0.0
1666855460;0.0;0.0;0.0
1666855520;0.0;0.0;0.0
1666855580;0.0;0.0;0.0
1666855640;0.0;0.0;0.0
1666855700;0.0;0.0;0.0
1666855760;0.0;0.0;0.0
1666855820;0.0;0.0;0.0
1666855880;0.0;0.0;0.0
1666855940;0.0;0.0;0.0
1666856000;0.0;0.0;0.0
1666856060;0.0;0.0;0.0
1666856120;0.0;0.0;0.0
1666856180;0.0;0.0;0.0
1666856240;0.0;0.0;0.0
1666856300;0.0;0.0;0.0
1666856360;0.0;0.0;0.0
1666856420;0.0;0.0;0.0
1666856480;0.0;0.0;0.0
1666856540;0.0;0.0;0.0
1666856600;0.0;0.0;0.0
1666856660;0.0;0.0;0.0
1666856720;0.0;0.0;0.0
1666856780;0.0;0.0;0.0
1666856840;0.0;0.0;0.0
1666856900;0.0;0.0;0.0
1666856960;0.0;0.0;0.0
1666857020;0.0;0.0;0.0
1666857080;0.0;0.0;0.0
1666857140;0.0;0.0;0.0
1666857200;0.0;0.0;0.0
1666857260;0.0;0.0;0.0
1666857320;0.0;0.0;0.0
1666857380;0.0;0.0;0.0
1666857440;0.0;0.0;0.0
1666857500;0.0;0.0;0.0
1666857560;0.0;0.0;0.0
1666857620;0.0;0.0;0.0
1666857680;0.0;0.0;0.0
1666857740;0.0;0.0;0.0
1666857800;0.0;0.0;0.0
1666857860;0.0;0.0;0.0
1666857920;0.0;0.0;0.0
1666857980;0.0;0.0;0.0
1666858040;0.0;0.0;0.0
1666858100;0.0;0.0;0.0
1666858160;0.0;0.0;0.0
1666858220;0.0;0.0;0.0
1666858280;0.0;0.0;0.0
1666858340;0.0;0.0;0.0
1666858400;0.0;0.0;0.0
1666858460;0.0;0.0;0.0
1666858520;0.0;0.0;0.0
1666858580;0.0;0.0;0.0
1666858640;0.0;0.0;0.0
1666858700;0.0;0.0;0.0
1666858760;0.0;0.0;0.0
1666858820;0.0;0.0;0.0
1666858880;0.0;0.0;0.0
1666858940;0.0;0.0;0.0
1666859000;0.0;0.0;0.0
1666859060;0.0;0.0;0.0
1666859120;0.0;0.0;0.0
1666859180;0.0;0.0;0.0
1666859240;0.0;0.0;0.0
1666859300;0.0;0.0;0.0
1666859360;0.0;0.0;0.0
1666859420;0.0;0.0;0.0
1666859480;0.0;0.0;0.0
1666859540;0.0;0.0;0.0
1666859600;0.0;0.0;0.0
1666859660;0.0;0.0;0.0
1666859720;0.0;0.0;0.0
1666859780;0.0;0.0;0.0
1666859840;0.0;0.0;0.0
1666859900;0.0;0.0;0.0
1666859960;0.0;0.0;0.0
1666860020;0.0;0.0;0.0
1666860080;0.0;0.0;0.0
1666860140;0.0;0.0;0.0
1666860200;0.0;0.0;0.0
1666860260;0.0;0.0;0.0
1666860320;0.0;0.0;0.0
1666860380;0.0;0.0;0.0
1666860440;0.0;0.0;0.0
1666860500;0.0;0.0;0.0
1666860560;0.0;0.0;0.0
1666860620;0.0;0.0;0.0
1666860680;0.0;0.0;0.0
1666860740;0.0;0.0;0.0
1666860800;0.0;0.0;0.0
1666860860;0.0;0.0;0.0
1666860920;0.0;0.0;0.0
1666860980;0.0;0.0;0.0
1666861040;0.0;0.0;0.0
1666861100;0.0;0.0;0.0
1666861160;0.0;0.0;0.0
1666861220;0.0;0.0;0.0
1666861280;0.0;0.0;0.0
1666861340;0.0;0.0;0.0
1666861400;0.0;0.0;0.0
1666861460;0.0;0.0;0.0
1666861520;0.0;0.0;0.0
1666861580;0.0;0.0;0.0
1666861640;0.0;0.0;0.0
1666861700;0.0;0.0;0.0
1666861760;0.0;0.0;0.0
1666861820;0.0;0.0;0.0
1666861880;0.0;0.0;0.0
1666861940;0.0;0.0;0.0
1666862000;0.0;0.0;0.0
1666862060;0.0;0.0;0.0
1666862120;0.0;0.0;0.0
1666862180;0.0;0.0;0.0
1666862240;0.0;0.0;0.0
1666862300;0.0;0.0;0.0
1666862360;0.0;0.0;0.0
1666862420;0.0;0.0;0.0
1666862480;0.0;0.0;0.0
1666862540;0.0;0.0;0.0
1666862600;0.0;0.0;0.0
1666862660;0.0;0.0;0.0
1666862720;0.0;0.0;0.0
1666862780;0.0;0.0;0.0
1666862840;0.0;0.0;0.0
1666862900;0.0;0.0;0.0
1666862960;0.0;0.0;0.0
1666863020;0.0;0.0;0.0
1666863080;0.0;0.0;0.0
1666863140;0.0;0.0;0.0
1666863200;0.0;0.0;0.0
1666863260;0.0;0.0;0.0
1666863320;0.0;0.0;0.0
1666863380;0.0;0.0;0.0
1666863440;0.0;0.0;0.0
1666863500;0.0;0.0;0.0
1666863560;0.0;0.0;0.0
1666863620;0.0;0.0;0.0
1666863680;0.0;0.0;0.0
1666863740;0.0;0.0;0.0
1666863800;0.0;0.0;0.0
1666863860;0.0;0.0;0.0
1666863920;0.0;0.0;0.0
1666863980;0.0;0.0;0.0
1666864040;0.0;0.0;0.0
1666864100;0.0;0.0;0.0
1666864160;0.0;0.0;0.0
1666864220;0.0;0.0;0.0
1666864280;0.0;0.0;0.0
1666864340;0.0;0.0;0.0
1666864400;0.0;0.0;0.0
1666864460;0.0;0.0;0.0
1666864520;0.0;0.0;0.0
1666864580;0.0;0.0;0.0
1666864640;0.0;0.0;0.0
1666864700;0.0;0.0;0.0
1666864760;0.0;0.0;0.0
1666864820;0.0;0.0;0.0
1666864880;0.0;0.0;0.0
1666864940;0.0;0.0;0.0
1666865000;0.0;0.0;0.0
1666865060;0.0;0.0;0.0
1666865120;0.0;0.0;0.0
1666865180;0.0;0.0;0.0
1666865240;0.0;0.0;0.0
1666865300;0.0;0.0;0.0
1666865360;0.0;0.0;0.0
1666865420;0.0;0.0;0.0
1666865480;0.0;0.0;0.0
1666865540;0.0;0.0;0.0
1666865600;0.0;0.0;0.0
1666865660;0.0;0.0;0.0
1666865720;0.0;0.0;0.0
1666865780;0.0;0.0;0.0
1666865840;0.0;0.0;0.0
1666865900;0.0;0.0;0.0
1666865960;0.0;0.0;0.0
1666866020;0.0;0.0;0.0
1666866080;0.0;0.0;0.0
1666866140;0.0;0.0;0.0
1666866200;0.0;0.0;0.0
1666866260;0.0;0.0;0.0
1666866320;0.0;0.0;0.0
1666866380;0.0;0.0;0.0
1666866440;0.0;0.0;0.0
1666866500;0.0;0.0;0.0
1666866560;0.0;0.0;0.0
1666866620;0.0;0.0;0.0
1666866680;0.0;0.0;0.0
1666866740;0.0;0.0;0.0
1666866800;0.0;0.0;0.0
1666866860;0.0;0.0;0.0
1666866920;2679.6418749690056;0.005428333232902505;0.005428333232902505
1666866980;4005.0;0.00811320154415261;0.00811320154415261
1666867040;1542.6897938847542;0.003125131889611551;0.003125131889611551
1666867100;3883.4035344600675;0.0025769438039255224;0.0
1666867160;4014.0;0.002663604834565619;0.0
1666867220;4014.0;0.002663604834565619;0.0
1666867280;4014.0;0.002663604834565619;0.0
1666867340;4014.0;0.002663604834565619;0.0
1666867400;4014.0;0.002663604834565619;0.0
1666867460;1162.9347195625305;0.0007716986899130464;0.0
1666867520;0.0;0.0;0.0
1666867580;1491.8335862239203;1.2836771880548554;0.2069393992866209
1666867640;4025.61616948843;2.2497816280332925;0.37256815774193874
1666867700;3893.002314201991;1.3584077117737756;0.23496206570875772
1666867760;2745.3680935064954;0.8283854005854971;0.16950662895942611
1666867820;4036.0;0.6429335753507992;0.020410589693676165
1666867880;3726.41566713651;1.5233077081200597;0.2003326589030127
1666867940;3973.7293458461763;2.0135067880817203;0.228613833039901
1666868000;3550.340799252192;2.2076379596922453;0.3181675390507384
1666868060;4057.0;2.3101645749032453;0.34893110766767765
1666868120;3804.4794597307846;2.7374728564269084;0.39068980557221483
1666868180;4064.0;3.7636561893029623;0.5421550669350823
1666868240;4064.3850494225817;2.59462879535952;0.3333898141076202
1666868300;3913.822105407715;4.5246926456845955;0.6725091866705117
1666868360;3222.057231183847;0.897560960071759;0.09412506585035037
1666868420;4078.0;0.2688916210332075;0.029333631385440817
1666868480;4078.0;0.2688916210332075;0.029333631385440817
1666868540;3682.11202694575;0.363616445130929;0.04340943952260808
1666868600;4084.573044029871;1.485652249778771;0.2986061390792005
1666868660;3939.0488684137663;1.0043795905873816;0.255125775474857
1666868720;3681.1299255212152;0.5007754904613047;0.12391828604475615
1666868780;2672.967051641146;0.7219790005339626;0.1869721779201678
1666868840;1540.5376938819884;0.4333333333333333;0.06666666666666665
1666868900;0.0;0.0;0.0
1666868960;0.0;0.0;0.0
1666869020;0.0;0.0;0.0
1666869080;0.0;0.0;0.0
1666869140;0.0;0.0;0.0
1666869200;0.0;0.0;0.0
1666869260;0.0;0.0;0.0
1666869320;0.0;0.0;0.0
1666869380;0.0;0.0;0.0
1666869440;0.0;0.0;0.0
1666869500;1094.0933287302653;0.3868501822886162;0.0644322815856279
1666869560;3507.0132720152537;1.1572699284778436;0.15294773351888935
1666869620;3585.022439948718;0.23949469923343886;0.032901461562048026
1666869680;4132.0;0.0004122563326551271;0.0004122563326551271
1666869740;4132.0;0.0004122563326551271;0.0004122563326551271
1666869800;4132.0;0.0004122563326551271;0.0004122563326551271
1666869860;4132.0;0.0004122563326551271;0.0004122563326551271
1666869920;4132.0;0.0004122563326551271;0.0004122563326551271
1666869980;4132.0;0.0004122563326551271;0.0004122563326551271
1666870040;4132.0;0.0004122563326551271;0.0004122563326551271
1666870100;4132.0;0.0004122563326551271;0.0004122563326551271
1666870160;4132.0;0.0004122563326551271;0.0004122563326551271
1666870220;4132.0;0.0004122563326551271;0.0004122563326551271
1666870280;4132.0;0.0004122563326551271;0.0004122563326551271
1666870340;4132.0;0.0004122563326551271;0.0004122563326551271
1666870400;4132.0;0.0004122563326551271;0.0004122563326551271
1666870460;4132.0;0.0004122563326551271;0.0004122563326551271
1666870520;4132.0;0.0004122563326551271;0.0004122563326551271
1666870580;4132.0;0.0004122563326551271;0.0004122563326551271
1666870640;4132.0;0.0004122563326551271;0.0004122563326551271
1666870700;4132.0;0.0004122563326551271;0.0004122563326551271
1666870760;4132.0;0.0004122563326551271;0.0004122563326551271
1666870820;4132.0;0.0004122563326551271;0.0004122563326551271
1666870880;4132.0;0.0004122563326551271;0.0004122563326551271
1666870940;4132.0;0.0004122563326551271;0.0004122563326551271
1666871000;4132.0;0.0004122563326551271;0.0004122563326551271
1666871060;4132.0;0.0004122563326551271;0.0004122563326551271
1666871120;4132.0;0.0004122563326551271;0.0004122563326551271
1666871180;4132.0;0.0004122563326551271;0.0004122563326551271
1666871240;4132.0;0.0004122563326551271;0.0004122563326551271
1666871300;4132.0;0.0004122563326551271;0.0004122563326551271
1666871360;4132.0;0.0004122563326551271;0.0004122563326551271
1666871420;4132.0;0.0004122563326551271;0.0004122563326551271
1666871480;4132.0;0.0004122563326551271;0.0004122563326551271
1666871540;4132.0;0.0004122563326551271;0.0004122563326551271
1666871600;4132.0;0.0004122563326551271;0.0004122563326551271
1666871660;4132.0;0.0004122563326551271;0.0004122563326551271
1666871720;4132.0;0.0004122563326551271;0.0004122563326551271
1666871780;4132.0;0.0004122563326551271;0.0004122563326551271
1666871840;4132.0;0.0004122563326551271;0.0004122563326551271
1666871900;4132.0;0.0004122563326551271;0.0004122563326551271
1666871960;4132.0;0.0004122563326551271;0.0004122563326551271
1666872020;3301.6721244653068;0.05030719302655144;0.03364052635988478
1666872080;0.0;0.0;0.0
1666872140;0.0;0.0;0.0
1666872200;0.0;0.0;0.0
1666872260;0.0;0.0;0.0
1666872320;0.0;0.0;0.0
1666872380;0.0;0.0;0.0
1666872440;0.0;0.0;0.0
1666872500;0.0;0.0;0.0
1666872560;0.0;0.0;0.0
1666872620;0.0;0.0;0.0
1666872680;0.0;0.0;0.0
1666872740;0.0;0.0;0.0
1666872800;0.0;0.0;0.0
1666872860;0.0;0.0;0.0
1666872920;0.0;0.0;0.0
1666872980;0.0;0.0;0.0
1666873040;0.0;0.0;0.0
1666873100;0.0;0.0;0.0
1666873160;0.0;0.0;0.0
1666873220;0.0;0.0;0.0
1666873280;0.0;0.0;0.0
1666873340;0.0;0.0;0.0
1666873400;0.0;0.0;0.0
1666873460;0.0;0.0;0.0
1666873520;0.0;0.0;0.0
1666873580;0.0;0.0;0.0
1666873640;0.0;0.0;0.0
1666873700;0.0;0.0;0.0
1666873760;0.0;0.0;0.0
1666873820;0.0;0.0;0.0
1666873880;0.0;0.0;0.0
1666873940;0.0;0.0;0.0
1666874000;0.0;0.0;0.0
1666874060;0.0;0.0;0.0
1666874120;0.0;0.0;0.0
1666874180;0.0;0.0;0.0
1666874240;0.0;0.0;0.0
1666874300;0.0;0.0;0.0
1666874360;0.0;0.0;0.0
1666874420;0.0;0.0;0.0
1666874480;0.0;0.0;0.0
1666874540;0.0;0.0;0.0
1666874600;0.0;0.0;0.0
1666874660;0.0;0.0;0.0
1666874720;0.0;0.0;0.0
1666874780;0.0;0.0;0.0
1666874840;0.0;0.0;0.0
1666874900;675.6431733846664;0.016666666666666663;0.016666666666666663
1666874960;202.92099932829538;0.049999999999999996;0.0
1666875020;0.0;0.0;0.0
1666875080;0.0;0.0;0.0
1666875140;1980.582783273856;1.3984707880435634;0.24678896259592295
1666875200;1229.581500315666;0.8681958786231033;0.15321103740407704
1666875260;0.0;0.0;0.0
1666875320;0.0;0.0;0.0
1666875380;0.0;0.0;0.0
1666875440;0.0;0.0;0.0
1666875500;0.0;0.0;0.0
1666875560;0.0;0.0;0.0
1666875620;0.0;0.0;0.0
1666875680;0.0;0.0;0.0
1666875740;0.0;0.0;0.0
1666875800;0.0;0.0;0.0
1666875860;0.0;0.0;0.0
1666875920;0.0;0.0;0.0
1666875980;0.0;0.0;0.0
1666876040;0.0;0.0;0.0
1666876100;0.0;0.0;0.0
1666876160;0.0;0.0;0.0
1666876220;0.0;0.0;0.0
1666876280;0.0;0.0;0.0
1666876340;0.0;0.0;0.0
1666876400;0.0;0.0;0.0
1666876460;0.0;0.0;0.0
1666876520;0.0;0.0;0.0
1666876580;0.0;0.0;0.0
1666876640;0.0;0.0;0.0
1666876700;0.0;0.0;0.0
1666876760;0.0;0.0;0.0
1666876820;0.0;0.0;0.0
1666876880;0.0;0.0;0.0
1666876940;0.0;0.0;0.0
1666877000;0.0;0.0;0.0
1666877060;0.0;0.0;0.0
1666877120;0.0;0.0;0.0
1666877180;0.0;0.0;0.0
1666877240;0.0;0.0;0.0
1666877300;0.0;0.0;0.0
1666877360;0.0;0.0;0.0
1666877420;0.0;0.0;0.0
1666877480;0.0;0.0;0.0
1666877540;0.0;0.0;0.0
1666877600;44.657708930969235;0.016666666666666666;0.016666666666666666
1666877660;0.0;0.0;0.0
1666877720;0.0;0.0;0.0
1666877780;0.0;0.0;0.0
1666877840;0.0;0.0;0.0
1666877900;0.0;0.0;0.0
1666877960;0.0;0.0;0.0
1666878020;0.0;0.0;0.0
1666878080;0.0;0.0;0.0
1666878140;0.0;0.0;0.0
1666878200;0.0;0.0;0.0
1666878260;0.0;0.0;0.0
1666878320;0.0;0.0;0.0
1666878380;0.0;0.0;0.0
1666878440;0.0;0.0;0.0
1666878500;0.0;0.0;0.0
1666878560;0.0;0.0;0.0
1666878620;0.0;0.0;0.0
1666878680;0.0;0.0;0.0
1666878740;0.0;0.0;0.0
1666878800;0.0;0.0;0.0
1666878860;0.0;0.0;0.0
1666878920;0.0;0.0;0.0
1666878980;0.0;0.0;0.0
1666879040;0.0;0.0;0.0
1666879100;0.0;0.0;0.0
1666879160;0.0;0.0;0.0
1666879220;0.0;0.0;0.0
1666879280;0.0;0.0;0.0
1666879340;0.0;0.0;0.0
1666879400;0.0;0.0;0.0
1666879460;0.0;0.0;0.0
1666879520;0.0;0.0;0.0
1666879580;0.0;0.0;0.0
1666879640;0.0;0.0;0.0
1666879700;0.0;0.0;0.0
1666879760;0.0;0.0;0.0
1666879820;0.0;0.0;0.0
1666879880;0.0;0.0;0.0
1666879940;0.0;0.0;0.0
1666880000;0.0;0.0;0.0
1666880060;0.0;0.0;0.0
1666880120;0.0;0.0;0.0
1666880180;0.0;0.0;0.0
1666880240;0.0;0.0;0.0
1666880300;0.0;0.0;0.0
1666880360;0.0;0.0;0.0
1666880420;0.0;0.0;0.0
1666880480;0.0;0.0;0.0
1666880540;0.0;0.0;0.0
1666880600;0.0;0.0;0.0
1666880660;0.0;0.0;0.0
1666880720;0.0;0.0;0.0
1666880780;0.0;0.0;0.0
1666880840;0.0;0.0;0.0
1666880900;0.0;0.0;0.0
1666880960;0.0;0.0;0.0
1666881020;0.0;0.0;0.0
1666881080;0.0;0.0;0.0
1666881140;0.0;0.0;0.0
1666881200;0.0;0.0;0.0
1666881260;0.0;0.0;0.0
1666881320;0.0;0.0;0.0
1666881380;0.0;0.0;0.0
1666881440;0.0;0.0;0.0
1666881500;0.0;0.0;0.0
1666881560;0.0;0.0;0.0
1666881620;0.0;0.0;0.0
1666881680;0.0;0.0;0.0
1666881740;0.0;0.0;0.0
1666881800;0.0;0.0;0.0
1666881860;0.0;0.0;0.0
1666881920;0.0;0.0;0.0
1666881980;0.0;0.0;0.0
1666882040;0.0;0.0;0.0
1666882100;0.0;0.0;0.0
1666882160;0.0;0.0;0.0
1666882220;0.0;0.0;0.0
1666882280;0.0;0.0;0.0
1666882340;0.0;0.0;0.0
1666882400;0.0;0.0;0.0
1666882460;0.0;0.0;0.0
1666882520;0.0;0.0;0.0
1666882580;0.0;0.0;0.0
1666882640;0.0;0.0;0.0
1666882700;0.0;0.0;0.0
1666882760;0.0;0.0;0.0
1666882820;0.0;0.0;0.0
1666882880;0.0;0.0;0.0
1666882940;0.0;0.0;0.0
1666883000;0.0;0.0;0.0
1666883060;0.0;0.0;0.0
1666883120;0.0;0.0;0.0
1666883180;0.0;0.0;0.0
1666883240;0.0;0.0;0.0
1666883300;0.0;0.0;0.0
1666883360;0.0;0.0;0.0
1666883420;0.0;0.0;0.0
1666883480;0.0;0.0;0.0
1666883540;0.0;0.0;0.0
1666883600;0.0;0.0;0.0
1666883660;0.0;0.0;0.0
1666883720;0.0;0.0;0.0
1666883780;0.0;0.0;0.0
1666883840;0.0;0.0;0.0
1666883900;0.0;0.0;0.0
1666883960;0.0;0.0;0.0
1666884020;0.0;0.0;0.0
1666884080;0.0;0.0;0.0
1666884140;0.0;0.0;0.0
1666884200;0.0;0.0;0.0
1666884260;0.0;0.0;0.0
1666884320;0.0;0.0;0.0
1666884380;0.0;0.0;0.0
1666884440;0.0;0.0;0.0
1666884500;0.0;0.0;0.0
1666884560;0.0;0.0;0.0
1666884620;0.0;0.0;0.0
1666884680;0.0;0.0;0.0
1666884740;0.0;0.0;0.0
1666884800;0.0;0.0;0.0
1666884860;0.0;0.0;0.0
1666884920;0.0;0.0;0.0
1666884980;0.0;0.0;0.0
1666885040;0.0;0.0;0.0
1666885100;0.0;0.0;0.0
1666885160;0.0;0.0;0.0
1666885220;0.0;0.0;0.0
1666885280;0.0;0.0;0.0
1666885340;0.0;0.0;0.0
1666885400;0.0;0.0;0.0
1666885460;0.0;0.0;0.0
1666885520;0.0;0.0;0.0
1666885580;0.0;0.0;0.0
1666885640;0.0;0.0;0.0
1666885700;0.0;0.0;0.0
1666885760;0.0;0.0;0.0
1666885820;0.0;0.0;0.0
1666885880;0.0;0.0;0.0
1666885940;0.0;0.0;0.0
1666886000;0.0;0.0;0.0
1666886060;0.0;0.0;0.0
1666886120;0.0;0.0;0.0
1666886180;0.0;0.0;0.0
1666886240;0.0;0.0;0.0
1666886300;0.0;0.0;0.0
1666886360;0.0;0.0;0.0
1666886420;0.0;0.0;0.0
1666886480;0.0;0.0;0.0
1666886540;0.0;0.0;0.0
1666886600;0.0;0.0;0.0
1666886660;0.0;0.0;0.0
1666886720;0.0;0.0;0.0
1666886780;0.0;0.0;0.0
1666886840;0.0;0.0;0.0
1666886900;0.0;0.0;0.0
1666886960;0.0;0.0;0.0
1666887020;0.0;0.0;0.0
1666887080;0.0;0.0;0.0
1666887140;0.0;0.0;0.0
1666887200;0.0;0.0;0.0
1666887260;0.0;0.0;0.0
1666887320;0.0;0.0;0.0
1666887380;0.0;0.0;0.0
1666887440;0.0;0.0;0.0
1666887500;0.0;0.0;0.0
1666887560;0.0;0.0;0.0
1666887620;0.0;0.0;0.0
1666887680;0.0;0.0;0.0
1666887740;0.0;0.0;0.0
1666887800;0.0;0.0;0.0
1666887860;0.0;0.0;0.0
1666887920;0.0;0.0;0.0
1666887980;0.0;0.0;0.0
1666888040;0.0;0.0;0.0
1666888100;0.0;0.0;0.0
1666888160;0.0;0.0;0.0
1666888220;0.0;0.0;0.0
1666888280;0.0;0.0;0.0
1666888340;0.0;0.0;0.0
1666888400;0.0;0.0;0.0
1666888460;0.0;0.0;0.0
1666888520;0.0;0.0;0.0
1666888580;0.0;0.0;0.0
1666888640;0.0;0.0;0.0
1666888700;0.0;0.0;0.0
1666888760;0.0;0.0;0.0
1666888820;0.0;0.0;0.0
1666888880;0.0;0.0;0.0
1666888940;0.0;0.0;0.0
1666889000;0.0;0.0;0.0
1666889060;0.0;0.0;0.0
1666889120;0.0;0.0;0.0
1666889180;0.0;0.0;0.0
1666889240;0.0;0.0;0.0
1666889300;0.0;0.0;0.0
1666889360;0.0;0.0;0.0
1666889420;0.0;0.0;0.0
1666889480;0.0;0.0;0.0
1666889540;0.0;0.0;0.0
1666889600;0.0;0.0;0.0
1666889660;0.0;0.0;0.0
1666889720;0.0;0.0;0.0
1666889780;0.0;0.0;0.0
1666889840;0.0;0.0;0.0
1666889900;0.0;0.0;0.0
1666889960;0.0;0.0;0.0
1666890020;0.0;0.0;0.0
1666890080;0.0;0.0;0.0
1666890140;0.0;0.0;0.0
1666890200;0.0;0.0;0.0
1666890260;0.0;0.0;0.0
1666890320;0.0;0.0;0.0
1666890380;0.0;0.0;0.0
1666890440;0.0;0.0;0.0
1666890500;0.0;0.0;0.0
1666890560;0.0;0.0;0.0
1666890620;0.0;0.0;0.0
1666890680;0.0;0.0;0.0
1666890740;0.0;0.0;0.0
1666890800;0.0;0.0;0.0
1666890860;0.0;0.0;0.0
1666890920;0.0;0.0;0.0
1666890980;0.0;0.0;0.0
1666891040;0.0;0.0;0.0
1666891100;0.0;0.0;0.0
1666891160;0.0;0.0;0.0
1666891220;0.0;0.0;0.0
1666891280;0.0;0.0;0.0
1666891340;0.0;0.0;0.0
1666891400;0.0;0.0;0.0
1666891460;0.0;0.0;0.0
1666891520;0.0;0.0;0.0
1666891580;0.0;0.0;0.0
1666891640;0.0;0.0;0.0
1666891700;0.0;0.0;0.0
1666891760;0.0;0.0;0.0
1666891820;0.0;0.0;0.0
1666891880;0.0;0.0;0.0
1666891940;0.0;0.0;0.0
1666892000;0.0;0.0;0.0
1666892060;0.0;0.0;0.0
1666892120;0.0;0.0;0.0
1666892180;0.0;0.0;0.0
1666892240;0.0;0.0;0.0
1666892300;0.0;0.0;0.0
1666892360;0.0;0.0;0.0
1666892420;0.0;0.0;0.0
1666892480;0.0;0.0;0.0
1666892540;0.0;0.0;0.0
1666892600;0.0;0.0;0.0
1666892660;0.0;0.0;0.0
1666892720;0.0;0.0;0.0
1666892780;0.0;0.0;0.0
1666892840;0.0;0.0;0.0
1666892900;0.0;0.0;0.0
1666892960;0.0;0.0;0.0
1666893020;0.0;0.0;0.0
1666893080;0.0;0.0;0.0
1666893140;0.0;0.0;0.0
1666893200;0.0;0.0;0.0
1666893260;0.0;0.0;0.0
1666893320;0.0;0.0;0.0
1666893380;0.0;0.0;0.0
1666893440;0.0;0.0;0.0
1666893500;0.0;0.0;0.0
1666893560;0.0;0.0;0.0
1666893620;0.0;0.0;0.0
1666893680;0.0;0.0;0.0
1666893740;0.0;0.0;0.0
1666893800;0.0;0.0;0.0
1666893860;0.0;0.0;0.0
1666893920;0.0;0.0;0.0
1666893980;0.0;0.0;0.0
1666894040;0.0;0.0;0.0
1666894100;0.0;0.0;0.0
1666894160;0.0;0.0;0.0
1666894220;0.0;0.0;0.0
1666894280;0.0;0.0;0.0
1666894340;0.0;0.0;0.0
1666894400;0.0;0.0;0.0
1666894460;0.0;0.0;0.0
1666894520;0.0;0.0;0.0
1666894580;0.0;0.0;0.0
1666894640;0.0;0.0;0.0
1666894700;0.0;0.0;0.0
1666894760;0.0;0.0;0.0
1666894820;0.0;0.0;0.0
1666894880;0.0;0.0;0.0
1666894940;0.0;0.0;0.0
1666895000;0.0;0.0;0.0
1666895060;0.0;0.0;0.0
1666895120;0.0;0.0;0.0
1666895180;0.0;0.0;0.0
1666895240;0.0;0.0;0.0
1666895300;0.0;0.0;0.0
1666895360;0.0;0.0;0.0
1666895420;0.0;0.0;0.0
1666895480;0.0;0.0;0.0
1666895540;0.0;0.0;0.0
1666895600;0.0;0.0;0.0
1666895660;0.0;0.0;0.0
1666895720;0.0;0.0;0.0
1666895780;0.0;0.0;0.0
1666895840;0.0;0.0;0.0
1666895900;0.0;0.0;0.0
1666895960;0.0;0.0;0.0
1666896020;0.0;0.0;0.0
1666896080;0.0;0.0;0.0
1666896140;0.0;0.0;0.0
1666896200;0.0;0.0;0.0
1666896260;0.0;0.0;0.0
1666896320;0.0;0.0;0.0
1666896380;0.0;0.0;0.0
1666896440;0.0;0.0;0.0
1666896500;0.0;0.0;0.0
1666896560;0.0;0.0;0.0
1666896620;0.0;0.0;0.0
1666896680;0.0;0.0;0.0
1666896740;0.0;0.0;0.0
1666896800;0.0;0.0;0.0
1666896860;0.0;0.0;0.0
1666896920;0.0;0.0;0.0
1666896980;0.0;0.0;0.0
1666897040;0.0;0.0;0.0
1666897100;0.0;0.0;0.0
1666897160;0.0;0.0;0.0
1666897220;0.0;0.0;0.0
1666897280;0.0;0.0;0.0
1666897340;0.0;0.0;0.0
1666897400;0.0;0.0;0.0
1666897460;0.0;0.0;0.0
1666897520;0.0;0.0;0.0
1666897580;0.0;0.0;0.0
1666897640;0.0;0.0;0.0
1666897700;0.0;0.0;0.0
1666897760;0.0;0.0;0.0
1666897820;0.0;0.0;0.0
1666897880;0.0;0.0;0.0
1666897940;0.0;0.0;0.0
1666898000;0.0;0.0;0.0
1666898060;0.0;0.0;0.0
1666898120;0.0;0.0;0.0
1666898180;0.0;0.0;0.0
1666898240;0.0;0.0;0.0
1666898300;0.0;0.0;0.0
1666898360;0.0;0.0;0.0
1666898420;0.0;0.0;0.0
1666898480;0.0;0.0;0.0
1666898540;0.0;0.0;0.0
1666898600;0.0;0.0;0.0
1666898660;0.0;0.0;0.0
1666898720;0.0;0.0;0.0
1666898780;0.0;0.0;0.0
1666898840;0.0;0.0;0.0
1666898900;0.0;0.0;0.0
1666898960;0.0;0.0;0.0
1666899020;0.0;0.0;0.0
1666899080;0.0;0.0;0.0
1666899140;0.0;0.0;0.0
1666899200;0.0;0.0;0.0
1666899260;0.0;0.0;0.0
1666899320;0.0;0.0;0.0
1666899380;0.0;0.0;0.0
1666899440;0.0;0.0;0.0
1666899500;0.0;0.0;0.0
1666899560;0.0;0.0;0.0
1666899620;0.0;0.0;0.0
1666899680;0.0;0.0;0.0
1666899740;0.0;0.0;0.0
1666899800;0.0;0.0;0.0
1666899860;0.0;0.0;0.0
1666899920;0.0;0.0;0.0
1666899980;0.0;0.0;0.0
1666900040;0.0;0.0;0.0
1666900100;0.0;0.0;0.0
1666900160;0.0;0.0;0.0
1666900220;0.0;0.0;0.0
1666900280;0.0;0.0;0.0
1666900340;0.0;0.0;0.0
1666900400;0.0;0.0;0.0
1666900460;0.0;0.0;0.0
1666900520;0.0;0.0;0.0
1666900580;0.0;0.0;0.0
1666900640;0.0;0.0;0.0
1666900700;0.0;0.0;0.0
1666900760;0.0;0.0;0.0
1666900820;0.0;0.0;0.0
1666900880;0.0;0.0;0.0
1666900940;0.0;0.0;0.0
1666901000;0.0;0.0;0.0
1666901060;0.0;0.0;0.0
1666901120;0.0;0.0;0.0
1666901180;0.0;0.0;0.0
1666901240;0.0;0.0;0.0
1666901300;0.0;0.0;0.0
1666901360;0.0;0.0;0.0
1666901420;0.0;0.0;0.0
1666901480;0.0;0.0;0.0
1666901540;0.0;0.0;0.0
1666901600;0.0;0.0;0.0
1666901660;0.0;0.0;0.0
1666901720;0.0;0.0;0.0
1666901780;0.0;0.0;0.0
1666901840;0.0;0.0;0.0
1666901900;0.0;0.0;0.0
1666901960;0.0;0.0;0.0
1666902020;0.0;0.0;0.0
1666902080;0.0;0.0;0.0
1666902140;0.0;0.0;0.0
1666902200;0.0;0.0;0.0
1666902260;0.0;0.0;0.0
1666902320;0.0;0.0;0.0
1666902380;0.0;0.0;0.0
1666902440;0.0;0.0;0.0
1666902500;0.0;0.0;0.0
1666902560;0.0;0.0;0.0
1666902620;0.0;0.0;0.0
1666902680;0.0;0.0;0.0
1666902740;0.0;0.0;0.0
1666902800;0.0;0.0;0.0
1666902860;0.0;0.0;0.0
1666902920;0.0;0.0;0.0
1666902980;0.0;0.0;0.0
1666903040;0.0;0.0;0.0
1666903100;0.0;0.0;0.0
1666903160;0.0;0.0;0.0
1666903220;0.0;0.0;0.0
1666903280;0.0;0.0;0.0
1666903340;0.0;0.0;0.0
1666903400;0.0;0.0;0.0
1666903460;0.0;0.0;0.0
1666903520;0.0;0.0;0.0
1666903580;0.0;0.0;0.0
1666903640;0.0;0.0;0.0
1666903700;0.0;0.0;0.0
1666903760;0.0;0.0;0.0
1666903820;0.0;0.0;0.0
1666903880;0.0;0.0;0.0
1666903940;0.0;0.0;0.0
1666904000;0.0;0.0;0.0
1666904060;0.0;0.0;0.0
1666904120;0.0;0.0;0.0
1666904180;0.0;0.0;0.0
1666904240;0.0;0.0;0.0
1666904300;0.0;0.0;0.0
1666904360;0.0;0.0;0.0
1666904420;0.0;0.0;0.0
1666904480;0.0;0.0;0.0
1666904540;0.0;0.0;0.0
1666904600;0.0;0.0;0.0
1666904660;0.0;0.0;0.0
1666904720;0.0;0.0;0.0
1666904780;0.0;0.0;0.0
1666904840;0.0;0.0;0.0
1666904900;0.0;0.0;0.0
1666904960;0.0;0.0;0.0
1666905020;0.0;0.0;0.0
1666905080;0.0;0.0;0.0
1666905140;0.0;0.0;0.0
1666905200;0.0;0.0;0.0
1666905260;0.0;0.0;0.0
1666905320;0.0;0.0;0.0
1666905380;0.0;0.0;0.0
1666905440;0.0;0.0;0.0
1666905500;0.0;0.0;0.0
1666905560;0.0;0.0;0.0
1666905620;0.0;0.0;0.0
1666905680;0.0;0.0;0.0
1666905740;0.0;0.0;0.0
1666905800;0.0;0.0;0.0
1666905860;0.0;0.0;0.0
1666905920;0.0;0.0;0.0
1666905980;0.0;0.0;0.0
1666906040;0.0;0.0;0.0
1666906100;0.0;0.0;0.0
1666906160;0.0;0.0;0.0
1666906220;0.0;0.0;0.0
1666906280;0.0;0.0;0.0
1666906340;0.0;0.0;0.0
1666906400;0.0;0.0;0.0
1666906460;0.0;0.0;0.0
1666906520;0.0;0.0;0.0
1666906580;0.0;0.0;0.0
1666906640;0.0;0.0;0.0
1666906700;0.0;0.0;0.0
1666906760;0.0;0.0;0.0
1666906820;0.0;0.0;0.0
1666906880;0.0;0.0;0.0
1666906940;0.0;0.0;0.0
1666907000;0.0;0.0;0.0
1666907060;0.0;0.0;0.0
1666907120;0.0;0.0;0.0
1666907180;0.0;0.0;0.0
1666907240;0.0;0.0;0.0
1666907300;0.0;0.0;0.0
1666907360;0.0;0.0;0.0
1666907420;0.0;0.0;0.0
1666907480;0.0;0.0;0.0
1666907540;0.0;0.0;0.0
1666907600;0.0;0.0;0.0
1666907660;0.0;0.0;0.0
1666907720;0.0;0.0;0.0
1666907780;0.0;0.0;0.0
1666907840;782.2613182385762;0.016666666666666666;0.016666666666666666
1666907900;0.0;0.0;0.0
1666907960;0.0;0.0;0.0
1666908020;0.0;0.0;0.0
1666908080;0.0;0.0;0.0
1666908140;0.0;0.0;0.0
1666908200;0.0;0.0;0.0
1666908260;0.0;0.0;0.0
1666908320;0.0;0.0;0.0
1666908380;0.0;0.0;0.0
1666908440;0.0;0.0;0.0
1666908500;0.0;0.0;0.0
1666908560;0.0;0.0;0.0
1666908620;225.48882489999136;0.16666666666666666;0.0
1666908680;0.0;0.0;0.0
1666908740;0.0;0.0;0.0
1666908800;0.0;0.0;0.0
1666908860;1459.7619033734004;0.3059647647845384;0.04283506706983537
1666908920;2516.0823532938957;0.527368568548795;0.0738315995968313
1666908980;0.0;0.0;0.0
1666909040;0.0;0.0;0.0
1666909100;3760.1663560271263;2.5;0.43333333333333335
1666909160;2848.9466381073;1.5960686190222013;0.3013377552713916
1666909220;4260.0;2.3865846506523782;0.450587182043169
1666909280;4260.0;2.3865846506523782;0.450587182043169
1666909340;4260.0;2.3865846506523782;0.450587182043169
1666909400;3829.840498661995;2.1177217489364084;0.3946840243282675
1666909460;4262.0;2.250407510096378;0.3995501584505319
1666909520;4262.0;2.250407510096378;0.3995501584505319
1666909580;2699.991208346685;1.4256406598915004;0.2531163573697703
1666909640;0.0;0.0;0.0
1666909700;0.0;0.0;0.0
1666909760;0.0;0.0;0.0
1666909820;0.0;0.0;0.0
1666909880;1124.0429390589397;0.05;0.0
1666909940;0.0;0.0;0.0
1666910000;0.0;0.0;0.0
1666910060;0.0;0.0;0.0
1666910120;0.0;0.0;0.0
1666910180;0.0;0.0;0.0
1666910240;0.0;0.0;0.0
1666910300;0.0;0.0;0.0
1666910360;0.0;0.0;0.0
1666910420;0.0;0.0;0.0
1666910480;0.0;0.0;0.0
1666910540;0.0;0.0;0.0
1666910600;0.0;0.0;0.0
1666910660;0.0;0.0;0.0
1666910720;0.0;0.0;0.0
1666910780;0.0;0.0;0.0
1666910840;0.0;0.0;0.0
1666910900;0.0;0.0;0.0
1666910960;0.0;0.0;0.0
1666911020;0.0;0.0;0.0
1666911080;0.0;0.0;0.0
1666911140;0.0;0.0;0.0
1666911200;0.0;0.0;0.0
1666911260;0.0;0.0;0.0
1666911320;0.0;0.0;0.0
1666911380;0.0;0.0;0.0
1666911440;0.0;0.0;0.0
1666911500;0.0;0.0;0.0
1666911560;0.0;0.0;0.0
1666911620;0.0;0.0;0.0
1666911680;0.0;0.0;0.0
1666911740;0.0;0.0;0.0
1666911800;0.0;0.0;0.0
1666911860;0.0;0.0;0.0
1666911920;0.0;0.0;0.0
1666911980;0.0;0.0;0.0
1666912040;0.0;0.0;0.0
1666912100;0.0;0.0;0.0
1666912160;0.0;0.0;0.0
1666912220;0.0;0.0;0.0
1666912280;0.0;0.0;0.0
1666912340;0.0;0.0;0.0
1666912400;0.0;0.0;0.0
1666912460;0.0;0.0;0.0
1666912520;0.0;0.0;0.0
1666912580;0.0;0.0;0.0
1666912640;0.0;0.0;0.0
1666912700;0.0;0.0;0.0
1666912760;0.0;0.0;0.0
1666912820;0.0;0.0;0.0
1666912880;0.0;0.0;0.0
1666912940;0.0;0.0;0.0
1666913000;0.0;0.0;0.0
1666913060;0.0;0.0;0.0
1666913120;0.0;0.0;0.0
1666913180;0.0;0.0;0.0
1666913240;0.0;0.0;0.0
1666913300;0.0;0.0;0.0
1666913360;0.0;0.0;0.0
1666913420;0.0;0.0;0.0
1666913480;0.0;0.0;0.0
1666913540;0.0;0.0;0.0
1666913600;0.0;0.0;0.0
1666913660;0.0;0.0;0.0
1666913720;0.0;0.0;0.0
1666913780;0.0;0.0;0.0
1666913840;0.0;0.0;0.0
1666913900;0.0;0.0;0.0
1666913960;0.0;0.0;0.0
1666914020;0.0;0.0;0.0
1666914080;0.0;0.0;0.0
1666914140;0.0;0.0;0.0
1666914200;0.0;0.0;0.0
1666914260;0.0;0.0;0.0
1666914320;0.0;0.0;0.0
1666914380;0.0;0.0;0.0
1666914440;0.0;0.0;0.0
1666914500;0.0;0.0;0.0
1666914560;0.0;0.0;0.0
1666914620;0.0;0.0;0.0
1666914680;0.0;0.0;0.0
1666914740;0.0;0.0;0.0
1666914800;0.0;0.0;0.0
1666914860;0.0;0.0;0.0
1666914920;0.0;0.0;0.0
1666914980;0.0;0.0;0.0
1666915040;0.0;0.0;0.0
1666915100;0.0;0.0;0.0
1666915160;0.0;0.0;0.0
1666915220;0.0;0.0;0.0
1666915280;0.0;0.0;0.0
1666915340;0.0;0.0;0.0
1666915400;0.0;0.0;0.0
1666915460;0.0;0.0;0.0
1666915520;0.0;0.0;0.0
1666915580;0.0;0.0;0.0
1666915640;0.0;0.0;0.0
1666915700;0.0;0.0;0.0
1666915760;0.0;0.0;0.0
1666915820;0.0;0.0;0.0
1666915880;0.0;0.0;0.0
1666915940;0.0;0.0;0.0
1666916000;0.0;0.0;0.0
1666916060;0.0;0.0;0.0
1666916120;0.0;0.0;0.0
1666916180;0.0;0.0;0.0
1666916240;0.0;0.0;0.0
1666916300;0.0;0.0;0.0
1666916360;0.0;0.0;0.0
1666916420;0.0;0.0;0.0
1666916480;0.0;0.0;0.0
1666916540;0.0;0.0;0.0
1666916600;0.0;0.0;0.0
1666916660;0.0;0.0;0.0
1666916720;0.0;0.0;0.0
1666916780;0.0;0.0;0.0
1666916840;0.0;0.0;0.0
1666916900;0.0;0.0;0.0
1666916960;0.0;0.0;0.0
1666917020;0.0;0.0;0.0
1666917080;0.0;0.0;0.0
1666917140;0.0;0.0;0.0
1666917200;0.0;0.0;0.0
1666917260;0.0;0.0;0.0
1666917320;0.0;0.0;0.0
1666917380;0.0;0.0;0.0
1666917440;0.0;0.0;0.0
1666917500;0.0;0.0;0.0
1666917560;0.0;0.0;0.0
1666917620;0.0;0.0;0.0
1666917680;0.0;0.0;0.0
1666917740;0.0;0.0;0.0
1666917800;0.0;0.0;0.0
1666917860;0.0;0.0;0.0
1666917920;0.0;0.0;0.0
1666917980;0.0;0.0;0.0
1666918040;0.0;0.0;0.0
1666918100;0.0;0.0;0.0
1666918160;0.0;0.0;0.0
1666918220;0.0;0.0;0.0
1666918280;0.0;0.0;0.0
1666918340;0.0;0.0;0.0
1666918400;0.0;0.0;0.0
1666918460;0.0;0.0;0.0
1666918520;0.0;0.0;0.0
1666918580;0.0;0.0;0.0
1666918640;0.0;0.0;0.0
1666918700;0.0;0.0;0.0
1666918760;0.0;0.0;0.0
1666918820;0.0;0.0;0.0
1666918880;0.0;0.0;0.0
1666918940;0.0;0.0;0.0
1666919000;0.0;0.0;0.0
1666919060;0.0;0.0;0.0
1666919120;0.0;0.0;0.0
1666919180;0.0;0.0;0.0
1666919240;0.0;0.0;0.0
1666919300;0.0;0.0;0.0
1666919360;0.0;0.0;0.0
1666919420;0.0;0.0;0.0
1666919480;0.0;0.0;0.0
1666919540;0.0;0.0;0.0
1666919600;0.0;0.0;0.0
1666919660;0.0;0.0;0.0
1666919720;0.0;0.0;0.0
1666919780;0.0;0.0;0.0
1666919840;0.0;0.0;0.0
1666919900;0.0;0.0;0.0
1666919960;0.0;0.0;0.0
1666920020;0.0;0.0;0.0
1666920080;0.0;0.0;0.0
1666920140;0.0;0.0;0.0
1666920200;0.0;0.0;0.0
1666920260;0.0;0.0;0.0
1666920320;0.0;0.0;0.0
1666920380;0.0;0.0;0.0
1666920440;0.0;0.0;0.0
1666920500;0.0;0.0;0.0
1666920560;0.0;0.0;0.0
1666920620;0.0;0.0;0.0
1666920680;0.0;0.0;0.0
1666920740;0.0;0.0;0.0
1666920800;0.0;0.0;0.0
1666920860;0.0;0.0;0.0
1666920920;0.0;0.0;0.0
1666920980;0.0;0.0;0.0
1666921040;0.0;0.0;0.0
1666921100;0.0;0.0;0.0
1666921160;0.0;0.0;0.0
1666921220;0.0;0.0;0.0
1666921280;0.0;0.0;0.0
1666921340;0.0;0.0;0.0
1666921400;0.0;0.0;0.0
1666921460;0.0;0.0;0.0
1666921520;0.0;0.0;0.0
1666921580;0.0;0.0;0.0
1666921640;0.0;0.0;0.0
1666921700;0.0;0.0;0.0
1666921760;0.0;0.0;0.0
1666921820;0.0;0.0;0.0
1666921880;0.0;0.0;0.0
1666921940;0.0;0.0;0.0
1666922000;0.0;0.0;0.0
1666922060;0.0;0.0;0.0
1666922120;0.0;0.0;0.0
1666922180;0.0;0.0;0.0
1666922240;0.0;0.0;0.0
1666922300;0.0;0.0;0.0
1666922360;0.0;0.0;0.0
1666922420;0.0;0.0;0.0
1666922480;0.0;0.0;0.0
1666922540;0.0;0.0;0.0
1666922600;0.0;0.0;0.0
1666922660;0.0;0.0;0.0
1666922720;0.0;0.0;0.0
1666922780;0.0;0.0;0.0
1666922840;0.0;0.0;0.0
1666922900;0.0;0.0;0.0
1666922960;0.0;0.0;0.0
1666923020;0.0;0.0;0.0
1666923080;0.0;0.0;0.0
1666923140;0.0;0.0;0.0
1666923200;0.0;0.0;0.0
1666923260;0.0;0.0;0.0
1666923320;0.0;0.0;0.0
1666923380;0.0;0.0;0.0
1666923440;0.0;0.0;0.0
1666923500;0.0;0.0;0.0
1666923560;0.0;0.0;0.0
1666923620;0.0;0.0;0.0
1666923680;0.0;0.0;0.0
1666923740;0.0;0.0;0.0
1666923800;0.0;0.0;0.0
1666923860;0.0;0.0;0.0
1666923920;0.0;0.0;0.0
1666923980;0.0;0.0;0.0
1666924040;0.0;0.0;0.0
1666924100;0.0;0.0;0.0
1666924160;0.0;0.0;0.0
1666924220;0.0;0.0;0.0
1666924280;0.0;0.0;0.0
1666924340;0.0;0.0;0.0
1666924400;0.0;0.0;0.0
1666924460;0.0;0.0;0.0
1666924520;0.0;0.0;0.0
1666924580;0.0;0.0;0.0
1666924640;0.0;0.0;0.0
1666924700;0.0;0.0;0.0
1666924760;0.0;0.0;0.0
1666924820;0.0;0.0;0.0
1666924880;0.0;0.0;0.0
1666924940;0.0;0.0;0.0
1666925000;0.0;0.0;0.0
1666925060;0.0;0.0;0.0
1666925120;0.0;0.0;0.0
1666925180;0.0;0.0;0.0
1666925240;0.0;0.0;0.0
1666925300;0.0;0.0;0.0
1666925360;0.0;0.0;0.0
1666925420;0.0;0.0;0.0
1666925480;0.0;0.0;0.0
1666925540;0.0;0.0;0.0
1666925600;0.0;0.0;0.0
1666925660;0.0;0.0;0.0
1666925720;0.0;0.0;0.0
1666925780;0.0;0.0;0.0
1666925840;0.0;0.0;0.0
1666925900;0.0;0.0;0.0
1666925960;0.0;0.0;0.0
1666926020;0.0;0.0;0.0
1666926080;0.0;0.0;0.0
1666926140;0.0;0.0;0.0
1666926200;0.0;0.0;0.0
1666926260;0.0;0.0;0.0
1666926320;0.0;0.0;0.0
1666926380;0.0;0.0;0.0
1666926440;0.0;0.0;0.0
1666926500;0.0;0.0;0.0
1666926560;0.0;0.0;0.0
1666926620;0.0;0.0;0.0
1666926680;0.0;0.0;0.0
1666926740;0.0;0.0;0.0
1666926800;0.0;0.0;0.0
1666926860;0.0;0.0;0.0
1666926920;0.0;0.0;0.0
1666926980;0.0;0.0;0.0
1666927040;0.0;0.0;0.0
1666927100;0.0;0.0;0.0
1666927160;0.0;0.0;0.0
1666927220;0.0;0.0;0.0
1666927280;0.0;0.0;0.0
1666927340;0.0;0.0;0.0
1666927400;0.0;0.0;0.0
1666927460;0.0;0.0;0.0
1666927520;0.0;0.0;0.0
1666927580;0.0;0.0;0.0
1666927640;0.0;0.0;0.0
1666927700;0.0;0.0;0.0
1666927760;0.0;0.0;0.0
1666927820;0.0;0.0;0.0
1666927880;0.0;0.0;0.0
1666927940;0.0;0.0;0.0
1666928000;0.0;0.0;0.0
1666928060;0.0;0.0;0.0
1666928120;0.0;0.0;0.0
1666928180;0.0;0.0;0.0
1666928240;0.0;0.0;0.0
1666928300;0.0;0.0;0.0
1666928360;0.0;0.0;0.0
1666928420;0.0;0.0;0.0
1666928480;0.0;0.0;0.0
1666928540;0.0;0.0;0.0
1666928600;0.0;0.0;0.0
1666928660;0.0;0.0;0.0
1666928720;0.0;0.0;0.0
1666928780;0.0;0.0;0.0
1666928840;0.0;0.0;0.0
1666928900;0.0;0.0;0.0
1666928960;0.0;0.0;0.0
1666929020;0.0;0.0;0.0
1666929080;0.0;0.0;0.0
1666929140;0.0;0.0;0.0
1666929200;0.0;0.0;0.0
1666929260;0.0;0.0;0.0
1666929320;0.0;0.0;0.0
1666929380;0.0;0.0;0.0
1666929440;0.0;0.0;0.0
1666929500;0.0;0.0;0.0
1666929560;0.0;0.0;0.0
1666929620;0.0;0.0;0.0
1666929680;0.0;0.0;0.0
1666929740;0.0;0.0;0.0
1666929800;0.0;0.0;0.0
1666929860;0.0;0.0;0.0
1666929920;0.0;0.0;0.0
1666929980;0.0;0.0;0.0
1666930040;0.0;0.0;0.0
1666930100;0.0;0.0;0.0
1666930160;0.0;0.0;0.0
1666930220;0.0;0.0;0.0
1666930280;0.0;0.0;0.0
1666930340;0.0;0.0;0.0
1666930400;0.0;0.0;0.0
1666930460;0.0;0.0;0.0
1666930520;0.0;0.0;0.0
1666930580;0.0;0.0;0.0
1666930640;0.0;0.0;0.0
1666930700;0.0;0.0;0.0
1666930760;0.0;0.0;0.0
1666930820;0.0;0.0;0.0
1666930880;0.0;0.0;0.0
1666930940;0.0;0.0;0.0
1666931000;0.0;0.0;0.0
1666931060;0.0;0.0;0.0
1666931120;0.0;0.0;0.0
1666931180;0.0;0.0;0.0
1666931240;0.0;0.0;0.0
1666931300;0.0;0.0;0.0
1666931360;0.0;0.0;0.0
1666931420;0.0;0.0;0.0
1666931480;0.0;0.0;0.0
1666931540;0.0;0.0;0.0
1666931600;0.0;0.0;0.0
1666931660;0.0;0.0;0.0
1666931720;0.0;0.0;0.0
1666931780;0.0;0.0;0.0
1666931840;0.0;0.0;0.0
1666931900;0.0;0.0;0.0
1666931960;0.0;0.0;0.0
1666932020;0.0;0.0;0.0
1666932080;0.0;0.0;0.0
1666932140;0.0;0.0;0.0
1666932200;0.0;0.0;0.0
1666932260;0.0;0.0;0.0
1666932320;0.0;0.0;0.0
1666932380;0.0;0.0;0.0
1666932440;0.0;0.0;0.0
1666932500;0.0;0.0;0.0
1666932560;0.0;0.0;0.0
1666932620;0.0;0.0;0.0
1666932680;0.0;0.0;0.0
1666932740;0.0;0.0;0.0
1666932800;0.0;0.0;0.0
1666932860;0.0;0.0;0.0
1666932920;0.0;0.0;0.0
1666932980;0.0;0.0;0.0
1666933040;0.0;0.0;0.0
1666933100;0.0;0.0;0.0
1666933160;0.0;0.0;0.0
1666933220;0.0;0.0;0.0
1666933280;0.0;0.0;0.0
1666933340;0.0;0.0;0.0
1666933400;0.0;0.0;0.0
1666933460;0.0;0.0;0.0
1666933520;0.0;0.0;0.0
1666933580;0.0;0.0;0.0
1666933640;0.0;0.0;0.0
1666933700;0.0;0.0;0.0
1666933760;0.0;0.0;0.0
1666933820;0.0;0.0;0.0
1666933880;0.0;0.0;0.0
1666933940;0.0;0.0;0.0
1666934000;0.0;0.0;0.0
1666934060;0.0;0.0;0.0
1666934120;0.0;0.0;0.0
1666934180;0.0;0.0;0.0
1666934240;0.0;0.0;0.0
1666934300;0.0;0.0;0.0
1666934360;0.0;0.0;0.0
1666934420;0.0;0.0;0.0
1666934480;0.0;0.0;0.0
1666934540;0.0;0.0;0.0
1666934600;0.0;0.0;0.0
1666934660;0.0;0.0;0.0
1666934720;0.0;0.0;0.0
1666934780;0.0;0.0;0.0
1666934840;0.0;0.0;0.0
1666934900;0.0;0.0;0.0
1666934960;0.0;0.0;0.0
1666935020;0.0;0.0;0.0
1666935080;0.0;0.0;0.0
1666935140;0.0;0.0;0.0
1666935200;0.0;0.0;0.0
1666935260;0.0;0.0;0.0
1666935320;0.0;0.0;0.0
1666935380;0.0;0.0;0.0
1666935440;0.0;0.0;0.0
1666935500;0.0;0.0;0.0
1666935560;0.0;0.0;0.0
1666935620;0.0;0.0;0.0
1666935680;0.0;0.0;0.0
1666935740;0.0;0.0;0.0
1666935800;0.0;0.0;0.0
1666935860;0.0;0.0;0.0
1666935920;0.0;0.0;0.0
1666935980;0.0;0.0;0.0
1666936040;0.0;0.0;0.0
1666936100;0.0;0.0;0.0
1666936160;0.0;0.0;0.0
1666936220;0.0;0.0;0.0
1666936280;0.0;0.0;0.0
1666936340;0.0;0.0;0.0
1666936400;0.0;0.0;0.0
1666936460;0.0;0.0;0.0
1666936520;0.0;0.0;0.0
1666936580;0.0;0.0;0.0
1666936640;0.0;0.0;0.0
1666936700;0.0;0.0;0.0
1666936760;0.0;0.0;0.0
1666936820;0.0;0.0;0.0
1666936880;0.0;0.0;0.0
1666936940;0.0;0.0;0.0
1666937000;0.0;0.0;0.0
1666937060;0.0;0.0;0.0
1666937120;0.0;0.0;0.0
1666937180;0.0;0.0;0.0
1666937240;0.0;0.0;0.0
1666937300;0.0;0.0;0.0
1666937360;0.0;0.0;0.0
1666937420;0.0;0.0;0.0
1666937480;0.0;0.0;0.0
1666937540;0.0;0.0;0.0
1666937600;0.0;0.0;0.0
1666937660;0.0;0.0;0.0
1666937720;0.0;0.0;0.0
1666937780;0.0;0.0;0.0
1666937840;0.0;0.0;0.0
1666937900;0.0;0.0;0.0
1666937960;0.0;0.0;0.0
1666938020;0.0;0.0;0.0
1666938080;0.0;0.0;0.0
1666938140;0.0;0.0;0.0
1666938200;0.0;0.0;0.0
1666938260;0.0;0.0;0.0
1666938320;0.0;0.0;0.0
1666938380;0.0;0.0;0.0
1666938440;0.0;0.0;0.0
1666938500;0.0;0.0;0.0
1666938560;0.0;0.0;0.0
1666938620;0.0;0.0;0.0
1666938680;0.0;0.0;0.0
1666938740;0.0;0.0;0.0
1666938800;0.0;0.0;0.0
1666938860;0.0;0.0;0.0
1666938920;0.0;0.0;0.0
1666938980;0.0;0.0;0.0
1666939040;107.50753698348998;0.004630451032972153;0.004630451032972153
1666939100;2818.1895475864408;0.698772174161588;0.10128027576850022
1666939160;4309.0;1.0870127377365837;0.142559047572011
1666939220;4309.0;1.0870127377365837;0.142559047572011
1666939280;4309.0;1.0870127377365837;0.142559047572011
1666939340;4309.0;1.0870127377365837;0.142559047572011
1666939400;4309.0;1.0870127377365837;0.142559047572011
1666939460;4309.0;1.0870127377365837;0.142559047572011
1666939520;4309.0;1.0870127377365837;0.142559047572011
1666939580;4309.091539430618;0.9926554212875875;0.12950927352778394
1666939640;4310.795134778818;1.4106082119061318;0.17385126552326452
1666939700;4156.3596682627995;1.4765617367677788;0.18441398397695122
1666939760;4313.0;0.3723425359117591;0.05217538719782611
1666939820;4313.0;0.3723425359117591;0.05217538719782611
1666939880;4313.0;0.3723425359117591;0.05217538719782611
1666939940;4313.0;0.3723425359117591;0.05217538719782611
1666940000;4313.0;0.3723425359117591;0.05217538719782611
1666940060;4313.0;0.3723425359117591;0.05217538719782611
1666940120;3748.7147261977193;0.32362762521729993;0.04534909397949426
1666940180;0.0;0.0;0.0
1666940240;0.0;0.0;0.0
1666940300;32.71093311309814;0.016666666666666666;0.016666666666666666
1666940360;0.0;0.0;0.0
1666940420;3801.0543450514474;0.9087794588137847;0.12898805221873072
1666940480;4321.0;1.0330912649661719;0.14663230857584375
1666940540;4321.0;1.0330912649661719;0.14663230857584375
1666940600;4321.0;1.0330912649661719;0.14663230857584375
1666940660;4321.0;1.0330912649661719;0.14663230857584375
1666940720;4321.0;1.0330912649661719;0.14663230857584375
1666940780;4321.0;1.0330912649661719;0.14663230857584375
1666940840;4321.0;1.0330912649661719;0.14663230857584375
1666940900;4321.0;1.0330912649661719;0.14663230857584375
1666940960;4321.0;1.0330912649661719;0.14663230857584375
1666941020;4321.877326917648;1.312363487590012;0.18318673091214757
1666941080;4322.0;1.3514129954477039;0.18829798826829905
1666941140;4322.0;1.3514129954477039;0.18829798826829905
1666941200;4322.0;1.3514129954477039;0.18829798826829905
1666941260;4322.0;1.3514129954477039;0.18829798826829905
1666941320;4322.0;1.3514129954477039;0.18829798826829905
1666941380;4322.0;1.3514129954477039;0.18829798826829905
1666941440;4322.0;1.3514129954477039;0.18829798826829905
1666941500;4322.0;1.3514129954477039;0.18829798826829905
1666941560;4322.0;1.3514129954477039;0.18829798826829905
1666941620;4322.875449836254;0.8574133305206075;0.11562443720581735
1666941680;4323.0;0.7871320458494663;0.10528517810725345
1666941740;4323.0;0.7871320458494663;0.10528517810725345
1666941800;4323.0;0.7871320458494663;0.10528517810725345
1666941860;4323.0;0.7871320458494663;0.10528517810725345
1666941920;4323.0;0.7871320458494663;0.10528517810725345
1666941980;4323.0;0.7871320458494663;0.10528517810725345
1666942040;4323.0;0.7871320458494663;0.10528517810725345
1666942100;4323.0;0.7871320458494663;0.10528517810725345
1666942160;4323.0;0.7871320458494663;0.10528517810725345
1666942220;421.33648200035094;0.07671696670551771;0.010261505100738038
1666942280;0.0;0.0;0.0
1666942340;3189.9135303497314;1.29276429329557;0.1997908453274972
1666942400;4259.889344580968;0.8558210235204643;0.11044898594117375
1666942460;2952.91057779789;0.23060857763138987;0.014052107502141416
1666942520;4332.0;0.3281248633557152;0.013962760142796392
1666942580;3644.0248049736024;0.27601457553019393;0.01174530108639123
1666942640;0.0;0.0;0.0
1666942700;0.0;0.0;0.0
1666942760;612.2765871683757;0.00288816468140764;0.00288816468140764
1666942820;4157.953362659613;0.2616538205621231;0.04903662919662331
1666942880;4337.0;0.8690810519917487;0.12361928756779184
1666942940;4337.0;0.8690810519917487;0.12361928756779184
1666943000;4337.0;0.8690810519917487;0.12361928756779184
1666943060;4337.0;0.8690810519917487;0.12361928756779184
1666943120;710.9578390836716;0.14246714012280787;0.02026472251746836
1666943180;0.0;0.0;0.0
1666943240;0.0;0.0;0.0
1666943300;0.0;0.0;0.0
1666943360;4026.98829921484;0.40847334305138067;0.05584733430513807
1666943420;4343.0;0.4264120617434073;0.04264120617434073
1666943480;153.94190940062205;0.01511459520521208;0.001511459520521208
1666943540;0.0;0.0;0.0
1666943600;0.0;0.0;0.0
1666943660;0.0;0.0;0.0
1666943720;0.0;0.0;0.0
1666943780;0.0;0.0;0.0
1666943840;0.0;0.0;0.0
1666943900;0.0;0.0;0.0
1666943960;0.0;0.0;0.0
1666944020;0.0;0.0;0.0
1666944080;0.0;0.0;0.0
1666944140;0.0;0.0;0.0
1666944200;0.0;0.0;0.0
1666944260;0.0;0.0;0.0
1666944320;0.0;0.0;0.0
1666944380;0.0;0.0;0.0
1666944440;0.0;0.0;0.0
1666944500;0.0;0.0;0.0
1666944560;17.660148767630258;0.016666666666666666;0.016666666666666666
1666944620;0.0;0.0;0.0
1666944680;0.0;0.0;0.0
1666944740;0.0;0.0;0.0
1666944800;0.0;0.0;0.0
1666944860;0.0;0.0;0.0
1666944920;0.0;0.0;0.0
1666944980;0.0;0.0;0.0
1666945040;0.0;0.0;0.0
1666945100;0.0;0.0;0.0
1666945160;0.0;0.0;0.0
1666945220;17.938316226005554;0.01666666666666667;0.01666666666666667
1666945280;0.0;0.0;0.0
1666945340;0.0;0.0;0.0
1666945400;0.0;0.0;0.0
1666945460;0.0;0.0;0.0
1666945520;0.0;0.0;0.0
1666945580;0.0;0.0;0.0
1666945640;0.0;0.0;0.0
1666945700;0.0;0.0;0.0
1666945760;0.0;0.0;0.0
1666945820;0.0;0.0;0.0
1666945880;0.0;0.0;0.0
1666945940;0.0;0.0;0.0
1666946000;0.0;0.0;0.0
1666946060;0.0;0.0;0.0
1666946120;0.0;0.0;0.0
1666946180;0.0;0.0;0.0
1666946240;0.0;0.0;0.0
1666946300;0.0;0.0;0.0
1666946360;0.0;0.0;0.0
1666946420;0.0;0.0;0.0
1666946480;0.0;0.0;0.0
1666946540;0.0;0.0;0.0
1666946600;0.0;0.0;0.0
1666946660;0.0;0.0;0.0
1666946720;0.0;0.0;0.0
1666946780;0.0;0.0;0.0
1666946840;1374.1378264665602;0.001065367257937958;0.001065367257937958
1666946900;4379.0;0.0033950329673308405;0.0033950329673308405
1666946960;4379.0;0.0033950329673308405;0.0033950329673308405
1666947020;4379.0;0.0033950329673308405;0.0033950329673308405
1666947080;4379.0;0.0033950329673308405;0.0033950329673308405
1666947140;2906.501090884208;0.2520211675394054;0.018687834206072017
1666947200;0.0;0.0;0.0
1666947260;0.0;0.0;0.0
1666947320;0.0;0.0;0.0
1666947380;0.0;0.0;0.0
1666947440;0.0;0.0;0.0
1666947500;0.0;0.0;0.0
1666947560;0.0;0.0;0.0
1666947620;0.0;0.0;0.0
1666947680;0.0;0.0;0.0
1666947740;0.0;0.0;0.0
1666947800;0.0;0.0;0.0
1666947860;0.0;0.0;0.0
1666947920;0.0;0.0;0.0
1666947980;19.089886486530304;0.016666666666666666;0.016666666666666666
1666948040;0.0;0.0;0.0
1666948100;2706.9217597484585;0.5725961524015579;0.07525137187760346
1666948160;4397.0;0.7271825286044982;0.1094421865792723
1666948220;4397.0;0.7271825286044982;0.1094421865792723
1666948280;4397.0;0.7271825286044982;0.1094421865792723
1666948340;4397.0;0.7271825286044982;0.1094421865792723
1666948400;4397.0;0.7271825286044982;0.1094421865792723
1666948460;4397.0;0.7271825286044982;0.1094421865792723
1666948520;1396.6212630669274;0.2309753426381206;0.034762175313429525
1666948580;0.0;0.0;0.0
1666948640;0.0;0.0;0.0
1666948700;0.0;0.0;0.0
1666948760;0.0;0.0;0.0
1666948820;0.0;0.0;0.0
1666948880;2894.6217751185095;0.4309916880312197;0.0730374178727283
1666948940;4404.0;0.6343243802322319;0.08630263676629005
1666949000;4404.0;0.6343243802322319;0.08630263676629005
1666949060;4404.0;0.6343243802322319;0.08630263676629005
1666949120;921.3249758243561;0.13270183793875132;0.018054671828401536
1666949180;0.0;0.0;0.0
1666949240;0.0;0.0;0.0
1666949300;0.0;0.0;0.0
1666949360;0.0;0.0;0.0
1666949420;0.0;0.0;0.0
1666949480;0.0;0.0;0.0
1666949540;0.0;0.0;0.0
1666949600;0.0;0.0;0.0
1666949660;0.0;0.0;0.0
1666949720;0.0;0.0;0.0
1666949780;0.0;0.0;0.0
1666949840;0.0;0.0;0.0
1666949900;0.0;0.0;0.0
1666949960;0.0;0.0;0.0
1666950020;0.0;0.0;0.0
1666950080;0.0;0.0;0.0
1666950140;0.0;0.0;0.0
1666950200;0.0;0.0;0.0
1666950260;0.0;0.0;0.0
1666950320;0.0;0.0;0.0
1666950380;0.0;0.0;0.0
1666950440;0.0;0.0;0.0
1666950500;0.0;0.0;0.0
1666950560;0.0;0.0;0.0
1666950620;0.0;0.0;0.0
1666950680;0.0;0.0;0.0
1666950740;0.0;0.0;0.0
1666950800;0.0;0.0;0.0
1666950860;0.0;0.0;0.0
1666950920;0.0;0.0;0.0
1666950980;0.0;0.0;0.0
1666951040;0.0;0.0;0.0
1666951100;0.0;0.0;0.0
1666951160;0.0;0.0;0.0
1666951220;0.0;0.0;0.0
1666951280;0.0;0.0;0.0
1666951340;0.0;0.0;0.0
1666951400;0.0;0.0;0.0
1666951460;0.0;0.0;0.0
1666951520;0.0;0.0;0.0
1666951580;0.0;0.0;0.0
1666951640;0.0;0.0;0.0
1666951700;0.0;0.0;0.0
1666951760;0.0;0.0;0.0
1666951820;0.0;0.0;0.0
1666951880;0.0;0.0;0.0
1666951940;0.0;0.0;0.0
1666952000;0.0;0.0;0.0
1666952060;0.0;0.0;0.0
1666952120;0.0;0.0;0.0
1666952180;0.0;0.0;0.0
1666952240;0.0;0.0;0.0
1666952300;0.0;0.0;0.0
1666952360;0.0;0.0;0.0
1666952420;0.0;0.0;0.0
1666952480;0.0;0.0;0.0
1666952540;0.0;0.0;0.0
1666952600;24.461634635925293;0.016666666666666666;0.016666666666666666
1666952660;195.60549638271334;0.05;0.0
1666952720;0.0;0.0;0.0
1666952780;0.0;0.0;0.0
1666952840;0.0;0.0;0.0
1666952900;0.0;0.0;0.0
1666952960;0.0;0.0;0.0
1666953020;0.0;0.0;0.0
1666953080;0.0;0.0;0.0
1666953140;0.0;0.0;0.0
1666953200;0.0;0.0;0.0
1666953260;0.0;0.0;0.0
1666953320;0.0;0.0;0.0
1666953380;0.0;0.0;0.0
1666953440;2006.7807025432587;0.0008272869261362235;0.0008272869261362235
1666953500;4452.0;0.0018353183237664074;0.0018353183237664074
1666953560;4452.0;0.0018353183237664074;0.0018353183237664074
1666953620;4452.0;0.0018353183237664074;0.0018353183237664074
1666953680;4452.0;0.0018353183237664074;0.0018353183237664074
1666953740;4452.0;0.0018353183237664074;0.0018353183237664074
1666953800;4452.0;0.0018353183237664074;0.0018353183237664074
1666953860;4452.0;0.0018353183237664074;0.0018353183237664074
1666953920;4452.0;0.0018353183237664074;0.0018353183237664074
1666953980;2806.173250102997;0.0011568331503991832;0.0011568331503991832
1666954040;0.0;0.0;0.0
1666954100;0.0;0.0;0.0
1666954160;0.0;0.0;0.0
1666954220;0.0;0.0;0.0
1666954280;0.0;0.0;0.0
1666954340;0.0;0.0;0.0
1666954400;0.0;0.0;0.0
1666954460;0.0;0.0;0.0
1666954520;0.0;0.0;0.0
1666954580;0.0;0.0;0.0
1666954640;0.0;0.0;0.0
1666954700;0.0;0.0;0.0
1666954760;0.0;0.0;0.0
1666954820;0.0;0.0;0.0
1666954880;0.0;0.0;0.0
1666954940;0.0;0.0;0.0
1666955000;0.0;0.0;0.0
1666955060;0.0;0.0;0.0
1666955120;0.0;0.0;0.0
1666955180;0.0;0.0;0.0
1666955240;0.0;0.0;0.0
1666955300;0.0;0.0;0.0
1666955360;0.0;0.0;0.0
1666955420;0.0;0.0;0.0
1666955480;19.415860493977867;0.01666666666666667;0.01666666666666667
1666955540;0.0;0.0;0.0
1666955600;0.0;0.0;0.0
1666955660;0.0;0.0;0.0
1666955720;0.0;0.0;0.0
1666955780;0.0;0.0;0.0
1666955840;0.0;0.0;0.0
1666955900;0.0;0.0;0.0
1666955960;0.0;0.0;0.0
1666956020;0.0;0.0;0.0
1666956080;0.0;0.0;0.0
1666956140;194.97598614692689;0.016518757508144896;0.0
1666956200;3765.9282743652666;0.10422316459591015;0.0
1666956260;4487.0;0.007076904453146022;0.0
1666956320;3496.386318103472;0.005514506776132223;0.0
1666956380;0.0;0.0;0.0
1666956440;0.0;0.0;0.0
1666956500;0.0;0.0;0.0
1666956560;0.0;0.0;0.0
1666956620;0.0;0.0;0.0
1666956680;0.0;0.0;0.0
1666956740;0.0;0.0;0.0
1666956800;0.0;0.0;0.0
1666956860;0.0;0.0;0.0
1666956920;0.0;0.0;0.0
1666956980;0.0;0.0;0.0
1666957040;0.0;0.0;0.0
1666957100;0.0;0.0;0.0
1666957160;0.0;0.0;0.0
1666957220;0.0;0.0;0.0
1666957280;0.0;0.0;0.0
1666957340;0.0;0.0;0.0
1666957400;0.0;0.0;0.0
1666957460;0.0;0.0;0.0
1666957520;0.0;0.0;0.0
1666957580;0.0;0.0;0.0
1666957640;0.0;0.0;0.0
1666957700;0.0;0.0;0.0
1666957760;0.0;0.0;0.0
1666957820;0.0;0.0;0.0
1666957880;0.0;0.0;0.0
1666957940;0.0;0.0;0.0
1666958000;0.0;0.0;0.0
1666958060;0.0;0.0;0.0
1666958120;0.0;0.0;0.0
1666958180;0.0;0.0;0.0
1666958240;0.0;0.0;0.0
1666958300;0.0;0.0;0.0
1666958360;0.0;0.0;0.0
1666958420;0.0;0.0;0.0
1666958480;0.0;0.0;0.0
1666958540;0.0;0.0;0.0
1666958600;0.0;0.0;0.0
1666958660;0.0;0.0;0.0
1666958720;0.0;0.0;0.0
1666958780;0.0;0.0;0.0
1666958840;0.0;0.0;0.0
1666958900;0.0;0.0;0.0
1666958960;0.0;0.0;0.0
1666959020;0.0;0.0;0.0
1666959080;0.0;0.0;0.0
1666959140;0.0;0.0;0.0
1666959200;0.0;0.0;0.0
1666959260;0.0;0.0;0.0
1666959320;0.0;0.0;0.0
1666959380;0.0;0.0;0.0
1666959440;0.0;0.0;0.0
1666959500;0.0;0.0;0.0
1666959560;0.0;0.0;0.0
1666959620;0.0;0.0;0.0
1666959680;0.0;0.0;0.0
1666959740;0.0;0.0;0.0
1666959800;0.0;0.0;0.0
1666959860;0.0;0.0;0.0
1666959920;0.0;0.0;0.0
1666959980;0.0;0.0;0.0
1666960040;0.0;0.0;0.0
1666960100;0.0;0.0;0.0
1666960160;0.0;0.0;0.0
1666960220;0.0;0.0;0.0
1666960280;0.0;0.0;0.0
1666960340;0.0;0.0;0.0
1666960400;0.0;0.0;0.0
1666960460;0.0;0.0;0.0
1666960520;0.0;0.0;0.0
1666960580;0.0;0.0;0.0
1666960640;0.0;0.0;0.0
1666960700;0.0;0.0;0.0
1666960760;0.0;0.0;0.0
1666960820;0.0;0.0;0.0
1666960880;0.0;0.0;0.0
1666960940;0.0;0.0;0.0
1666961000;0.0;0.0;0.0
1666961060;0.0;0.0;0.0
1666961120;0.0;0.0;0.0
1666961180;0.0;0.0;0.0
1666961240;0.0;0.0;0.0
1666961300;0.0;0.0;0.0
1666961360;0.0;0.0;0.0
1666961420;0.0;0.0;0.0
1666961480;0.0;0.0;0.0
1666961540;0.0;0.0;0.0
1666961600;0.0;0.0;0.0
1666961660;0.0;0.0;0.0
1666961720;0.0;0.0;0.0
1666961780;0.0;0.0;0.0
1666961840;0.0;0.0;0.0
1666961900;0.0;0.0;0.0
1666961960;0.0;0.0;0.0
1666962020;0.0;0.0;0.0
1666962080;0.0;0.0;0.0
1666962140;0.0;0.0;0.0
1666962200;0.0;0.0;0.0
1666962260;0.0;0.0;0.0
1666962320;0.0;0.0;0.0
1666962380;0.0;0.0;0.0
1666962440;0.0;0.0;0.0
1666962500;0.0;0.0;0.0
1666962560;0.0;0.0;0.0
1666962620;0.0;0.0;0.0
1666962680;0.0;0.0;0.0
1666962740;0.0;0.0;0.0
1666962800;0.0;0.0;0.0
1666962860;0.0;0.0;0.0
1666962920;0.0;0.0;0.0
1666962980;0.0;0.0;0.0
1666963040;0.0;0.0;0.0
1666963100;0.0;0.0;0.0
1666963160;0.0;0.0;0.0
1666963220;0.0;0.0;0.0
1666963280;0.0;0.0;0.0
1666963340;0.0;0.0;0.0
1666963400;0.0;0.0;0.0
1666963460;0.0;0.0;0.0
1666963520;0.0;0.0;0.0
1666963580;0.0;0.0;0.0
1666963640;0.0;0.0;0.0
1666963700;0.0;0.0;0.0
1666963760;0.0;0.0;0.0
1666963820;0.0;0.0;0.0
1666963880;0.0;0.0;0.0
1666963940;0.0;0.0;0.0
1666964000;0.0;0.0;0.0
1666964060;0.0;0.0;0.0
1666964120;0.0;0.0;0.0
1666964180;0.0;0.0;0.0
1666964240;0.0;0.0;0.0
1666964300;0.0;0.0;0.0
1666964360;0.0;0.0;0.0
1666964420;0.0;0.0;0.0
1666964480;0.0;0.0;0.0
1666964540;0.0;0.0;0.0
1666964600;0.0;0.0;0.0
1666964660;0.0;0.0;0.0
1666964720;0.0;0.0;0.0
1666964780;0.0;0.0;0.0
1666964840;0.0;0.0;0.0
1666964900;0.0;0.0;0.0
1666964960;0.0;0.0;0.0
1666965020;0.0;0.0;0.0
1666965080;0.0;0.0;0.0
1666965140;0.0;0.0;0.0
1666965200;0.0;0.0;0.0
1666965260;0.0;0.0;0.0
1666965320;0.0;0.0;0.0
1666965380;0.0;0.0;0.0
1666965440;0.0;0.0;0.0
1666965500;0.0;0.0;0.0
1666965560;0.0;0.0;0.0
1666965620;0.0;0.0;0.0
1666965680;0.0;0.0;0.0
1666965740;0.0;0.0;0.0
1666965800;0.0;0.0;0.0
1666965860;0.0;0.0;0.0
1666965920;0.0;0.0;0.0
1666965980;0.0;0.0;0.0
1666966040;0.0;0.0;0.0
1666966100;0.0;0.0;0.0
1666966160;0.0;0.0;0.0
1666966220;0.0;0.0;0.0
1666966280;0.0;0.0;0.0
1666966340;0.0;0.0;0.0
1666966400;0.0;0.0;0.0
1666966460;0.0;0.0;0.0
1666966520;0.0;0.0;0.0
1666966580;0.0;0.0;0.0
1666966640;0.0;0.0;0.0
1666966700;0.0;0.0;0.0
1666966760;0.0;0.0;0.0
1666966820;0.0;0.0;0.0
1666966880;0.0;0.0;0.0
1666966940;0.0;0.0;0.0
1666967000;0.0;0.0;0.0
1666967060;0.0;0.0;0.0
1666967120;0.0;0.0;0.0
1666967180;0.0;0.0;0.0
1666967240;0.0;0.0;0.0
1666967300;0.0;0.0;0.0
1666967360;0.0;0.0;0.0
1666967420;0.0;0.0;0.0
1666967480;0.0;0.0;0.0
1666967540;0.0;0.0;0.0
1666967600;0.0;0.0;0.0
1666967660;0.0;0.0;0.0
1666967720;0.0;0.0;0.0
1666967780;0.0;0.0;0.0
1666967840;0.0;0.0;0.0
1666967900;0.0;0.0;0.0
1666967960;0.0;0.0;0.0
1666968020;0.0;0.0;0.0
1666968080;0.0;0.0;0.0
1666968140;0.0;0.0;0.0
1666968200;0.0;0.0;0.0
1666968260;0.0;0.0;0.0
1666968320;0.0;0.0;0.0
1666968380;0.0;0.0;0.0
1666968440;0.0;0.0;0.0
1666968500;0.0;0.0;0.0
1666968560;0.0;0.0;0.0
1666968620;0.0;0.0;0.0
1666968680;0.0;0.0;0.0
1666968740;0.0;0.0;0.0
1666968800;0.0;0.0;0.0
1666968860;0.0;0.0;0.0
1666968920;0.0;0.0;0.0
1666968980;0.0;0.0;0.0
1666969040;0.0;0.0;0.0
1666969100;0.0;0.0;0.0
1666969160;0.0;0.0;0.0
1666969220;0.0;0.0;0.0
1666969280;0.0;0.0;0.0
1666969340;0.0;0.0;0.0
1666969400;0.0;0.0;0.0
1666969460;0.0;0.0;0.0
1666969520;0.0;0.0;0.0
1666969580;0.0;0.0;0.0
1666969640;0.0;0.0;0.0
1666969700;0.0;0.0;0.0
1666969760;0.0;0.0;0.0
1666969820;0.0;0.0;0.0
1666969880;0.0;0.0;0.0
1666969940;0.0;0.0;0.0
1666970000;0.0;0.0;0.0
1666970060;0.0;0.0;0.0
1666970120;0.0;0.0;0.0
1666970180;0.0;0.0;0.0
1666970240;0.0;0.0;0.0
1666970300;0.0;0.0;0.0
1666970360;0.0;0.0;0.0
1666970420;0.0;0.0;0.0
1666970480;0.0;0.0;0.0
1666970540;0.0;0.0;0.0
1666970600;0.0;0.0;0.0
1666970660;0.0;0.0;0.0
1666970720;0.0;0.0;0.0
1666970780;0.0;0.0;0.0
1666970840;0.0;0.0;0.0
1666970900;0.0;0.0;0.0
1666970960;0.0;0.0;0.0
1666971020;0.0;0.0;0.0
1666971080;0.0;0.0;0.0
1666971140;0.0;0.0;0.0
1666971200;0.0;0.0;0.0
1666971260;0.0;0.0;0.0
1666971320;0.0;0.0;0.0
1666971380;0.0;0.0;0.0
1666971440;0.0;0.0;0.0
1666971500;0.0;0.0;0.0
1666971560;0.0;0.0;0.0
1666971620;0.0;0.0;0.0
1666971680;0.0;0.0;0.0
1666971740;0.0;0.0;0.0
1666971800;0.0;0.0;0.0
1666971860;0.0;0.0;0.0
1666971920;0.0;0.0;0.0
1666971980;0.0;0.0;0.0
1666972040;0.0;0.0;0.0
1666972100;0.0;0.0;0.0
1666972160;0.0;0.0;0.0
1666972220;0.0;0.0;0.0
1666972280;0.0;0.0;0.0
1666972340;0.0;0.0;0.0
1666972400;0.0;0.0;0.0
1666972460;0.0;0.0;0.0
1666972520;0.0;0.0;0.0
1666972580;0.0;0.0;0.0
1666972640;0.0;0.0;0.0
1666972700;0.0;0.0;0.0
1666972760;0.0;0.0;0.0
1666972820;0.0;0.0;0.0
1666972880;0.0;0.0;0.0
1666972940;0.0;0.0;0.0
1666973000;0.0;0.0;0.0
1666973060;0.0;0.0;0.0
1666973120;0.0;0.0;0.0
1666973180;0.0;0.0;0.0
1666973240;0.0;0.0;0.0
1666973300;0.0;0.0;0.0
1666973360;0.0;0.0;0.0
1666973420;0.0;0.0;0.0
1666973480;0.0;0.0;0.0
1666973540;0.0;0.0;0.0
1666973600;0.0;0.0;0.0
1666973660;0.0;0.0;0.0
1666973720;0.0;0.0;0.0
1666973780;0.0;0.0;0.0
1666973840;0.0;0.0;0.0
1666973900;0.0;0.0;0.0
1666973960;0.0;0.0;0.0
1666974020;0.0;0.0;0.0
1666974080;0.0;0.0;0.0
1666974140;0.0;0.0;0.0
1666974200;0.0;0.0;0.0
1666974260;0.0;0.0;0.0
1666974320;0.0;0.0;0.0
1666974380;0.0;0.0;0.0
1666974440;0.0;0.0;0.0
1666974500;0.0;0.0;0.0
1666974560;0.0;0.0;0.0
1666974620;0.0;0.0;0.0
1666974680;0.0;0.0;0.0
1666974740;0.0;0.0;0.0
1666974800;0.0;0.0;0.0
1666974860;0.0;0.0;0.0
1666974920;0.0;0.0;0.0
1666974980;0.0;0.0;0.0
1666975040;0.0;0.0;0.0
1666975100;0.0;0.0;0.0
1666975160;0.0;0.0;0.0
1666975220;0.0;0.0;0.0
1666975280;0.0;0.0;0.0
1666975340;0.0;0.0;0.0
1666975400;0.0;0.0;0.0
1666975460;0.0;0.0;0.0
1666975520;0.0;0.0;0.0
1666975580;0.0;0.0;0.0
1666975640;0.0;0.0;0.0
1666975700;0.0;0.0;0.0
1666975760;0.0;0.0;0.0
1666975820;0.0;0.0;0.0
1666975880;0.0;0.0;0.0
1666975940;0.0;0.0;0.0
1666976000;0.0;0.0;0.0
1666976060;0.0;0.0;0.0
1666976120;0.0;0.0;0.0
1666976180;0.0;0.0;0.0
1666976240;0.0;0.0;0.0
1666976300;0.0;0.0;0.0
1666976360;0.0;0.0;0.0
1666976420;0.0;0.0;0.0
1666976480;0.0;0.0;0.0
1666976540;0.0;0.0;0.0
1666976600;0.0;0.0;0.0
1666976660;0.0;0.0;0.0
1666976720;0.0;0.0;0.0
1666976780;0.0;0.0;0.0
1666976840;0.0;0.0;0.0
1666976900;0.0;0.0;0.0
1666976960;0.0;0.0;0.0
1666977020;0.0;0.0;0.0
1666977080;0.0;0.0;0.0
1666977140;0.0;0.0;0.0
1666977200;0.0;0.0;0.0
1666977260;0.0;0.0;0.0
1666977320;0.0;0.0;0.0
1666977380;0.0;0.0;0.0
1666977440;0.0;0.0;0.0
1666977500;0.0;0.0;0.0
1666977560;0.0;0.0;0.0
1666977620;0.0;0.0;0.0
1666977680;0.0;0.0;0.0
1666977740;0.0;0.0;0.0
1666977800;0.0;0.0;0.0
1666977860;0.0;0.0;0.0
1666977920;0.0;0.0;0.0
1666977980;0.0;0.0;0.0
1666978040;0.0;0.0;0.0
1666978100;0.0;0.0;0.0
1666978160;0.0;0.0;0.0
1666978220;0.0;0.0;0.0
1666978280;0.0;0.0;0.0
1666978340;0.0;0.0;0.0
1666978400;0.0;0.0;0.0
1666978460;0.0;0.0;0.0
1666978520;0.0;0.0;0.0
1666978580;0.0;0.0;0.0
1666978640;0.0;0.0;0.0
1666978700;0.0;0.0;0.0
1666978760;0.0;0.0;0.0
1666978820;0.0;0.0;0.0
1666978880;0.0;0.0;0.0
1666978940;0.0;0.0;0.0
1666979000;0.0;0.0;0.0
1666979060;0.0;0.0;0.0
1666979120;0.0;0.0;0.0
1666979180;0.0;0.0;0.0
1666979240;0.0;0.0;0.0
1666979300;0.0;0.0;0.0
1666979360;0.0;0.0;0.0
1666979420;0.0;0.0;0.0
1666979480;0.0;0.0;0.0
1666979540;0.0;0.0;0.0
1666979600;0.0;0.0;0.0
1666979660;0.0;0.0;0.0
1666979720;0.0;0.0;0.0
1666979780;0.0;0.0;0.0
1666979840;0.0;0.0;0.0
1666979900;0.0;0.0;0.0
1666979960;0.0;0.0;0.0
1666980020;0.0;0.0;0.0
1666980080;0.0;0.0;0.0
1666980140;0.0;0.0;0.0
1666980200;0.0;0.0;0.0
1666980260;0.0;0.0;0.0
1666980320;0.0;0.0;0.0
1666980380;0.0;0.0;0.0
1666980440;0.0;0.0;0.0
1666980500;0.0;0.0;0.0
1666980560;0.0;0.0;0.0
1666980620;0.0;0.0;0.0
1666980680;0.0;0.0;0.0
1666980740;0.0;0.0;0.0
1666980800;0.0;0.0;0.0
1666980860;0.0;0.0;0.0
1666980920;0.0;0.0;0.0
1666980980;0.0;0.0;0.0
1666981040;0.0;0.0;0.0
1666981100;0.0;0.0;0.0
1666981160;0.0;0.0;0.0
1666981220;0.0;0.0;0.0
1666981280;0.0;0.0;0.0
1666981340;0.0;0.0;0.0
1666981400;0.0;0.0;0.0
1666981460;0.0;0.0;0.0
1666981520;0.0;0.0;0.0
1666981580;0.0;0.0;0.0
1666981640;0.0;0.0;0.0
1666981700;0.0;0.0;0.0
1666981760;0.0;0.0;0.0
1666981820;0.0;0.0;0.0
1666981880;0.0;0.0;0.0
1666981940;0.0;0.0;0.0
1666982000;0.0;0.0;0.0
1666982060;0.0;0.0;0.0
1666982120;0.0;0.0;0.0
1666982180;0.0;0.0;0.0
1666982240;0.0;0.0;0.0
1666982300;0.0;0.0;0.0
1666982360;0.0;0.0;0.0
1666982420;0.0;0.0;0.0
1666982480;0.0;0.0;0.0
1666982540;0.0;0.0;0.0
1666982600;0.0;0.0;0.0
1666982660;0.0;0.0;0.0
1666982720;0.0;0.0;0.0
1666982780;0.0;0.0;0.0
1666982840;0.0;0.0;0.0
1666982900;0.0;0.0;0.0
1666982960;0.0;0.0;0.0
1666983020;0.0;0.0;0.0
1666983080;0.0;0.0;0.0
1666983140;0.0;0.0;0.0
1666983200;0.0;0.0;0.0
1666983260;0.0;0.0;0.0
1666983320;0.0;0.0;0.0
1666983380;0.0;0.0;0.0
1666983440;0.0;0.0;0.0
1666983500;0.0;0.0;0.0
1666983560;0.0;0.0;0.0
1666983620;0.0;0.0;0.0
1666983680;0.0;0.0;0.0
1666983740;0.0;0.0;0.0
1666983800;0.0;0.0;0.0
1666983860;0.0;0.0;0.0
1666983920;0.0;0.0;0.0
1666983980;0.0;0.0;0.0
1666984040;0.0;0.0;0.0
1666984100;0.0;0.0;0.0
1666984160;0.0;0.0;0.0
1666984220;0.0;0.0;0.0
1666984280;0.0;0.0;0.0
1666984340;0.0;0.0;0.0
1666984400;0.0;0.0;0.0
1666984460;0.0;0.0;0.0
1666984520;0.0;0.0;0.0
1666984580;0.0;0.0;0.0
1666984640;0.0;0.0;0.0
1666984700;0.0;0.0;0.0
1666984760;0.0;0.0;0.0
1666984820;0.0;0.0;0.0
1666984880;0.0;0.0;0.0
1666984940;0.0;0.0;0.0
1666985000;0.0;0.0;0.0
1666985060;0.0;0.0;0.0
1666985120;0.0;0.0;0.0
1666985180;0.0;0.0;0.0
1666985240;0.0;0.0;0.0
1666985300;0.0;0.0;0.0
1666985360;0.0;0.0;0.0
1666985420;0.0;0.0;0.0
1666985480;0.0;0.0;0.0
1666985540;0.0;0.0;0.0
1666985600;0.0;0.0;0.0
1666985660;0.0;0.0;0.0
1666985720;0.0;0.0;0.0
1666985780;0.0;0.0;0.0
1666985840;0.0;0.0;0.0
1666985900;0.0;0.0;0.0
1666985960;0.0;0.0;0.0
1666986020;0.0;0.0;0.0
1666986080;0.0;0.0;0.0
1666986140;0.0;0.0;0.0
1666986200;0.0;0.0;0.0
1666986260;0.0;0.0;0.0
1666986320;0.0;0.0;0.0
1666986380;0.0;0.0;0.0
1666986440;0.0;0.0;0.0
1666986500;0.0;0.0;0.0
1666986560;0.0;0.0;0.0
1666986620;0.0;0.0;0.0
1666986680;0.0;0.0;0.0
1666986740;0.0;0.0;0.0
1666986800;0.0;0.0;0.0
1666986860;0.0;0.0;0.0
1666986920;0.0;0.0;0.0
1666986980;0.0;0.0;0.0
1666987040;0.0;0.0;0.0
1666987100;0.0;0.0;0.0
1666987160;0.0;0.0;0.0
1666987220;0.0;0.0;0.0
1666987280;0.0;0.0;0.0
1666987340;0.0;0.0;0.0
1666987400;0.0;0.0;0.0
1666987460;0.0;0.0;0.0
1666987520;0.0;0.0;0.0
1666987580;0.0;0.0;0.0
1666987640;0.0;0.0;0.0
1666987700;0.0;0.0;0.0
1666987760;0.0;0.0;0.0
1666987820;0.0;0.0;0.0
1666987880;0.0;0.0;0.0
1666987940;0.0;0.0;0.0
1666988000;0.0;0.0;0.0
1666988060;0.0;0.0;0.0
1666988120;0.0;0.0;0.0
1666988180;0.0;0.0;0.0
1666988240;0.0;0.0;0.0
1666988300;0.0;0.0;0.0
1666988360;0.0;0.0;0.0
1666988420;0.0;0.0;0.0
1666988480;0.0;0.0;0.0
1666988540;0.0;0.0;0.0
1666988600;0.0;0.0;0.0
1666988660;0.0;0.0;0.0
1666988720;0.0;0.0;0.0
1666988780;0.0;0.0;0.0
1666988840;0.0;0.0;0.0
1666988900;0.0;0.0;0.0
1666988960;0.0;0.0;0.0
1666989020;0.0;0.0;0.0
1666989080;0.0;0.0;0.0
1666989140;0.0;0.0;0.0
1666989200;0.0;0.0;0.0
1666989260;0.0;0.0;0.0
1666989320;0.0;0.0;0.0
1666989380;0.0;0.0;0.0
1666989440;0.0;0.0;0.0
1666989500;0.0;0.0;0.0
1666989560;0.0;0.0;0.0
1666989620;0.0;0.0;0.0
1666989680;0.0;0.0;0.0
1666989740;0.0;0.0;0.0
1666989800;0.0;0.0;0.0
1666989860;0.0;0.0;0.0
1666989920;0.0;0.0;0.0
1666989980;0.0;0.0;0.0
1666990040;0.0;0.0;0.0
1666990100;0.0;0.0;0.0
1666990160;0.0;0.0;0.0
1666990220;0.0;0.0;0.0
1666990280;0.0;0.0;0.0
1666990340;0.0;0.0;0.0
1666990400;0.0;0.0;0.0
1666990460;0.0;0.0;0.0
1666990520;0.0;0.0;0.0
1666990580;0.0;0.0;0.0
1666990640;0.0;0.0;0.0
1666990700;0.0;0.0;0.0
1666990760;0.0;0.0;0.0
1666990820;0.0;0.0;0.0
1666990880;0.0;0.0;0.0
1666990940;0.0;0.0;0.0
1666991000;0.0;0.0;0.0
1666991060;0.0;0.0;0.0
1666991120;0.0;0.0;0.0
1666991180;0.0;0.0;0.0
1666991240;0.0;0.0;0.0
1666991300;0.0;0.0;0.0
1666991360;0.0;0.0;0.0
1666991420;0.0;0.0;0.0
1666991480;0.0;0.0;0.0
1666991540;0.0;0.0;0.0
1666991600;0.0;0.0;0.0
1666991660;0.0;0.0;0.0
1666991720;0.0;0.0;0.0
1666991780;0.0;0.0;0.0
1666991840;0.0;0.0;0.0
1666991900;0.0;0.0;0.0
1666991960;0.0;0.0;0.0
1666992020;0.0;0.0;0.0
1666992080;0.0;0.0;0.0
1666992140;0.0;0.0;0.0
1666992200;0.0;0.0;0.0
1666992260;0.0;0.0;0.0
1666992320;0.0;0.0;0.0
1666992380;0.0;0.0;0.0
1666992440;0.0;0.0;0.0
1666992500;0.0;0.0;0.0
1666992560;0.0;0.0;0.0
1666992620;0.0;0.0;0.0
1666992680;0.0;0.0;0.0
1666992740;0.0;0.0;0.0
1666992800;0.0;0.0;0.0
1666992860;0.0;0.0;0.0
1666992920;0.0;0.0;0.0
1666992980;0.0;0.0;0.0
1666993040;0.0;0.0;0.0
1666993100;0.0;0.0;0.0
1666993160;0.0;0.0;0.0
1666993220;0.0;0.0;0.0
1666993280;0.0;0.0;0.0
1666993340;0.0;0.0;0.0
1666993400;0.0;0.0;0.0
1666993460;0.0;0.0;0.0
1666993520;0.0;0.0;0.0
1666993580;0.0;0.0;0.0
1666993640;0.0;0.0;0.0
1666993700;0.0;0.0;0.0
1666993760;0.0;0.0;0.0
1666993820;0.0;0.0;0.0
1666993880;0.0;0.0;0.0
1666993940;0.0;0.0;0.0
1666994000;0.0;0.0;0.0
1666994060;0.0;0.0;0.0
1666994120;0.0;0.0;0.0
1666994180;0.0;0.0;0.0
1666994240;0.0;0.0;0.0
1666994300;0.0;0.0;0.0
1666994360;0.0;0.0;0.0
1666994420;0.0;0.0;0.0
1666994480;0.0;0.0;0.0
1666994540;0.0;0.0;0.0
1666994600;0.0;0.0;0.0
1666994660;0.0;0.0;0.0
1666994720;0.0;0.0;0.0
1666994780;0.0;0.0;0.0
1666994840;0.0;0.0;0.0
1666994900;0.0;0.0;0.0
1666994960;0.0;0.0;0.0
1666995020;0.0;0.0;0.0
1666995080;0.0;0.0;0.0
1666995140;0.0;0.0;0.0
1666995200;0.0;0.0;0.0
1666995260;0.0;0.0;0.0
1666995320;0.0;0.0;0.0
1666995380;0.0;0.0;0.0
1666995440;0.0;0.0;0.0
1666995500;0.0;0.0;0.0
1666995560;0.0;0.0;0.0
1666995620;0.0;0.0;0.0
1666995680;0.0;0.0;0.0
1666995740;0.0;0.0;0.0
1666995800;0.0;0.0;0.0
1666995860;0.0;0.0;0.0
1666995920;0.0;0.0;0.0
1666995980;0.0;0.0;0.0
1666996040;0.0;0.0;0.0
1666996100;0.0;0.0;0.0
1666996160;0.0;0.0;0.0
1666996220;0.0;0.0;0.0
1666996280;0.0;0.0;0.0
1666996340;0.0;0.0;0.0
1666996400;0.0;0.0;0.0
1666996460;0.0;0.0;0.0
1666996520;0.0;0.0;0.0
1666996580;0.0;0.0;0.0
1666996640;0.0;0.0;0.0
1666996700;0.0;0.0;0.0
1666996760;0.0;0.0;0.0
1666996820;0.0;0.0;0.0
1666996880;0.0;0.0;0.0
1666996940;0.0;0.0;0.0
1666997000;0.0;0.0;0.0
1666997060;0.0;0.0;0.0
1666997120;0.0;0.0;0.0
1666997180;0.0;0.0;0.0
1666997240;0.0;0.0;0.0
1666997300;0.0;0.0;0.0
1666997360;0.0;0.0;0.0
1666997420;0.0;0.0;0.0
1666997480;0.0;0.0;0.0
1666997540;0.0;0.0;0.0
1666997600;0.0;0.0;0.0
1666997660;0.0;0.0;0.0
1666997720;0.0;0.0;0.0
1666997780;0.0;0.0;0.0
1666997840;0.0;0.0;0.0
1666997900;0.0;0.0;0.0
1666997960;0.0;0.0;0.0
1666998020;0.0;0.0;0.0
1666998080;0.0;0.0;0.0
1666998140;0.0;0.0;0.0
1666998200;0.0;0.0;0.0
1666998260;0.0;0.0;0.0
1666998320;0.0;0.0;0.0
1666998380;0.0;0.0;0.0
1666998440;0.0;0.0;0.0
1666998500;0.0;0.0;0.0
1666998560;0.0;0.0;0.0
1666998620;0.0;0.0;0.0
1666998680;0.0;0.0;0.0
1666998740;0.0;0.0;0.0
1666998800;0.0;0.0;0.0
1666998860;0.0;0.0;0.0
1666998920;0.0;0.0;0.0
1666998980;0.0;0.0;0.0
1666999040;0.0;0.0;0.0
1666999100;0.0;0.0;0.0
1666999160;0.0;0.0;0.0
1666999220;0.0;0.0;0.0
1666999280;0.0;0.0;0.0
1666999340;0.0;0.0;0.0
1666999400;0.0;0.0;0.0
1666999460;0.0;0.0;0.0
1666999520;0.0;0.0;0.0
1666999580;0.0;0.0;0.0
1666999640;0.0;0.0;0.0
1666999700;0.0;0.0;0.0
1666999760;0.0;0.0;0.0
1666999820;0.0;0.0;0.0
1666999880;0.0;0.0;0.0
1666999940;0.0;0.0;0.0
1667000000;0.0;0.0;0.0
1667000060;0.0;0.0;0.0
1667000120;0.0;0.0;0.0
1667000180;0.0;0.0;0.0
1667000240;0.0;0.0;0.0
1667000300;0.0;0.0;0.0
1667000360;0.0;0.0;0.0
1667000420;0.0;0.0;0.0
1667000480;0.0;0.0;0.0
1667000540;0.0;0.0;0.0
1667000600;0.0;0.0;0.0
1667000660;0.0;0.0;0.0
1667000720;0.0;0.0;0.0
1667000780;0.0;0.0;0.0
1667000840;0.0;0.0;0.0
1667000900;0.0;0.0;0.0
1667000960;0.0;0.0;0.0
1667001020;0.0;0.0;0.0
1667001080;0.0;0.0;0.0
1667001140;0.0;0.0;0.0
1667001200;0.0;0.0;0.0
1667001260;0.0;0.0;0.0
1667001320;0.0;0.0;0.0
1667001380;0.0;0.0;0.0
1667001440;0.0;0.0;0.0
1667001500;0.0;0.0;0.0
1667001560;0.0;0.0;0.0
1667001620;0.0;0.0;0.0
1667001680;0.0;0.0;0.0
1667001740;0.0;0.0;0.0
1667001800;0.0;0.0;0.0
1667001860;0.0;0.0;0.0
1667001920;0.0;0.0;0.0
1667001980;0.0;0.0;0.0
1667002040;0.0;0.0;0.0
1667002100;0.0;0.0;0.0
1667002160;0.0;0.0;0.0
1667002220;0.0;0.0;0.0
1667002280;0.0;0.0;0.0
1667002340;0.0;0.0;0.0
1667002400;0.0;0.0;0.0
1667002460;0.0;0.0;0.0
1667002520;0.0;0.0;0.0
1667002580;0.0;0.0;0.0
1667002640;0.0;0.0;0.0
1667002700;0.0;0.0;0.0
1667002760;0.0;0.0;0.0
1667002820;0.0;0.0;0.0
1667002880;0.0;0.0;0.0
1667002940;0.0;0.0;0.0
1667003000;0.0;0.0;0.0
1667003060;0.0;0.0;0.0
1667003120;0.0;0.0;0.0
1667003180;0.0;0.0;0.0
1667003240;0.0;0.0;0.0
1667003300;0.0;0.0;0.0
1667003360;0.0;0.0;0.0
1667003420;0.0;0.0;0.0
1667003480;0.0;0.0;0.0
1667003540;0.0;0.0;0.0
1667003600;0.0;0.0;0.0
1667003660;0.0;0.0;0.0
1667003720;0.0;0.0;0.0
1667003780;0.0;0.0;0.0
1667003840;0.0;0.0;0.0
1667003900;0.0;0.0;0.0
1667003960;0.0;0.0;0.0
1667004020;0.0;0.0;0.0
1667004080;0.0;0.0;0.0
1667004140;0.0;0.0;0.0
1667004200;0.0;0.0;0.0
1667004260;0.0;0.0;0.0
1667004320;0.0;0.0;0.0
1667004380;0.0;0.0;0.0
1667004440;0.0;0.0;0.0
1667004500;0.0;0.0;0.0
1667004560;0.0;0.0;0.0
1667004620;0.0;0.0;0.0
1667004680;0.0;0.0;0.0
1667004740;0.0;0.0;0.0
1667004800;0.0;0.0;0.0
1667004860;0.0;0.0;0.0
1667004920;0.0;0.0;0.0
1667004980;0.0;0.0;0.0
1667005040;0.0;0.0;0.0
1667005100;0.0;0.0;0.0
1667005160;0.0;0.0;0.0
1667005220;0.0;0.0;0.0
1667005280;0.0;0.0;0.0
1667005340;0.0;0.0;0.0
1667005400;0.0;0.0;0.0
1667005460;0.0;0.0;0.0
1667005520;0.0;0.0;0.0
1667005580;0.0;0.0;0.0
1667005640;0.0;0.0;0.0
1667005700;0.0;0.0;0.0
1667005760;0.0;0.0;0.0
1667005820;0.0;0.0;0.0
1667005880;0.0;0.0;0.0
1667005940;0.0;0.0;0.0
1667006000;0.0;0.0;0.0
1667006060;0.0;0.0;0.0
1667006120;0.0;0.0;0.0
1667006180;0.0;0.0;0.0
1667006240;0.0;0.0;0.0
1667006300;0.0;0.0;0.0
1667006360;0.0;0.0;0.0
1667006420;0.0;0.0;0.0
1667006480;0.0;0.0;0.0
1667006540;0.0;0.0;0.0
1667006600;0.0;0.0;0.0
1667006660;0.0;0.0;0.0
1667006720;0.0;0.0;0.0
1667006780;0.0;0.0;0.0
1667006840;0.0;0.0;0.0
1667006900;0.0;0.0;0.0
1667006960;0.0;0.0;0.0
1667007020;0.0;0.0;0.0
1667007080;0.0;0.0;0.0
1667007140;0.0;0.0;0.0
1667007200;0.0;0.0;0.0
1667007260;0.0;0.0;0.0
1667007320;0.0;0.0;0.0
1667007380;0.0;0.0;0.0
1667007440;0.0;0.0;0.0
1667007500;0.0;0.0;0.0
1667007560;0.0;0.0;0.0
1667007620;0.0;0.0;0.0
1667007680;0.0;0.0;0.0
1667007740;0.0;0.0;0.0
1667007800;0.0;0.0;0.0
1667007860;0.0;0.0;0.0
1667007920;0.0;0.0;0.0
1667007980;0.0;0.0;0.0
1667008040;0.0;0.0;0.0
1667008100;0.0;0.0;0.0
1667008160;0.0;0.0;0.0
1667008220;0.0;0.0;0.0
1667008280;0.0;0.0;0.0
1667008340;0.0;0.0;0.0
1667008400;0.0;0.0;0.0
1667008460;0.0;0.0;0.0
1667008520;0.0;0.0;0.0
1667008580;0.0;0.0;0.0
1667008640;0.0;0.0;0.0
1667008700;0.0;0.0;0.0
1667008760;0.0;0.0;0.0
1667008820;0.0;0.0;0.0
1667008880;0.0;0.0;0.0
1667008940;0.0;0.0;0.0
1667009000;0.0;0.0;0.0
1667009060;0.0;0.0;0.0
1667009120;0.0;0.0;0.0
1667009180;0.0;0.0;0.0
1667009240;0.0;0.0;0.0
1667009300;0.0;0.0;0.0
1667009360;0.0;0.0;0.0
1667009420;0.0;0.0;0.0
1667009480;0.0;0.0;0.0
1667009540;0.0;0.0;0.0
1667009600;0.0;0.0;0.0
1667009660;0.0;0.0;0.0
1667009720;0.0;0.0;0.0
1667009780;0.0;0.0;0.0
1667009840;0.0;0.0;0.0
1667009900;0.0;0.0;0.0
1667009960;0.0;0.0;0.0
1667010020;0.0;0.0;0.0
1667010080;0.0;0.0;0.0
1667010140;0.0;0.0;0.0
1667010200;0.0;0.0;0.0
1667010260;0.0;0.0;0.0
1667010320;0.0;0.0;0.0
1667010380;0.0;0.0;0.0
1667010440;0.0;0.0;0.0
1667010500;0.0;0.0;0.0
1667010560;0.0;0.0;0.0
1667010620;0.0;0.0;0.0
1667010680;0.0;0.0;0.0
1667010740;0.0;0.0;0.0
1667010800;0.0;0.0;0.0
1667010860;0.0;0.0;0.0
1667010920;0.0;0.0;0.0
1667010980;0.0;0.0;0.0
1667011040;0.0;0.0;0.0
1667011100;0.0;0.0;0.0
1667011160;0.0;0.0;0.0
1667011220;0.0;0.0;0.0
1667011280;0.0;0.0;0.0
1667011340;0.0;0.0;0.0
1667011400;0.0;0.0;0.0
1667011460;0.0;0.0;0.0
1667011520;0.0;0.0;0.0
1667011580;0.0;0.0;0.0
1667011640;0.0;0.0;0.0
1667011700;0.0;0.0;0.0
1667011760;0.0;0.0;0.0
1667011820;0.0;0.0;0.0
1667011880;0.0;0.0;0.0
1667011940;0.0;0.0;0.0
1667012000;0.0;0.0;0.0
1667012060;0.0;0.0;0.0
1667012120;0.0;0.0;0.0
1667012180;0.0;0.0;0.0
1667012240;0.0;0.0;0.0
1667012300;0.0;0.0;0.0
1667012360;0.0;0.0;0.0
1667012420;0.0;0.0;0.0
1667012480;0.0;0.0;0.0
1667012540;0.0;0.0;0.0
1667012600;0.0;0.0;0.0
1667012660;0.0;0.0;0.0
1667012720;0.0;0.0;0.0
1667012780;0.0;0.0;0.0
1667012840;0.0;0.0;0.0
1667012900;0.0;0.0;0.0
1667012960;0.0;0.0;0.0
1667013020;0.0;0.0;0.0
1667013080;0.0;0.0;0.0
1667013140;0.0;0.0;0.0
1667013200;0.0;0.0;0.0
1667013260;0.0;0.0;0.0
1667013320;0.0;0.0;0.0
1667013380;0.0;0.0;0.0
1667013440;0.0;0.0;0.0
1667013500;0.0;0.0;0.0
1667013560;0.0;0.0;0.0
1667013620;0.0;0.0;0.0
1667013680;0.0;0.0;0.0
1667013740;0.0;0.0;0.0
1667013800;0.0;0.0;0.0
1667013860;0.0;0.0;0.0
1667013920;0.0;0.0;0.0
1667013980;0.0;0.0;0.0
1667014040;0.0;0.0;0.0
1667014100;0.0;0.0;0.0
1667014160;0.0;0.0;0.0
1667014220;0.0;0.0;0.0
1667014280;0.0;0.0;0.0
1667014340;0.0;0.0;0.0
1667014400;0.0;0.0;0.0
1667014460;0.0;0.0;0.0
1667014520;0.0;0.0;0.0
1667014580;0.0;0.0;0.0
1667014640;0.0;0.0;0.0
1667014700;0.0;0.0;0.0
1667014760;0.0;0.0;0.0
1667014820;0.0;0.0;0.0
1667014880;0.0;0.0;0.0
1667014940;0.0;0.0;0.0
1667015000;0.0;0.0;0.0
1667015060;0.0;0.0;0.0
1667015120;0.0;0.0;0.0
1667015180;0.0;0.0;0.0
1667015240;0.0;0.0;0.0
1667015300;0.0;0.0;0.0
1667015360;0.0;0.0;0.0
1667015420;0.0;0.0;0.0
1667015480;0.0;0.0;0.0
1667015540;0.0;0.0;0.0
1667015600;0.0;0.0;0.0
1667015660;0.0;0.0;0.0
1667015720;0.0;0.0;0.0
1667015780;0.0;0.0;0.0
1667015840;0.0;0.0;0.0
1667015900;0.0;0.0;0.0
1667015960;0.0;0.0;0.0
1667016020;0.0;0.0;0.0
1667016080;0.0;0.0;0.0
1667016140;0.0;0.0;0.0
1667016200;0.0;0.0;0.0
1667016260;0.0;0.0;0.0
1667016320;0.0;0.0;0.0
1667016380;0.0;0.0;0.0
1667016440;0.0;0.0;0.0
1667016500;0.0;0.0;0.0
1667016560;0.0;0.0;0.0
1667016620;0.0;0.0;0.0
1667016680;0.0;0.0;0.0
1667016740;0.0;0.0;0.0
1667016800;0.0;0.0;0.0
1667016860;0.0;0.0;0.0
1667016920;0.0;0.0;0.0
1667016980;0.0;0.0;0.0
1667017040;0.0;0.0;0.0
1667017100;0.0;0.0;0.0
1667017160;0.0;0.0;0.0
1667017220;0.0;0.0;0.0
1667017280;0.0;0.0;0.0
1667017340;0.0;0.0;0.0
1667017400;0.0;0.0;0.0
1667017460;0.0;0.0;0.0
1667017520;0.0;0.0;0.0
1667017580;0.0;0.0;0.0
1667017640;0.0;0.0;0.0
1667017700;0.0;0.0;0.0
1667017760;0.0;0.0;0.0
1667017820;0.0;0.0;0.0
1667017880;0.0;0.0;0.0
1667017940;0.0;0.0;0.0
1667018000;0.0;0.0;0.0
1667018060;0.0;0.0;0.0
1667018120;0.0;0.0;0.0
1667018180;0.0;0.0;0.0
1667018240;0.0;0.0;0.0
1667018300;0.0;0.0;0.0
1667018360;0.0;0.0;0.0
1667018420;0.0;0.0;0.0
1667018480;0.0;0.0;0.0
1667018540;0.0;0.0;0.0
1667018600;0.0;0.0;0.0
1667018660;0.0;0.0;0.0
1667018720;0.0;0.0;0.0
1667018780;0.0;0.0;0.0
1667018840;0.0;0.0;0.0
1667018900;0.0;0.0;0.0
1667018960;0.0;0.0;0.0
1667019020;0.0;0.0;0.0
1667019080;0.0;0.0;0.0
1667019140;0.0;0.0;0.0
1667019200;0.0;0.0;0.0
1667019260;0.0;0.0;0.0
1667019320;0.0;0.0;0.0
1667019380;0.0;0.0;0.0
1667019440;0.0;0.0;0.0
1667019500;0.0;0.0;0.0
1667019560;0.0;0.0;0.0
1667019620;0.0;0.0;0.0
1667019680;0.0;0.0;0.0
1667019740;0.0;0.0;0.0
1667019800;0.0;0.0;0.0
1667019860;0.0;0.0;0.0
1667019920;0.0;0.0;0.0
1667019980;0.0;0.0;0.0
1667020040;0.0;0.0;0.0
1667020100;0.0;0.0;0.0
1667020160;0.0;0.0;0.0
1667020220;0.0;0.0;0.0
1667020280;0.0;0.0;0.0
1667020340;0.0;0.0;0.0
1667020400;0.0;0.0;0.0
1667020460;0.0;0.0;0.0
1667020520;0.0;0.0;0.0
1667020580;0.0;0.0;0.0
1667020640;0.0;0.0;0.0
1667020700;0.0;0.0;0.0
1667020760;0.0;0.0;0.0
1667020820;0.0;0.0;0.0
1667020880;0.0;0.0;0.0
1667020940;0.0;0.0;0.0
1667021000;0.0;0.0;0.0
1667021060;0.0;0.0;0.0
1667021120;0.0;0.0;0.0
1667021180;0.0;0.0;0.0
1667021240;0.0;0.0;0.0
1667021300;0.0;0.0;0.0
1667021360;0.0;0.0;0.0
1667021420;0.0;0.0;0.0
1667021480;0.0;0.0;0.0
1667021540;0.0;0.0;0.0
1667021600;0.0;0.0;0.0
1667021660;0.0;0.0;0.0
1667021720;0.0;0.0;0.0
1667021780;0.0;0.0;0.0
1667021840;0.0;0.0;0.0
1667021900;0.0;0.0;0.0
1667021960;0.0;0.0;0.0
1667022020;0.0;0.0;0.0
1667022080;0.0;0.0;0.0
1667022140;0.0;0.0;0.0
1667022200;0.0;0.0;0.0
1667022260;0.0;0.0;0.0
1667022320;0.0;0.0;0.0
1667022380;0.0;0.0;0.0
1667022440;0.0;0.0;0.0
1667022500;0.0;0.0;0.0
1667022560;0.0;0.0;0.0
1667022620;0.0;0.0;0.0
1667022680;0.0;0.0;0.0
1667022740;0.0;0.0;0.0
1667022800;0.0;0.0;0.0
1667022860;0.0;0.0;0.0
1667022920;0.0;0.0;0.0
1667022980;0.0;0.0;0.0
1667023040;0.0;0.0;0.0
1667023100;0.0;0.0;0.0
1667023160;0.0;0.0;0.0
1667023220;0.0;0.0;0.0
1667023280;0.0;0.0;0.0
1667023340;0.0;0.0;0.0
1667023400;0.0;0.0;0.0
1667023460;0.0;0.0;0.0
1667023520;0.0;0.0;0.0
1667023580;0.0;0.0;0.0
1667023640;0.0;0.0;0.0
1667023700;0.0;0.0;0.0
1667023760;0.0;0.0;0.0
1667023820;0.0;0.0;0.0
1667023880;0.0;0.0;0.0
1667023940;0.0;0.0;0.0
1667024000;0.0;0.0;0.0
1667024060;0.0;0.0;0.0
1667024120;0.0;0.0;0.0
1667024180;0.0;0.0;0.0
1667024240;0.0;0.0;0.0
1667024300;0.0;0.0;0.0
1667024360;0.0;0.0;0.0
1667024420;0.0;0.0;0.0
1667024480;0.0;0.0;0.0
1667024540;0.0;0.0;0.0
1667024600;0.0;0.0;0.0
1667024660;0.0;0.0;0.0
1667024720;0.0;0.0;0.0
1667024780;0.0;0.0;0.0
1667024840;0.0;0.0;0.0
1667024900;0.0;0.0;0.0
1667024960;0.0;0.0;0.0
1667025020;0.0;0.0;0.0
1667025080;0.0;0.0;0.0
1667025140;0.0;0.0;0.0
1667025200;0.0;0.0;0.0
1667025260;0.0;0.0;0.0
1667025320;0.0;0.0;0.0
1667025380;0.0;0.0;0.0
1667025440;0.0;0.0;0.0
1667025500;0.0;0.0;0.0
1667025560;0.0;0.0;0.0
1667025620;0.0;0.0;0.0
1667025680;0.0;0.0;0.0
1667025740;0.0;0.0;0.0
1667025800;0.0;0.0;0.0
1667025860;0.0;0.0;0.0
1667025920;0.0;0.0;0.0
1667025980;0.0;0.0;0.0
1667026040;0.0;0.0;0.0
1667026100;0.0;0.0;0.0
1667026160;0.0;0.0;0.0
1667026220;0.0;0.0;0.0
1667026280;0.0;0.0;0.0
1667026340;0.0;0.0;0.0
1667026400;0.0;0.0;0.0
1667026460;0.0;0.0;0.0
1667026520;0.0;0.0;0.0
1667026580;0.0;0.0;0.0
1667026640;0.0;0.0;0.0
1667026700;0.0;0.0;0.0
1667026760;0.0;0.0;0.0
1667026820;0.0;0.0;0.0
1667026880;0.0;0.0;0.0
1667026940;0.0;0.0;0.0
1667027000;0.0;0.0;0.0
1667027060;0.0;0.0;0.0
1667027120;0.0;0.0;0.0
1667027180;0.0;0.0;0.0
1667027240;0.0;0.0;0.0
1667027300;0.0;0.0;0.0
1667027360;0.0;0.0;0.0
1667027420;0.0;0.0;0.0
1667027480;0.0;0.0;0.0
1667027540;0.0;0.0;0.0
1667027600;0.0;0.0;0.0
1667027660;0.0;0.0;0.0
1667027720;0.0;0.0;0.0
1667027780;0.0;0.0;0.0
1667027840;0.0;0.0;0.0
1667027900;0.0;0.0;0.0
1667027960;0.0;0.0;0.0
1667028020;0.0;0.0;0.0
1667028080;0.0;0.0;0.0
1667028140;0.0;0.0;0.0
1667028200;0.0;0.0;0.0
1667028260;0.0;0.0;0.0
1667028320;0.0;0.0;0.0
1667028380;0.0;0.0;0.0
1667028440;0.0;0.0;0.0
1667028500;0.0;0.0;0.0
1667028560;0.0;0.0;0.0
1667028620;0.0;0.0;0.0
1667028680;0.0;0.0;0.0
1667028740;0.0;0.0;0.0
1667028800;0.0;0.0;0.0
1667028860;0.0;0.0;0.0
1667028920;0.0;0.0;0.0
1667028980;0.0;0.0;0.0
1667029040;0.0;0.0;0.0
1667029100;0.0;0.0;0.0
1667029160;0.0;0.0;0.0
1667029220;0.0;0.0;0.0
1667029280;0.0;0.0;0.0
1667029340;0.0;0.0;0.0
1667029400;0.0;0.0;0.0
1667029460;0.0;0.0;0.0
1667029520;0.0;0.0;0.0
1667029580;0.0;0.0;0.0
1667029640;0.0;0.0;0.0
1667029700;0.0;0.0;0.0
1667029760;0.0;0.0;0.0
1667029820;0.0;0.0;0.0
1667029880;0.0;0.0;0.0
1667029940;0.0;0.0;0.0
1667030000;0.0;0.0;0.0
1667030060;0.0;0.0;0.0
1667030120;0.0;0.0;0.0
1667030180;0.0;0.0;0.0
1667030240;0.0;0.0;0.0
1667030300;0.0;0.0;0.0
1667030360;0.0;0.0;0.0
1667030420;0.0;0.0;0.0
1667030480;0.0;0.0;0.0
1667030540;0.0;0.0;0.0
1667030600;0.0;0.0;0.0
1667030660;0.0;0.0;0.0
1667030720;0.0;0.0;0.0
1667030780;0.0;0.0;0.0
1667030840;0.0;0.0;0.0
1667030900;0.0;0.0;0.0
1667030960;0.0;0.0;0.0
1667031020;0.0;0.0;0.0
1667031080;0.0;0.0;0.0
1667031140;0.0;0.0;0.0
1667031200;0.0;0.0;0.0
1667031260;0.0;0.0;0.0
1667031320;0.0;0.0;0.0
1667031380;0.0;0.0;0.0
1667031440;0.0;0.0;0.0
1667031500;0.0;0.0;0.0
1667031560;0.0;0.0;0.0
1667031620;0.0;0.0;0.0
1667031680;0.0;0.0;0.0
1667031740;0.0;0.0;0.0
1667031800;0.0;0.0;0.0
1667031860;0.0;0.0;0.0
1667031920;0.0;0.0;0.0
1667031980;0.0;0.0;0.0
1667032040;0.0;0.0;0.0
1667032100;0.0;0.0;0.0
1667032160;0.0;0.0;0.0
1667032220;0.0;0.0;0.0
1667032280;0.0;0.0;0.0
1667032340;0.0;0.0;0.0
1667032400;0.0;0.0;0.0
1667032460;0.0;0.0;0.0
1667032520;0.0;0.0;0.0
1667032580;0.0;0.0;0.0
1667032640;0.0;0.0;0.0
1667032700;0.0;0.0;0.0
1667032760;0.0;0.0;0.0
1667032820;0.0;0.0;0.0
1667032880;0.0;0.0;0.0
1667032940;0.0;0.0;0.0
1667033000;0.0;0.0;0.0
1667033060;0.0;0.0;0.0
1667033120;0.0;0.0;0.0
1667033180;0.0;0.0;0.0
1667033240;0.0;0.0;0.0
1667033300;0.0;0.0;0.0
1667033360;0.0;0.0;0.0
1667033420;0.0;0.0;0.0
1667033480;0.0;0.0;0.0
1667033540;0.0;0.0;0.0
1667033600;0.0;0.0;0.0
1667033660;0.0;0.0;0.0
1667033720;0.0;0.0;0.0
1667033780;0.0;0.0;0.0
1667033840;0.0;0.0;0.0
1667033900;0.0;0.0;0.0
1667033960;0.0;0.0;0.0
1667034020;0.0;0.0;0.0
1667034080;0.0;0.0;0.0
1667034140;0.0;0.0;0.0
1667034200;0.0;0.0;0.0
1667034260;0.0;0.0;0.0
1667034320;0.0;0.0;0.0
1667034380;0.0;0.0;0.0
1667034440;0.0;0.0;0.0
1667034500;0.0;0.0;0.0
1667034560;0.0;0.0;0.0
1667034620;0.0;0.0;0.0
1667034680;0.0;0.0;0.0
1667034740;0.0;0.0;0.0
1667034800;0.0;0.0;0.0
1667034860;0.0;0.0;0.0
1667034920;0.0;0.0;0.0
1667034980;0.0;0.0;0.0
1667035040;0.0;0.0;0.0
1667035100;0.0;0.0;0.0
1667035160;0.0;0.0;0.0
1667035220;0.0;0.0;0.0
1667035280;0.0;0.0;0.0
1667035340;0.0;0.0;0.0
1667035400;0.0;0.0;0.0
1667035460;0.0;0.0;0.0
1667035520;0.0;0.0;0.0
1667035580;0.0;0.0;0.0
1667035640;0.0;0.0;0.0
1667035700;0.0;0.0;0.0
1667035760;0.0;0.0;0.0
1667035820;0.0;0.0;0.0
1667035880;0.0;0.0;0.0
1667035940;0.0;0.0;0.0
1667036000;0.0;0.0;0.0
1667036060;0.0;0.0;0.0
1667036120;0.0;0.0;0.0
1667036180;0.0;0.0;0.0
1667036240;0.0;0.0;0.0
1667036300;0.0;0.0;0.0
1667036360;0.0;0.0;0.0
1667036420;0.0;0.0;0.0
1667036480;0.0;0.0;0.0
1667036540;0.0;0.0;0.0
1667036600;0.0;0.0;0.0
1667036660;0.0;0.0;0.0
1667036720;0.0;0.0;0.0
1667036780;0.0;0.0;0.0
1667036840;0.0;0.0;0.0
1667036900;0.0;0.0;0.0
1667036960;0.0;0.0;0.0
1667037020;0.0;0.0;0.0
1667037080;0.0;0.0;0.0
1667037140;0.0;0.0;0.0
1667037200;0.0;0.0;0.0
1667037260;0.0;0.0;0.0
1667037320;0.0;0.0;0.0
1667037380;0.0;0.0;0.0
1667037440;0.0;0.0;0.0
1667037500;0.0;0.0;0.0
1667037560;0.0;0.0;0.0
1667037620;0.0;0.0;0.0
1667037680;0.0;0.0;0.0
1667037740;0.0;0.0;0.0
1667037800;0.0;0.0;0.0
1667037860;0.0;0.0;0.0
1667037920;0.0;0.0;0.0
1667037980;0.0;0.0;0.0
1667038040;0.0;0.0;0.0
1667038100;0.0;0.0;0.0
1667038160;0.0;0.0;0.0
1667038220;0.0;0.0;0.0
1667038280;0.0;0.0;0.0
1667038340;0.0;0.0;0.0
1667038400;0.0;0.0;0.0
1667038460;0.0;0.0;0.0
1667038520;0.0;0.0;0.0
1667038580;0.0;0.0;0.0
1667038640;0.0;0.0;0.0
1667038700;0.0;0.0;0.0
1667038760;0.0;0.0;0.0
1667038820;0.0;0.0;0.0
1667038880;0.0;0.0;0.0
1667038940;0.0;0.0;0.0
1667039000;0.0;0.0;0.0
1667039060;0.0;0.0;0.0
1667039120;0.0;0.0;0.0
1667039180;0.0;0.0;0.0
1667039240;0.0;0.0;0.0
1667039300;0.0;0.0;0.0
1667039360;0.0;0.0;0.0
1667039420;0.0;0.0;0.0
1667039480;0.0;0.0;0.0
1667039540;0.0;0.0;0.0
1667039600;0.0;0.0;0.0
1667039660;0.0;0.0;0.0
1667039720;0.0;0.0;0.0
1667039780;0.0;0.0;0.0
1667039840;0.0;0.0;0.0
1667039900;0.0;0.0;0.0
1667039960;0.0;0.0;0.0
1667040020;0.0;0.0;0.0
1667040080;0.0;0.0;0.0
1667040140;0.0;0.0;0.0
1667040200;0.0;0.0;0.0
1667040260;0.0;0.0;0.0
1667040320;0.0;0.0;0.0
1667040380;0.0;0.0;0.0
1667040440;0.0;0.0;0.0
1667040500;0.0;0.0;0.0
1667040560;0.0;0.0;0.0
1667040620;0.0;0.0;0.0
1667040680;0.0;0.0;0.0
1667040740;0.0;0.0;0.0
1667040800;0.0;0.0;0.0
1667040860;0.0;0.0;0.0
1667040920;0.0;0.0;0.0
1667040980;0.0;0.0;0.0
1667041040;0.0;0.0;0.0
1667041100;0.0;0.0;0.0
1667041160;0.0;0.0;0.0
1667041220;0.0;0.0;0.0
1667041280;0.0;0.0;0.0
1667041340;0.0;0.0;0.0
1667041400;0.0;0.0;0.0
1667041460;0.0;0.0;0.0
1667041520;0.0;0.0;0.0
1667041580;0.0;0.0;0.0
1667041640;0.0;0.0;0.0
1667041700;0.0;0.0;0.0
1667041760;0.0;0.0;0.0
1667041820;0.0;0.0;0.0
1667041880;0.0;0.0;0.0
1667041940;0.0;0.0;0.0
1667042000;0.0;0.0;0.0
1667042060;0.0;0.0;0.0
1667042120;0.0;0.0;0.0
1667042180;0.0;0.0;0.0
1667042240;0.0;0.0;0.0
1667042300;0.0;0.0;0.0
1667042360;0.0;0.0;0.0
1667042420;0.0;0.0;0.0
1667042480;0.0;0.0;0.0
1667042540;0.0;0.0;0.0
1667042600;0.0;0.0;0.0
1667042660;0.0;0.0;0.0
1667042720;0.0;0.0;0.0
1667042780;0.0;0.0;0.0
1667042840;0.0;0.0;0.0
1667042900;0.0;0.0;0.0
1667042960;0.0;0.0;0.0
1667043020;0.0;0.0;0.0
1667043080;0.0;0.0;0.0
1667043140;0.0;0.0;0.0
1667043200;0.0;0.0;0.0
1667043260;0.0;0.0;0.0
1667043320;0.0;0.0;0.0
1667043380;0.0;0.0;0.0
1667043440;0.0;0.0;0.0
1667043500;0.0;0.0;0.0
1667043560;0.0;0.0;0.0
1667043620;0.0;0.0;0.0
1667043680;0.0;0.0;0.0
1667043740;0.0;0.0;0.0
1667043800;0.0;0.0;0.0
1667043860;0.0;0.0;0.0
1667043920;0.0;0.0;0.0
1667043980;0.0;0.0;0.0
1667044040;0.0;0.0;0.0
1667044100;0.0;0.0;0.0
1667044160;0.0;0.0;0.0
1667044220;0.0;0.0;0.0
1667044280;0.0;0.0;0.0
1667044340;0.0;0.0;0.0
1667044400;0.0;0.0;0.0
1667044460;0.0;0.0;0.0
1667044520;0.0;0.0;0.0
1667044580;0.0;0.0;0.0
1667044640;0.0;0.0;0.0
1667044700;0.0;0.0;0.0
1667044760;0.0;0.0;0.0
1667044820;0.0;0.0;0.0
1667044880;0.0;0.0;0.0
1667044940;0.0;0.0;0.0
1667045000;0.0;0.0;0.0
1667045060;0.0;0.0;0.0
1667045120;0.0;0.0;0.0
1667045180;0.0;0.0;0.0
1667045240;0.0;0.0;0.0
1667045300;0.0;0.0;0.0
1667045360;0.0;0.0;0.0
1667045420;0.0;0.0;0.0
1667045480;0.0;0.0;0.0
1667045540;0.0;0.0;0.0
1667045600;0.0;0.0;0.0
1667045660;0.0;0.0;0.0
1667045720;0.0;0.0;0.0
1667045780;0.0;0.0;0.0
1667045840;0.0;0.0;0.0
1667045900;0.0;0.0;0.0
1667045960;0.0;0.0;0.0
1667046020;0.0;0.0;0.0
1667046080;0.0;0.0;0.0
1667046140;0.0;0.0;0.0
1667046200;0.0;0.0;0.0
1667046260;0.0;0.0;0.0
1667046320;0.0;0.0;0.0
1667046380;0.0;0.0;0.0
1667046440;0.0;0.0;0.0
1667046500;0.0;0.0;0.0
1667046560;0.0;0.0;0.0
1667046620;0.0;0.0;0.0
1667046680;0.0;0.0;0.0
1667046740;0.0;0.0;0.0
1667046800;0.0;0.0;0.0
1667046860;0.0;0.0;0.0
1667046920;0.0;0.0;0.0
1667046980;0.0;0.0;0.0
1667047040;0.0;0.0;0.0
1667047100;0.0;0.0;0.0
1667047160;0.0;0.0;0.0
1667047220;0.0;0.0;0.0
1667047280;0.0;0.0;0.0
1667047340;0.0;0.0;0.0
1667047400;0.0;0.0;0.0
1667047460;0.0;0.0;0.0
1667047520;0.0;0.0;0.0
1667047580;0.0;0.0;0.0
1667047640;0.0;0.0;0.0
1667047700;0.0;0.0;0.0
1667047760;0.0;0.0;0.0
1667047820;0.0;0.0;0.0
1667047880;0.0;0.0;0.0
1667047940;0.0;0.0;0.0
1667048000;0.0;0.0;0.0
1667048060;0.0;0.0;0.0
1667048120;0.0;0.0;0.0
1667048180;0.0;0.0;0.0
1667048240;0.0;0.0;0.0
1667048300;0.0;0.0;0.0
1667048360;0.0;0.0;0.0
1667048420;0.0;0.0;0.0
1667048480;0.0;0.0;0.0
1667048540;0.0;0.0;0.0
1667048600;0.0;0.0;0.0
1667048660;0.0;0.0;0.0
1667048720;0.0;0.0;0.0
1667048780;0.0;0.0;0.0
1667048840;0.0;0.0;0.0
1667048900;0.0;0.0;0.0
1667048960;0.0;0.0;0.0
1667049020;0.0;0.0;0.0
1667049080;0.0;0.0;0.0
1667049140;0.0;0.0;0.0
1667049200;0.0;0.0;0.0
1667049260;0.0;0.0;0.0
1667049320;0.0;0.0;0.0
1667049380;0.0;0.0;0.0
1667049440;0.0;0.0;0.0
1667049500;0.0;0.0;0.0
1667049560;0.0;0.0;0.0
1667049620;0.0;0.0;0.0
1667049680;0.0;0.0;0.0
1667049740;0.0;0.0;0.0
1667049800;0.0;0.0;0.0
1667049860;0.0;0.0;0.0
1667049920;0.0;0.0;0.0
1667049980;0.0;0.0;0.0
1667050040;0.0;0.0;0.0
1667050100;0.0;0.0;0.0
1667050160;0.0;0.0;0.0
1667050220;0.0;0.0;0.0
1667050280;0.0;0.0;0.0
1667050340;0.0;0.0;0.0
1667050400;0.0;0.0;0.0
1667050460;0.0;0.0;0.0
1667050520;0.0;0.0;0.0
1667050580;0.0;0.0;0.0
1667050640;0.0;0.0;0.0
1667050700;0.0;0.0;0.0
1667050760;0.0;0.0;0.0
1667050820;0.0;0.0;0.0
1667050880;0.0;0.0;0.0
1667050940;0.0;0.0;0.0
1667051000;0.0;0.0;0.0
1667051060;0.0;0.0;0.0
1667051120;0.0;0.0;0.0
1667051180;0.0;0.0;0.0
1667051240;0.0;0.0;0.0
1667051300;0.0;0.0;0.0
1667051360;0.0;0.0;0.0
1667051420;0.0;0.0;0.0
1667051480;0.0;0.0;0.0
1667051540;0.0;0.0;0.0
1667051600;0.0;0.0;0.0
1667051660;0.0;0.0;0.0
1667051720;0.0;0.0;0.0
1667051780;0.0;0.0;0.0
1667051840;0.0;0.0;0.0
1667051900;0.0;0.0;0.0
1667051960;0.0;0.0;0.0
1667052020;0.0;0.0;0.0
1667052080;0.0;0.0;0.0
1667052140;0.0;0.0;0.0
1667052200;0.0;0.0;0.0
1667052260;0.0;0.0;0.0
1667052320;0.0;0.0;0.0
1667052380;0.0;0.0;0.0
1667052440;0.0;0.0;0.0
1667052500;0.0;0.0;0.0
1667052560;0.0;0.0;0.0
1667052620;0.0;0.0;0.0
1667052680;0.0;0.0;0.0
1667052740;0.0;0.0;0.0
1667052800;0.0;0.0;0.0
1667052860;0.0;0.0;0.0
1667052920;0.0;0.0;0.0
1667052980;0.0;0.0;0.0
1667053040;0.0;0.0;0.0
1667053100;0.0;0.0;0.0
1667053160;0.0;0.0;0.0
1667053220;0.0;0.0;0.0
1667053280;0.0;0.0;0.0
1667053340;0.0;0.0;0.0
1667053400;0.0;0.0;0.0
1667053460;0.0;0.0;0.0
1667053520;0.0;0.0;0.0
1667053580;0.0;0.0;0.0
1667053640;0.0;0.0;0.0
1667053700;0.0;0.0;0.0
1667053760;0.0;0.0;0.0
1667053820;0.0;0.0;0.0
1667053880;0.0;0.0;0.0
1667053940;0.0;0.0;0.0
1667054000;0.0;0.0;0.0
1667054060;0.0;0.0;0.0
1667054120;0.0;0.0;0.0
1667054180;0.0;0.0;0.0
1667054240;0.0;0.0;0.0
1667054300;0.0;0.0;0.0
1667054360;0.0;0.0;0.0
1667054420;0.0;0.0;0.0
1667054480;0.0;0.0;0.0
1667054540;0.0;0.0;0.0
1667054600;0.0;0.0;0.0
1667054660;0.0;0.0;0.0
1667054720;0.0;0.0;0.0
1667054780;0.0;0.0;0.0
1667054840;0.0;0.0;0.0
1667054900;0.0;0.0;0.0
1667054960;0.0;0.0;0.0
1667055020;0.0;0.0;0.0
1667055080;0.0;0.0;0.0
1667055140;0.0;0.0;0.0
1667055200;0.0;0.0;0.0
1667055260;0.0;0.0;0.0
1667055320;0.0;0.0;0.0
1667055380;0.0;0.0;0.0
1667055440;0.0;0.0;0.0
1667055500;0.0;0.0;0.0
1667055560;0.0;0.0;0.0
1667055620;0.0;0.0;0.0
1667055680;0.0;0.0;0.0
1667055740;0.0;0.0;0.0
1667055800;0.0;0.0;0.0
1667055860;0.0;0.0;0.0
1667055920;0.0;0.0;0.0
1667055980;0.0;0.0;0.0
1667056040;0.0;0.0;0.0
1667056100;0.0;0.0;0.0
1667056160;0.0;0.0;0.0
1667056220;0.0;0.0;0.0
1667056280;0.0;0.0;0.0
1667056340;0.0;0.0;0.0
1667056400;0.0;0.0;0.0
1667056460;0.0;0.0;0.0
1667056520;0.0;0.0;0.0
1667056580;0.0;0.0;0.0
1667056640;0.0;0.0;0.0
1667056700;0.0;0.0;0.0
1667056760;0.0;0.0;0.0
1667056820;0.0;0.0;0.0
1667056880;0.0;0.0;0.0
1667056940;0.0;0.0;0.0
1667057000;0.0;0.0;0.0
1667057060;0.0;0.0;0.0
1667057120;0.0;0.0;0.0
1667057180;0.0;0.0;0.0
1667057240;0.0;0.0;0.0
1667057300;0.0;0.0;0.0
1667057360;0.0;0.0;0.0
1667057420;0.0;0.0;0.0
1667057480;0.0;0.0;0.0
1667057540;0.0;0.0;0.0
1667057600;0.0;0.0;0.0
1667057660;0.0;0.0;0.0
1667057720;0.0;0.0;0.0
1667057780;0.0;0.0;0.0
1667057840;0.0;0.0;0.0
1667057900;0.0;0.0;0.0
1667057960;0.0;0.0;0.0
1667058020;0.0;0.0;0.0
1667058080;0.0;0.0;0.0
1667058140;0.0;0.0;0.0
1667058200;0.0;0.0;0.0
1667058260;0.0;0.0;0.0
1667058320;0.0;0.0;0.0
1667058380;0.0;0.0;0.0
1667058440;0.0;0.0;0.0
1667058500;0.0;0.0;0.0
1667058560;0.0;0.0;0.0
1667058620;0.0;0.0;0.0
1667058680;0.0;0.0;0.0
1667058740;0.0;0.0;0.0
1667058800;0.0;0.0;0.0
1667058860;0.0;0.0;0.0
1667058920;0.0;0.0;0.0
1667058980;0.0;0.0;0.0
1667059040;0.0;0.0;0.0
1667059100;0.0;0.0;0.0
1667059160;0.0;0.0;0.0
1667059220;308.9413833459218;0.016666666666666663;0.016666666666666663
1667059280;0.0;0.0;0.0
1667059340;0.0;0.0;0.0
1667059400;0.0;0.0;0.0
1667059460;0.0;0.0;0.0
1667059520;27.546864295005797;0.007732842352514001;0.0
1667059580;150.5691701412201;0.042267157647485995;0.0
1667059640;0.0;0.0;0.0
1667059700;0.0;0.0;0.0
1667059760;0.0;0.0;0.0
1667059820;0.0;0.0;0.0
1667059880;0.0;0.0;0.0
1667059940;0.0;0.0;0.0
1667060000;0.0;0.0;0.0
1667060060;0.0;0.0;0.0
1667060120;894.1017497499784;0.2005922804698423;0.021392330763567932
1667060180;4533.0;0.1399648025492221;0.03832369593609653
1667060240;4533.0;0.1399648025492221;0.03832369593609653
1667060300;4533.0;0.1399648025492221;0.03832369593609653
1667060360;4533.0;0.1399648025492221;0.03832369593609653
1667060420;4533.0;0.1399648025492221;0.03832369593609653
1667060480;4533.0;0.1399648025492221;0.03832369593609653
1667060540;4533.0;0.1399648025492221;0.03832369593609653
1667060600;4533.0;0.1399648025492221;0.03832369593609653
1667060660;4533.0;0.1399648025492221;0.03832369593609653
1667060720;4533.120794459184;0.17700500364892083;0.04577213127315183
1667060780;4534.0;0.4466030486236879;0.09998575715455699
1667060840;4534.0;0.4466030486236879;0.09998575715455699
1667060900;4534.0;0.4466030486236879;0.09998575715455699
1667060960;4534.0;0.4466030486236879;0.09998575715455699
1667061020;4534.0;0.4466030486236879;0.09998575715455699
1667061080;4534.0;0.4466030486236879;0.09998575715455699
1667061140;4534.0;0.4466030486236879;0.09998575715455699
1667061200;4534.0;0.4466030486236879;0.09998575715455699
1667061260;4534.0;0.4466030486236879;0.09998575715455699
1667061320;3992.7765480756757;0.3932920553250467;0.08805046014739851
1667061380;0.0;0.0;0.0
1667061440;0.0;0.0;0.0
1667061500;0.0;0.0;0.0
1667061560;0.0;0.0;0.0
1667061620;0.0;0.0;0.0
1667061680;0.0;0.0;0.0
1667061740;0.0;0.0;0.0
1667061800;0.0;0.0;0.0
1667061860;0.0;0.0;0.0
1667061920;0.0;0.0;0.0
1667061980;0.0;0.0;0.0
1667062040;0.0;0.0;0.0
1667062100;0.0;0.0;0.0
1667062160;0.0;0.0;0.0
1667062220;0.0;0.0;0.0
1667062280;0.0;0.0;0.0
1667062340;0.0;0.0;0.0
1667062400;0.0;0.0;0.0
1667062460;0.0;0.0;0.0
1667062520;2995.584098339081;0.007312805065103094;0.0
1667062580;4106.215720339616;0.17602052826823023;0.016666666666666666
1667062640;0.0;0.0;0.0
1667062700;0.0;0.0;0.0
1667062760;0.0;0.0;0.0
1667062820;0.0;0.0;0.0
1667062880;0.0;0.0;0.0
1667062940;0.0;0.0;0.0
1667063000;0.0;0.0;0.0
1667063060;0.0;0.0;0.0
1667063120;0.0;0.0;0.0
1667063180;0.0;0.0;0.0
1667063240;0.0;0.0;0.0
1667063300;0.0;0.0;0.0
1667063360;0.0;0.0;0.0
1667063420;0.0;0.0;0.0
1667063480;0.0;0.0;0.0
1667063540;0.0;0.0;0.0
1667063600;0.0;0.0;0.0
1667063660;0.0;0.0;0.0
1667063720;0.0;0.0;0.0
1667063780;0.0;0.0;0.0
1667063840;0.0;0.0;0.0
1667063900;0.0;0.0;0.0
1667063960;0.0;0.0;0.0
1667064020;0.0;0.0;0.0
1667064080;0.0;0.0;0.0
1667064140;0.0;0.0;0.0
1667064200;0.0;0.0;0.0
1667064260;0.0;0.0;0.0
1667064320;0.0;0.0;0.0
1667064380;0.0;0.0;0.0
1667064440;0.0;0.0;0.0
1667064500;0.0;0.0;0.0
1667064560;0.0;0.0;0.0
1667064620;0.0;0.0;0.0
1667064680;0.0;0.0;0.0
1667064740;0.0;0.0;0.0
1667064800;0.0;0.0;0.0
1667064860;0.0;0.0;0.0
1667064920;0.0;0.0;0.0
1667064980;0.0;0.0;0.0
1667065040;0.0;0.0;0.0
1667065100;0.0;0.0;0.0
1667065160;1252.6939248402914;1.6182403553324186e-05;1.6182403553324186e-05
1667065220;4576.0;5.911314583045683e-05;5.911314583045683e-05
1667065280;4576.0;5.911314583045683e-05;5.911314583045683e-05
1667065340;4576.0;5.911314583045683e-05;5.911314583045683e-05
1667065400;4576.0;5.911314583045683e-05;5.911314583045683e-05
1667065460;4576.0;5.911314583045683e-05;5.911314583045683e-05
1667065520;4576.0;5.911314583045683e-05;5.911314583045683e-05
1667065580;4576.0;5.911314583045683e-05;5.911314583045683e-05
1667065640;4576.0;5.911314583045683e-05;5.911314583045683e-05
1667065700;4576.0;5.911314583045683e-05;5.911314583045683e-05
1667065760;4576.0;5.911314583045683e-05;5.911314583045683e-05
1667065820;4576.0;5.911314583045683e-05;5.911314583045683e-05
1667065880;4576.0;5.911314583045683e-05;5.911314583045683e-05
1667065940;4576.0;5.911314583045683e-05;5.911314583045683e-05
1667066000;4576.0;5.911314583045683e-05;5.911314583045683e-05
1667066060;4576.0;5.911314583045683e-05;5.911314583045683e-05
1667066120;4576.0;5.911314583045683e-05;5.911314583045683e-05
1667066180;4576.0;5.911314583045683e-05;5.911314583045683e-05
1667066240;4576.0;5.911314583045683e-05;5.911314583045683e-05
1667066300;4576.0;5.911314583045683e-05;5.911314583045683e-05
1667066360;4576.0;5.911314583045683e-05;5.911314583045683e-05
1667066420;4576.0;5.911314583045683e-05;5.911314583045683e-05
1667066480;4576.0;5.911314583045683e-05;5.911314583045683e-05
1667066540;4576.0;5.911314583045683e-05;5.911314583045683e-05
1667066600;4576.0;5.911314583045683e-05;5.911314583045683e-05
1667066660;4576.0;5.911314583045683e-05;5.911314583045683e-05
1667066720;4576.0;5.911314583045683e-05;5.911314583045683e-05
1667066780;4576.0;5.911314583045683e-05;5.911314583045683e-05
1667066840;4576.0;5.911314583045683e-05;5.911314583045683e-05
1667066900;4576.0;5.911314583045683e-05;5.911314583045683e-05
1667066960;4576.0;5.911314583045683e-05;5.911314583045683e-05
1667067020;4576.0;5.911314583045683e-05;5.911314583045683e-05
1667067080;4576.0;5.911314583045683e-05;5.911314583045683e-05
1667067140;4576.0;5.911314583045683e-05;5.911314583045683e-05
1667067200;4576.0;5.911314583045683e-05;5.911314583045683e-05
1667067260;4576.0;5.911314583045683e-05;5.911314583045683e-05
1667067320;4576.0;5.911314583045683e-05;5.911314583045683e-05
1667067380;4576.0;5.911314583045683e-05;5.911314583045683e-05
1667067440;4576.0;5.911314583045683e-05;5.911314583045683e-05
1667067500;4576.0;5.911314583045683e-05;5.911314583045683e-05
1667067560;4576.0;5.911314583045683e-05;5.911314583045683e-05
1667067620;4576.0;5.911314583045683e-05;5.911314583045683e-05
1667067680;4576.0;5.911314583045683e-05;5.911314583045683e-05
1667067740;4576.0;5.911314583045683e-05;5.911314583045683e-05
1667067800;4576.0;5.911314583045683e-05;5.911314583045683e-05
1667067860;4576.0;5.911314583045683e-05;5.911314583045683e-05
1667067920;4576.0;5.911314583045683e-05;5.911314583045683e-05
1667067980;4576.0;5.911314583045683e-05;5.911314583045683e-05
1667068040;4576.0;5.911314583045683e-05;5.911314583045683e-05
1667068100;4576.0;5.911314583045683e-05;5.911314583045683e-05
1667068160;4576.0;5.911314583045683e-05;5.911314583045683e-05
1667068220;4576.0;5.911314583045683e-05;5.911314583045683e-05
1667068280;4576.0;5.911314583045683e-05;5.911314583045683e-05
1667068340;4576.0;5.911314583045683e-05;5.911314583045683e-05
1667068400;4576.0;5.911314583045683e-05;5.911314583045683e-05
1667068460;4576.0;5.911314583045683e-05;5.911314583045683e-05
1667068520;4576.0;5.911314583045683e-05;5.911314583045683e-05
1667068580;4576.0;5.911314583045683e-05;5.911314583045683e-05
1667068640;4576.0;5.911314583045683e-05;5.911314583045683e-05
1667068700;4576.0;5.911314583045683e-05;5.911314583045683e-05
1667068760;4576.0;5.911314583045683e-05;5.911314583045683e-05
1667068820;4576.0;5.911314583045683e-05;5.911314583045683e-05
1667068880;4576.0;5.911314583045683e-05;5.911314583045683e-05
1667068940;4576.0;5.911314583045683e-05;5.911314583045683e-05
1667069000;4576.0;5.911314583045683e-05;5.911314583045683e-05
1667069060;4576.0;5.911314583045683e-05;5.911314583045683e-05
1667069120;4576.0;5.911314583045683e-05;5.911314583045683e-05
1667069180;4576.0;5.911314583045683e-05;5.911314583045683e-05
1667069240;4576.0;5.911314583045683e-05;5.911314583045683e-05
1667069300;4576.0;5.911314583045683e-05;5.911314583045683e-05
1667069360;4576.0;5.911314583045683e-05;5.911314583045683e-05
1667069420;4576.0;5.911314583045683e-05;5.911314583045683e-05
1667069480;4576.0;5.911314583045683e-05;5.911314583045683e-05
1667069540;4576.0;5.911314583045683e-05;5.911314583045683e-05
1667069600;4576.0;5.911314583045683e-05;5.911314583045683e-05
1667069660;4576.0;5.911314583045683e-05;5.911314583045683e-05
1667069720;4576.0;5.911314583045683e-05;5.911314583045683e-05
1667069780;4576.0;5.911314583045683e-05;5.911314583045683e-05
1667069840;4576.0;5.911314583045683e-05;5.911314583045683e-05
1667069900;4576.0;5.911314583045683e-05;5.911314583045683e-05
1667069960;4576.0;5.911314583045683e-05;5.911314583045683e-05
1667070020;4576.0;5.911314583045683e-05;5.911314583045683e-05
1667070080;4576.0;5.911314583045683e-05;5.911314583045683e-05
1667070140;4576.0;5.911314583045683e-05;5.911314583045683e-05
1667070200;4576.0;5.911314583045683e-05;5.911314583045683e-05
1667070260;4576.0;5.911314583045683e-05;5.911314583045683e-05
1667070320;4576.0;5.911314583045683e-05;5.911314583045683e-05
1667070380;4576.0;5.911314583045683e-05;5.911314583045683e-05
1667070440;4576.0;5.911314583045683e-05;5.911314583045683e-05
1667070500;4576.0;5.911314583045683e-05;5.911314583045683e-05
1667070560;4576.0;5.911314583045683e-05;5.911314583045683e-05
1667070620;4576.0;5.911314583045683e-05;5.911314583045683e-05
1667070680;4576.0;5.911314583045683e-05;5.911314583045683e-05
1667070740;4576.0;5.911314583045683e-05;5.911314583045683e-05
1667070800;4576.0;5.911314583045683e-05;5.911314583045683e-05
1667070860;4576.0;5.911314583045683e-05;5.911314583045683e-05
1667070920;4576.0;5.911314583045683e-05;5.911314583045683e-05
1667070980;4576.0;5.911314583045683e-05;5.911314583045683e-05
1667071040;4576.0;5.911314583045683e-05;5.911314583045683e-05
1667071100;4576.0;5.911314583045683e-05;5.911314583045683e-05
1667071160;4576.0;5.911314583045683e-05;5.911314583045683e-05
1667071220;4576.0;5.911314583045683e-05;5.911314583045683e-05
1667071280;4576.0;5.911314583045683e-05;5.911314583045683e-05
1667071340;4576.0;5.911314583045683e-05;5.911314583045683e-05
1667071400;4576.0;5.911314583045683e-05;5.911314583045683e-05
1667071460;4576.0;5.911314583045683e-05;5.911314583045683e-05
1667071520;4576.0;5.911314583045683e-05;5.911314583045683e-05
1667071580;4576.0;5.911314583045683e-05;5.911314583045683e-05
1667071640;4576.0;5.911314583045683e-05;5.911314583045683e-05
1667071700;4576.0;5.911314583045683e-05;5.911314583045683e-05
1667071760;4576.0;5.911314583045683e-05;5.911314583045683e-05
1667071820;4576.0;5.911314583045683e-05;5.911314583045683e-05
1667071880;4576.0;5.911314583045683e-05;5.911314583045683e-05
1667071940;4576.0;5.911314583045683e-05;5.911314583045683e-05
1667072000;4576.0;5.911314583045683e-05;5.911314583045683e-05
1667072060;4576.0;5.911314583045683e-05;5.911314583045683e-05
1667072120;4576.0;5.911314583045683e-05;5.911314583045683e-05
1667072180;4576.0;5.911314583045683e-05;5.911314583045683e-05
1667072240;4576.0;5.911314583045683e-05;5.911314583045683e-05
1667072300;4576.0;5.911314583045683e-05;5.911314583045683e-05
1667072360;4576.0;5.911314583045683e-05;5.911314583045683e-05
1667072420;4576.0;5.911314583045683e-05;5.911314583045683e-05
1667072480;4576.0;5.911314583045683e-05;5.911314583045683e-05
1667072540;4576.0;5.911314583045683e-05;5.911314583045683e-05
1667072600;4576.0;5.911314583045683e-05;5.911314583045683e-05
1667072660;4576.0;5.911314583045683e-05;5.911314583045683e-05
1667072720;4576.0;5.911314583045683e-05;5.911314583045683e-05
1667072780;4576.0;5.911314583045683e-05;5.911314583045683e-05
1667072840;4576.0;5.911314583045683e-05;5.911314583045683e-05
1667072900;4576.0;5.911314583045683e-05;5.911314583045683e-05
1667072960;4576.0;5.911314583045683e-05;5.911314583045683e-05
1667073020;4576.0;5.911314583045683e-05;5.911314583045683e-05
1667073080;4576.0;5.911314583045683e-05;5.911314583045683e-05
1667073140;4576.0;5.911314583045683e-05;5.911314583045683e-05
1667073200;4576.0;5.911314583045683e-05;5.911314583045683e-05
1667073260;4576.0;5.911314583045683e-05;5.911314583045683e-05
1667073320;4576.0;5.911314583045683e-05;5.911314583045683e-05
1667073380;4576.0;5.911314583045683e-05;5.911314583045683e-05
1667073440;4576.0;5.911314583045683e-05;5.911314583045683e-05
1667073500;4576.0;5.911314583045683e-05;5.911314583045683e-05
1667073560;4576.0;5.911314583045683e-05;5.911314583045683e-05
1667073620;4576.0;5.911314583045683e-05;5.911314583045683e-05
1667073680;4576.0;5.911314583045683e-05;5.911314583045683e-05
1667073740;4576.0;5.911314583045683e-05;5.911314583045683e-05
1667073800;4576.0;5.911314583045683e-05;5.911314583045683e-05
1667073860;4576.0;5.911314583045683e-05;5.911314583045683e-05
1667073920;4576.0;5.911314583045683e-05;5.911314583045683e-05
1667073980;4576.0;5.911314583045683e-05;5.911314583045683e-05
1667074040;4576.0;5.911314583045683e-05;5.911314583045683e-05
1667074100;4576.0;5.911314583045683e-05;5.911314583045683e-05
1667074160;4576.0;5.911314583045683e-05;5.911314583045683e-05
1667074220;4576.0;5.911314583045683e-05;5.911314583045683e-05
1667074280;4576.0;5.911314583045683e-05;5.911314583045683e-05
1667074340;4576.0;5.911314583045683e-05;5.911314583045683e-05
1667074400;4576.0;5.911314583045683e-05;5.911314583045683e-05
1667074460;4576.0;5.911314583045683e-05;5.911314583045683e-05
1667074520;4576.0;5.911314583045683e-05;5.911314583045683e-05
1667074580;4576.0;5.911314583045683e-05;5.911314583045683e-05
1667074640;4576.0;5.911314583045683e-05;5.911314583045683e-05
1667074700;4576.0;5.911314583045683e-05;5.911314583045683e-05
1667074760;4576.0;5.911314583045683e-05;5.911314583045683e-05
1667074820;4576.0;5.911314583045683e-05;5.911314583045683e-05
1667074880;4576.0;5.911314583045683e-05;5.911314583045683e-05
1667074940;4576.0;5.911314583045683e-05;5.911314583045683e-05
1667075000;4576.0;5.911314583045683e-05;5.911314583045683e-05
1667075060;4576.0;5.911314583045683e-05;5.911314583045683e-05
1667075120;4576.0;5.911314583045683e-05;5.911314583045683e-05
1667075180;4576.0;5.911314583045683e-05;5.911314583045683e-05
1667075240;4576.0;5.911314583045683e-05;5.911314583045683e-05
1667075300;4576.0;5.911314583045683e-05;5.911314583045683e-05
1667075360;4576.0;5.911314583045683e-05;5.911314583045683e-05
1667075420;4576.0;5.911314583045683e-05;5.911314583045683e-05
1667075480;4576.0;5.911314583045683e-05;5.911314583045683e-05
1667075540;4576.0;5.911314583045683e-05;5.911314583045683e-05
1667075600;4576.0;5.911314583045683e-05;5.911314583045683e-05
1667075660;4576.0;5.911314583045683e-05;5.911314583045683e-05
1667075720;4576.0;5.911314583045683e-05;5.911314583045683e-05
1667075780;4576.0;5.911314583045683e-05;5.911314583045683e-05
1667075840;4576.0;5.911314583045683e-05;5.911314583045683e-05
1667075900;4576.0;5.911314583045683e-05;5.911314583045683e-05
1667075960;4576.0;5.911314583045683e-05;5.911314583045683e-05
1667076020;4576.0;5.911314583045683e-05;5.911314583045683e-05
1667076080;4576.0;5.911314583045683e-05;5.911314583045683e-05
1667076140;4576.0;5.911314583045683e-05;5.911314583045683e-05
1667076200;4576.0;5.911314583045683e-05;5.911314583045683e-05
1667076260;4576.0;5.911314583045683e-05;5.911314583045683e-05
1667076320;4576.0;5.911314583045683e-05;5.911314583045683e-05
1667076380;4576.0;5.911314583045683e-05;5.911314583045683e-05
1667076440;4576.0;5.911314583045683e-05;5.911314583045683e-05
1667076500;4576.0;5.911314583045683e-05;5.911314583045683e-05
1667076560;4576.0;5.911314583045683e-05;5.911314583045683e-05
1667076620;4576.0;5.911314583045683e-05;5.911314583045683e-05
1667076680;4576.0;5.911314583045683e-05;5.911314583045683e-05
1667076740;4576.0;5.911314583045683e-05;5.911314583045683e-05
1667076800;4576.0;5.911314583045683e-05;5.911314583045683e-05
1667076860;4576.0;5.911314583045683e-05;5.911314583045683e-05
1667076920;4576.0;5.911314583045683e-05;5.911314583045683e-05
1667076980;4576.0;5.911314583045683e-05;5.911314583045683e-05
1667077040;4576.0;5.911314583045683e-05;5.911314583045683e-05
1667077100;4576.0;5.911314583045683e-05;5.911314583045683e-05
1667077160;4576.0;5.911314583045683e-05;5.911314583045683e-05
1667077220;4576.0;5.911314583045683e-05;5.911314583045683e-05
1667077280;4576.0;5.911314583045683e-05;5.911314583045683e-05
1667077340;4576.0;5.911314583045683e-05;5.911314583045683e-05
1667077400;4576.0;5.911314583045683e-05;5.911314583045683e-05
1667077460;4576.0;5.911314583045683e-05;5.911314583045683e-05
1667077520;4576.0;5.911314583045683e-05;5.911314583045683e-05
1667077580;4576.0;5.911314583045683e-05;5.911314583045683e-05
1667077640;4576.0;5.911314583045683e-05;5.911314583045683e-05
1667077700;4576.0;5.911314583045683e-05;5.911314583045683e-05
1667077760;4576.0;5.911314583045683e-05;5.911314583045683e-05
1667077820;4576.0;5.911314583045683e-05;5.911314583045683e-05
1667077880;4576.0;5.911314583045683e-05;5.911314583045683e-05
1667077940;4576.0;5.911314583045683e-05;5.911314583045683e-05
1667078000;4576.0;5.911314583045683e-05;5.911314583045683e-05
1667078060;4576.0;5.911314583045683e-05;5.911314583045683e-05
1667078120;4576.0;5.911314583045683e-05;5.911314583045683e-05
1667078180;4576.0;5.911314583045683e-05;5.911314583045683e-05
1667078240;4576.0;5.911314583045683e-05;5.911314583045683e-05
1667078300;4576.0;5.911314583045683e-05;5.911314583045683e-05
1667078360;4576.0;5.911314583045683e-05;5.911314583045683e-05
1667078420;4576.0;5.911314583045683e-05;5.911314583045683e-05
1667078480;4576.0;5.911314583045683e-05;5.911314583045683e-05
1667078540;4576.0;5.911314583045683e-05;5.911314583045683e-05
1667078600;4576.0;5.911314583045683e-05;5.911314583045683e-05
1667078660;4576.0;5.911314583045683e-05;5.911314583045683e-05
1667078720;4576.0;5.911314583045683e-05;5.911314583045683e-05
1667078780;4576.0;5.911314583045683e-05;5.911314583045683e-05
1667078840;4576.0;5.911314583045683e-05;5.911314583045683e-05
1667078900;4576.0;5.911314583045683e-05;5.911314583045683e-05
1667078960;4576.0;5.911314583045683e-05;5.911314583045683e-05
1667079020;4576.0;5.911314583045683e-05;5.911314583045683e-05
1667079080;4576.0;5.911314583045683e-05;5.911314583045683e-05
1667079140;4576.0;5.911314583045683e-05;5.911314583045683e-05
1667079200;4576.0;5.911314583045683e-05;5.911314583045683e-05
1667079260;4576.0;5.911314583045683e-05;5.911314583045683e-05
1667079320;4576.0;5.911314583045683e-05;5.911314583045683e-05
1667079380;4576.0;5.911314583045683e-05;5.911314583045683e-05
1667079440;4576.0;5.911314583045683e-05;5.911314583045683e-05
1667079500;4576.0;5.911314583045683e-05;5.911314583045683e-05
1667079560;4576.0;5.911314583045683e-05;5.911314583045683e-05
1667079620;4576.0;5.911314583045683e-05;5.911314583045683e-05
1667079680;4576.0;5.911314583045683e-05;5.911314583045683e-05
1667079740;4576.0;5.911314583045683e-05;5.911314583045683e-05
1667079800;4576.0;5.911314583045683e-05;5.911314583045683e-05
1667079860;4576.0;5.911314583045683e-05;5.911314583045683e-05
1667079920;4576.0;5.911314583045683e-05;5.911314583045683e-05
1667079980;4576.0;5.911314583045683e-05;5.911314583045683e-05
1667080040;4576.0;5.911314583045683e-05;5.911314583045683e-05
1667080100;4576.0;5.911314583045683e-05;5.911314583045683e-05
1667080160;4576.0;5.911314583045683e-05;5.911314583045683e-05
1667080220;4576.0;5.911314583045683e-05;5.911314583045683e-05
1667080280;4576.0;5.911314583045683e-05;5.911314583045683e-05
1667080340;4576.0;5.911314583045683e-05;5.911314583045683e-05
1667080400;4576.0;5.911314583045683e-05;5.911314583045683e-05
1667080460;4576.0;5.911314583045683e-05;5.911314583045683e-05
1667080520;4576.0;5.911314583045683e-05;5.911314583045683e-05
1667080580;4576.0;5.911314583045683e-05;5.911314583045683e-05
1667080640;4576.0;5.911314583045683e-05;5.911314583045683e-05
1667080700;4576.0;5.911314583045683e-05;5.911314583045683e-05
1667080760;4576.0;5.911314583045683e-05;5.911314583045683e-05
1667080820;4576.0;5.911314583045683e-05;5.911314583045683e-05
1667080880;4576.0;5.911314583045683e-05;5.911314583045683e-05
1667080940;4576.0;5.911314583045683e-05;5.911314583045683e-05
1667081000;4576.0;5.911314583045683e-05;5.911314583045683e-05
1667081060;4576.0;5.911314583045683e-05;5.911314583045683e-05
1667081120;4576.0;5.911314583045683e-05;5.911314583045683e-05
1667081180;4576.0;5.911314583045683e-05;5.911314583045683e-05
1667081240;4576.0;5.911314583045683e-05;5.911314583045683e-05
1667081300;4576.0;5.911314583045683e-05;5.911314583045683e-05
1667081360;4576.0;5.911314583045683e-05;5.911314583045683e-05
1667081420;4576.0;5.911314583045683e-05;5.911314583045683e-05
1667081480;4576.0;5.911314583045683e-05;5.911314583045683e-05
1667081540;4576.0;5.911314583045683e-05;5.911314583045683e-05
1667081600;4576.0;5.911314583045683e-05;5.911314583045683e-05
1667081660;4576.0;5.911314583045683e-05;5.911314583045683e-05
1667081720;4576.0;5.911314583045683e-05;5.911314583045683e-05
1667081780;4576.0;5.911314583045683e-05;5.911314583045683e-05
1667081840;4576.0;5.911314583045683e-05;5.911314583045683e-05
1667081900;4576.0;5.911314583045683e-05;5.911314583045683e-05
1667081960;4576.0;5.911314583045683e-05;5.911314583045683e-05
1667082020;4576.0;5.911314583045683e-05;5.911314583045683e-05
1667082080;3976.4568833867706;0.03607443399095596;0.0333730236180883
1667082140;1061.1207881768546;0.013965256293799007;0.0
1667082200;0.0;0.0;0.0
1667082260;0.0;0.0;0.0
1667082320;0.0;0.0;0.0
1667082380;0.0;0.0;0.0
1667082440;0.0;0.0;0.0
1667082500;0.0;0.0;0.0
1667082560;0.0;0.0;0.0
1667082620;444.21252329349517;0.01132756260254031;0.0
1667082680;379.7454340457916;0.07200577073079303;0.0
1667082740;0.0;0.0;0.0
1667082800;0.0;0.0;0.0
1667082860;0.0;0.0;0.0
1667082920;0.0;0.0;0.0
1667082980;0.0;0.0;0.0
1667083040;4099.960411691666;1.2002335021891848;0.0
1667083100;4617.0;1.3515930699733323;0.0
1667083160;4617.0;1.3515930699733323;0.0
1667083220;4617.0;1.3515930699733323;0.0
1667083280;39.809547257423404;0.011653954557485238;0.0
1667083340;0.0;0.0;0.0
1667083400;0.0;0.0;0.0
1667083460;0.0;0.0;0.0
1667083520;0.0;0.0;0.0
1667083580;0.0;0.0;0.0
1667083640;302.26722593307494;0.004301553409693166;0.0008603106819386333
1667083700;4626.0;0.06583243026700628;0.013166486053401255
1667083760;2918.6167112350463;0.01968096926268245;0.00912148953737534
1667083820;3128.7739621003466;0.010185047060618105;0.010185047060618105
1667083880;0.0;0.0;0.0
1667083940;0.0;0.0;0.0
1667084000;0.0;0.0;0.0
1667084060;0.0;0.0;0.0
1667084120;0.0;0.0;0.0
1667084180;0.0;0.0;0.0
1667084240;0.0;0.0;0.0
1667084300;0.0;0.0;0.0
1667084360;0.0;0.0;0.0
1667084420;0.0;0.0;0.0
1667084480;0.0;0.0;0.0
1667084540;0.0;0.0;0.0
1667084600;0.0;0.0;0.0
1667084660;0.0;0.0;0.0
1667084720;0.0;0.0;0.0
1667084780;0.0;0.0;0.0
1667084840;0.0;0.0;0.0
1667084900;0.0;0.0;0.0
1667084960;0.0;0.0;0.0
1667085020;0.0;0.0;0.0
1667085080;0.0;0.0;0.0
1667085140;0.0;0.0;0.0
1667085200;0.0;0.0;0.0
1667085260;0.0;0.0;0.0
1667085320;0.0;0.0;0.0
1667085380;0.0;0.0;0.0
1667085440;0.0;0.0;0.0
1667085500;0.0;0.0;0.0
1667085560;0.0;0.0;0.0
1667085620;0.0;0.0;0.0
1667085680;0.0;0.0;0.0
1667085740;0.0;0.0;0.0
1667085800;0.0;0.0;0.0
1667085860;0.0;0.0;0.0
1667085920;0.0;0.0;0.0
1667085980;0.0;0.0;0.0
1667086040;0.0;0.0;0.0
1667086100;0.0;0.0;0.0
1667086160;0.0;0.0;0.0
1667086220;0.0;0.0;0.0
1667086280;0.0;0.0;0.0
1667086340;0.0;0.0;0.0
1667086400;0.0;0.0;0.0
1667086460;0.0;0.0;0.0
1667086520;0.0;0.0;0.0
1667086580;0.0;0.0;0.0
1667086640;0.0;0.0;0.0
1667086700;0.0;0.0;0.0
1667086760;0.0;0.0;0.0
1667086820;0.0;0.0;0.0
1667086880;0.0;0.0;0.0
1667086940;0.0;0.0;0.0
1667087000;0.0;0.0;0.0
1667087060;0.0;0.0;0.0
1667087120;0.0;0.0;0.0
1667087180;0.0;0.0;0.0
1667087240;0.0;0.0;0.0
1667087300;0.0;0.0;0.0
1667087360;0.0;0.0;0.0
1667087420;0.0;0.0;0.0
1667087480;0.0;0.0;0.0
1667087540;0.0;0.0;0.0
1667087600;0.0;0.0;0.0
1667087660;0.0;0.0;0.0
1667087720;0.0;0.0;0.0
1667087780;0.0;0.0;0.0
1667087840;0.0;0.0;0.0
1667087900;0.0;0.0;0.0
1667087960;0.0;0.0;0.0
1667088020;0.0;0.0;0.0
1667088080;0.0;0.0;0.0
1667088140;0.0;0.0;0.0
1667088200;0.0;0.0;0.0
1667088260;0.0;0.0;0.0
1667088320;0.0;0.0;0.0
1667088380;0.0;0.0;0.0
1667088440;0.0;0.0;0.0
1667088500;0.0;0.0;0.0
1667088560;0.0;0.0;0.0
1667088620;0.0;0.0;0.0
1667088680;0.0;0.0;0.0
1667088740;0.0;0.0;0.0
1667088800;0.0;0.0;0.0
1667088860;0.0;0.0;0.0
1667088920;0.0;0.0;0.0
1667088980;0.0;0.0;0.0
1667089040;0.0;0.0;0.0
1667089100;0.0;0.0;0.0
1667089160;0.0;0.0;0.0
1667089220;0.0;0.0;0.0
1667089280;0.0;0.0;0.0
1667089340;0.0;0.0;0.0
1667089400;0.0;0.0;0.0
1667089460;0.0;0.0;0.0
1667089520;0.0;0.0;0.0
1667089580;0.0;0.0;0.0
1667089640;0.0;0.0;0.0
1667089700;0.0;0.0;0.0
1667089760;0.0;0.0;0.0
1667089820;0.0;0.0;0.0
1667089880;0.0;0.0;0.0
1667089940;0.0;0.0;0.0
1667090000;0.0;0.0;0.0
1667090060;0.0;0.0;0.0
1667090120;0.0;0.0;0.0
1667090180;0.0;0.0;0.0
1667090240;0.0;0.0;0.0
1667090300;0.0;0.0;0.0
1667090360;0.0;0.0;0.0
1667090420;0.0;0.0;0.0
1667090480;0.0;0.0;0.0
1667090540;0.0;0.0;0.0
1667090600;0.0;0.0;0.0
1667090660;0.0;0.0;0.0
1667090720;0.0;0.0;0.0
1667090780;0.0;0.0;0.0
1667090840;0.0;0.0;0.0
1667090900;0.0;0.0;0.0
1667090960;0.0;0.0;0.0
1667091020;0.0;0.0;0.0
1667091080;0.0;0.0;0.0
1667091140;0.0;0.0;0.0
1667091200;0.0;0.0;0.0
1667091260;0.0;0.0;0.0
1667091320;0.0;0.0;0.0
1667091380;0.0;0.0;0.0
1667091440;0.0;0.0;0.0
1667091500;0.0;0.0;0.0
1667091560;0.0;0.0;0.0
1667091620;0.0;0.0;0.0
1667091680;0.0;0.0;0.0
1667091740;0.0;0.0;0.0
1667091800;0.0;0.0;0.0
1667091860;0.0;0.0;0.0
1667091920;0.0;0.0;0.0
1667091980;0.0;0.0;0.0
1667092040;0.0;0.0;0.0
1667092100;0.0;0.0;0.0
1667092160;0.0;0.0;0.0
1667092220;0.0;0.0;0.0
1667092280;0.0;0.0;0.0
1667092340;0.0;0.0;0.0
1667092400;0.0;0.0;0.0
1667092460;0.0;0.0;0.0
1667092520;0.0;0.0;0.0
1667092580;0.0;0.0;0.0
1667092640;0.0;0.0;0.0
1667092700;0.0;0.0;0.0
1667092760;0.0;0.0;0.0
1667092820;0.0;0.0;0.0
1667092880;0.0;0.0;0.0
1667092940;0.0;0.0;0.0
1667093000;0.0;0.0;0.0
1667093060;0.0;0.0;0.0
1667093120;0.0;0.0;0.0
1667093180;0.0;0.0;0.0
1667093240;0.0;0.0;0.0
1667093300;0.0;0.0;0.0
1667093360;0.0;0.0;0.0
1667093420;0.0;0.0;0.0
1667093480;0.0;0.0;0.0
1667093540;0.0;0.0;0.0
1667093600;0.0;0.0;0.0
1667093660;0.0;0.0;0.0
1667093720;0.0;0.0;0.0
1667093780;0.0;0.0;0.0
1667093840;0.0;0.0;0.0
1667093900;0.0;0.0;0.0
1667093960;0.0;0.0;0.0
1667094020;0.0;0.0;0.0
1667094080;0.0;0.0;0.0
1667094140;0.0;0.0;0.0
1667094200;0.0;0.0;0.0
1667094260;0.0;0.0;0.0
1667094320;0.0;0.0;0.0
1667094380;0.0;0.0;0.0
1667094440;0.0;0.0;0.0
1667094500;0.0;0.0;0.0
1667094560;0.0;0.0;0.0
1667094620;0.0;0.0;0.0
1667094680;0.0;0.0;0.0
1667094740;0.0;0.0;0.0
1667094800;0.0;0.0;0.0
1667094860;0.0;0.0;0.0
1667094920;0.0;0.0;0.0
1667094980;0.0;0.0;0.0
1667095040;0.0;0.0;0.0
1667095100;0.0;0.0;0.0
1667095160;0.0;0.0;0.0
1667095220;0.0;0.0;0.0
1667095280;0.0;0.0;0.0
1667095340;0.0;0.0;0.0
1667095400;0.0;0.0;0.0
1667095460;0.0;0.0;0.0
1667095520;0.0;0.0;0.0
1667095580;0.0;0.0;0.0
1667095640;0.0;0.0;0.0
1667095700;0.0;0.0;0.0
1667095760;0.0;0.0;0.0
1667095820;0.0;0.0;0.0
1667095880;0.0;0.0;0.0
1667095940;0.0;0.0;0.0
1667096000;0.0;0.0;0.0
1667096060;0.0;0.0;0.0
1667096120;0.0;0.0;0.0
1667096180;0.0;0.0;0.0
1667096240;0.0;0.0;0.0
1667096300;0.0;0.0;0.0
1667096360;0.0;0.0;0.0
1667096420;0.0;0.0;0.0
1667096480;0.0;0.0;0.0
1667096540;0.0;0.0;0.0
1667096600;0.0;0.0;0.0
1667096660;0.0;0.0;0.0
1667096720;0.0;0.0;0.0
1667096780;0.0;0.0;0.0
1667096840;0.0;0.0;0.0
1667096900;0.0;0.0;0.0
1667096960;0.0;0.0;0.0
1667097020;0.0;0.0;0.0
1667097080;0.0;0.0;0.0
1667097140;0.0;0.0;0.0
1667097200;0.0;0.0;0.0
1667097260;0.0;0.0;0.0
1667097320;0.0;0.0;0.0
1667097380;0.0;0.0;0.0
1667097440;0.0;0.0;0.0
1667097500;0.0;0.0;0.0
1667097560;0.0;0.0;0.0
1667097620;0.0;0.0;0.0
1667097680;0.0;0.0;0.0
1667097740;0.0;0.0;0.0
1667097800;0.0;0.0;0.0
1667097860;0.0;0.0;0.0
1667097920;0.0;0.0;0.0
1667097980;0.0;0.0;0.0
1667098040;0.0;0.0;0.0
1667098100;0.0;0.0;0.0
1667098160;0.0;0.0;0.0
1667098220;0.0;0.0;0.0
1667098280;0.0;0.0;0.0
1667098340;0.0;0.0;0.0
1667098400;0.0;0.0;0.0
1667098460;0.0;0.0;0.0
1667098520;0.0;0.0;0.0
1667098580;0.0;0.0;0.0
1667098640;0.0;0.0;0.0
1667098700;0.0;0.0;0.0
1667098760;0.0;0.0;0.0
1667098820;0.0;0.0;0.0
1667098880;0.0;0.0;0.0
1667098940;0.0;0.0;0.0
1667099000;0.0;0.0;0.0
1667099060;0.0;0.0;0.0
1667099120;0.0;0.0;0.0
1667099180;0.0;0.0;0.0
1667099240;0.0;0.0;0.0
1667099300;0.0;0.0;0.0
1667099360;0.0;0.0;0.0
1667099420;0.0;0.0;0.0
1667099480;0.0;0.0;0.0
1667099540;0.0;0.0;0.0
1667099600;0.0;0.0;0.0
1667099660;0.0;0.0;0.0
1667099720;0.0;0.0;0.0
1667099780;0.0;0.0;0.0
1667099840;0.0;0.0;0.0
1667099900;0.0;0.0;0.0
1667099960;0.0;0.0;0.0
1667100020;0.0;0.0;0.0
1667100080;0.0;0.0;0.0
1667100140;0.0;0.0;0.0
1667100200;0.0;0.0;0.0
1667100260;0.0;0.0;0.0
1667100320;0.0;0.0;0.0
1667100380;0.0;0.0;0.0
1667100440;0.0;0.0;0.0
1667100500;0.0;0.0;0.0
1667100560;0.0;0.0;0.0
1667100620;0.0;0.0;0.0
1667100680;0.0;0.0;0.0
1667100740;0.0;0.0;0.0
1667100800;0.0;0.0;0.0
1667100860;0.0;0.0;0.0
1667100920;0.0;0.0;0.0
1667100980;0.0;0.0;0.0
1667101040;0.0;0.0;0.0
1667101100;0.0;0.0;0.0
1667101160;0.0;0.0;0.0
1667101220;0.0;0.0;0.0
1667101280;0.0;0.0;0.0
1667101340;0.0;0.0;0.0
1667101400;0.0;0.0;0.0
1667101460;0.0;0.0;0.0
1667101520;0.0;0.0;0.0
1667101580;0.0;0.0;0.0
1667101640;0.0;0.0;0.0
1667101700;0.0;0.0;0.0
1667101760;0.0;0.0;0.0
1667101820;0.0;0.0;0.0
1667101880;0.0;0.0;0.0
1667101940;0.0;0.0;0.0
1667102000;0.0;0.0;0.0
1667102060;0.0;0.0;0.0
1667102120;0.0;0.0;0.0
1667102180;0.0;0.0;0.0
1667102240;0.0;0.0;0.0
1667102300;0.0;0.0;0.0
1667102360;0.0;0.0;0.0
1667102420;0.0;0.0;0.0
1667102480;0.0;0.0;0.0
1667102540;0.0;0.0;0.0
1667102600;0.0;0.0;0.0
1667102660;0.0;0.0;0.0
1667102720;0.0;0.0;0.0
1667102780;0.0;0.0;0.0
1667102840;0.0;0.0;0.0
1667102900;0.0;0.0;0.0
1667102960;0.0;0.0;0.0
1667103020;0.0;0.0;0.0
1667103080;0.0;0.0;0.0
1667103140;0.0;0.0;0.0
1667103200;0.0;0.0;0.0
1667103260;0.0;0.0;0.0
1667103320;0.0;0.0;0.0
1667103380;0.0;0.0;0.0
1667103440;0.0;0.0;0.0
1667103500;0.0;0.0;0.0
1667103560;0.0;0.0;0.0
1667103620;0.0;0.0;0.0
1667103680;0.0;0.0;0.0
1667103740;0.0;0.0;0.0
1667103800;0.0;0.0;0.0
1667103860;0.0;0.0;0.0
1667103920;0.0;0.0;0.0
1667103980;0.0;0.0;0.0
1667104040;0.0;0.0;0.0
1667104100;0.0;0.0;0.0
1667104160;0.0;0.0;0.0
1667104220;0.0;0.0;0.0
1667104280;0.0;0.0;0.0
1667104340;0.0;0.0;0.0
1667104400;0.0;0.0;0.0
1667104460;0.0;0.0;0.0
1667104520;0.0;0.0;0.0
1667104580;0.0;0.0;0.0
1667104640;0.0;0.0;0.0
1667104700;0.0;0.0;0.0
1667104760;0.0;0.0;0.0
1667104820;0.0;0.0;0.0
1667104880;0.0;0.0;0.0
1667104940;0.0;0.0;0.0
1667105000;0.0;0.0;0.0
1667105060;0.0;0.0;0.0
1667105120;0.0;0.0;0.0
1667105180;0.0;0.0;0.0
1667105240;0.0;0.0;0.0
1667105300;0.0;0.0;0.0
1667105360;0.0;0.0;0.0
1667105420;0.0;0.0;0.0
1667105480;0.0;0.0;0.0
1667105540;0.0;0.0;0.0
1667105600;0.0;0.0;0.0
1667105660;0.0;0.0;0.0
1667105720;0.0;0.0;0.0
1667105780;0.0;0.0;0.0
1667105840;0.0;0.0;0.0
1667105900;0.0;0.0;0.0
1667105960;0.0;0.0;0.0
1667106020;0.0;0.0;0.0
1667106080;0.0;0.0;0.0
1667106140;0.0;0.0;0.0
1667106200;0.0;0.0;0.0
1667106260;0.0;0.0;0.0
1667106320;0.0;0.0;0.0
1667106380;0.0;0.0;0.0
1667106440;0.0;0.0;0.0
1667106500;0.0;0.0;0.0
1667106560;0.0;0.0;0.0
1667106620;0.0;0.0;0.0
1667106680;0.0;0.0;0.0
1667106740;0.0;0.0;0.0
1667106800;0.0;0.0;0.0
1667106860;0.0;0.0;0.0
1667106920;0.0;0.0;0.0
1667106980;0.0;0.0;0.0
1667107040;0.0;0.0;0.0
1667107100;0.0;0.0;0.0
1667107160;0.0;0.0;0.0
1667107220;0.0;0.0;0.0
1667107280;0.0;0.0;0.0
1667107340;0.0;0.0;0.0
1667107400;0.0;0.0;0.0
1667107460;0.0;0.0;0.0
1667107520;0.0;0.0;0.0
1667107580;0.0;0.0;0.0
1667107640;0.0;0.0;0.0
1667107700;0.0;0.0;0.0
1667107760;0.0;0.0;0.0
1667107820;0.0;0.0;0.0
1667107880;0.0;0.0;0.0
1667107940;0.0;0.0;0.0
1667108000;0.0;0.0;0.0
1667108060;0.0;0.0;0.0
1667108120;0.0;0.0;0.0
1667108180;0.0;0.0;0.0
1667108240;0.0;0.0;0.0
1667108300;0.0;0.0;0.0
1667108360;0.0;0.0;0.0
1667108420;0.0;0.0;0.0
1667108480;0.0;0.0;0.0
1667108540;0.0;0.0;0.0
1667108600;0.0;0.0;0.0
1667108660;0.0;0.0;0.0
1667108720;0.0;0.0;0.0
1667108780;0.0;0.0;0.0
1667108840;0.0;0.0;0.0
1667108900;0.0;0.0;0.0
1667108960;0.0;0.0;0.0
1667109020;0.0;0.0;0.0
1667109080;0.0;0.0;0.0
1667109140;0.0;0.0;0.0
1667109200;0.0;0.0;0.0
1667109260;0.0;0.0;0.0
1667109320;0.0;0.0;0.0
1667109380;0.0;0.0;0.0
1667109440;0.0;0.0;0.0
1667109500;0.0;0.0;0.0
1667109560;0.0;0.0;0.0
1667109620;0.0;0.0;0.0
1667109680;0.0;0.0;0.0
1667109740;0.0;0.0;0.0
1667109800;0.0;0.0;0.0
1667109860;0.0;0.0;0.0
1667109920;0.0;0.0;0.0
1667109980;0.0;0.0;0.0
1667110040;0.0;0.0;0.0
1667110100;0.0;0.0;0.0
1667110160;0.0;0.0;0.0
1667110220;0.0;0.0;0.0
1667110280;0.0;0.0;0.0
1667110340;0.0;0.0;0.0
1667110400;0.0;0.0;0.0
1667110460;0.0;0.0;0.0
1667110520;0.0;0.0;0.0
1667110580;0.0;0.0;0.0
1667110640;0.0;0.0;0.0
1667110700;0.0;0.0;0.0
1667110760;0.0;0.0;0.0
1667110820;0.0;0.0;0.0
1667110880;0.0;0.0;0.0
1667110940;0.0;0.0;0.0
1667111000;0.0;0.0;0.0
1667111060;0.0;0.0;0.0
1667111120;0.0;0.0;0.0
1667111180;0.0;0.0;0.0
1667111240;0.0;0.0;0.0
1667111300;0.0;0.0;0.0
1667111360;0.0;0.0;0.0
1667111420;0.0;0.0;0.0
1667111480;0.0;0.0;0.0
1667111540;0.0;0.0;0.0
1667111600;0.0;0.0;0.0
1667111660;0.0;0.0;0.0
1667111720;0.0;0.0;0.0
1667111780;0.0;0.0;0.0
1667111840;0.0;0.0;0.0
1667111900;0.0;0.0;0.0
1667111960;0.0;0.0;0.0
1667112020;0.0;0.0;0.0
1667112080;0.0;0.0;0.0
1667112140;0.0;0.0;0.0
1667112200;0.0;0.0;0.0
1667112260;0.0;0.0;0.0
1667112320;0.0;0.0;0.0
1667112380;0.0;0.0;0.0
1667112440;0.0;0.0;0.0
1667112500;0.0;0.0;0.0
1667112560;0.0;0.0;0.0
1667112620;0.0;0.0;0.0
1667112680;0.0;0.0;0.0
1667112740;0.0;0.0;0.0
1667112800;0.0;0.0;0.0
1667112860;0.0;0.0;0.0
1667112920;0.0;0.0;0.0
1667112980;0.0;0.0;0.0
1667113040;0.0;0.0;0.0
1667113100;0.0;0.0;0.0
1667113160;0.0;0.0;0.0
1667113220;0.0;0.0;0.0
1667113280;0.0;0.0;0.0
1667113340;0.0;0.0;0.0
1667113400;0.0;0.0;0.0
1667113460;0.0;0.0;0.0
1667113520;0.0;0.0;0.0
1667113580;0.0;0.0;0.0
1667113640;0.0;0.0;0.0
1667113700;0.0;0.0;0.0
1667113760;0.0;0.0;0.0
1667113820;0.0;0.0;0.0
1667113880;0.0;0.0;0.0
1667113940;0.0;0.0;0.0
1667114000;0.0;0.0;0.0
1667114060;0.0;0.0;0.0
1667114120;0.0;0.0;0.0
1667114180;0.0;0.0;0.0
1667114240;0.0;0.0;0.0
1667114300;0.0;0.0;0.0
1667114360;0.0;0.0;0.0
1667114420;0.0;0.0;0.0
1667114480;0.0;0.0;0.0
1667114540;0.0;0.0;0.0
1667114600;0.0;0.0;0.0
1667114660;0.0;0.0;0.0
1667114720;0.0;0.0;0.0
1667114780;0.0;0.0;0.0
1667114840;0.0;0.0;0.0
1667114900;0.0;0.0;0.0
1667114960;0.0;0.0;0.0
1667115020;0.0;0.0;0.0
1667115080;0.0;0.0;0.0
1667115140;0.0;0.0;0.0
1667115200;0.0;0.0;0.0
1667115260;0.0;0.0;0.0
1667115320;0.0;0.0;0.0
1667115380;0.0;0.0;0.0
1667115440;0.0;0.0;0.0
1667115500;0.0;0.0;0.0
1667115560;0.0;0.0;0.0
1667115620;0.0;0.0;0.0
1667115680;0.0;0.0;0.0
1667115740;0.0;0.0;0.0
1667115800;0.0;0.0;0.0
1667115860;0.0;0.0;0.0
1667115920;0.0;0.0;0.0
1667115980;0.0;0.0;0.0
1667116040;0.0;0.0;0.0
1667116100;0.0;0.0;0.0
1667116160;0.0;0.0;0.0
1667116220;0.0;0.0;0.0
1667116280;0.0;0.0;0.0
1667116340;0.0;0.0;0.0
1667116400;0.0;0.0;0.0
1667116460;0.0;0.0;0.0
1667116520;0.0;0.0;0.0
1667116580;0.0;0.0;0.0
1667116640;0.0;0.0;0.0
1667116700;0.0;0.0;0.0
1667116760;0.0;0.0;0.0
1667116820;0.0;0.0;0.0
1667116880;0.0;0.0;0.0
1667116940;0.0;0.0;0.0
1667117000;0.0;0.0;0.0
1667117060;0.0;0.0;0.0
1667117120;0.0;0.0;0.0
1667117180;0.0;0.0;0.0
1667117240;0.0;0.0;0.0
1667117300;0.0;0.0;0.0
1667117360;0.0;0.0;0.0
1667117420;0.0;0.0;0.0
1667117480;0.0;0.0;0.0
1667117540;0.0;0.0;0.0
1667117600;0.0;0.0;0.0
1667117660;0.0;0.0;0.0
1667117720;0.0;0.0;0.0
1667117780;0.0;0.0;0.0
1667117840;0.0;0.0;0.0
1667117900;0.0;0.0;0.0
1667117960;0.0;0.0;0.0
1667118020;0.0;0.0;0.0
1667118080;0.0;0.0;0.0
1667118140;0.0;0.0;0.0
1667118200;0.0;0.0;0.0
1667118260;0.0;0.0;0.0
1667118320;0.0;0.0;0.0
1667118380;0.0;0.0;0.0
1667118440;0.0;0.0;0.0
1667118500;0.0;0.0;0.0
1667118560;0.0;0.0;0.0
1667118620;0.0;0.0;0.0
1667118680;0.0;0.0;0.0
1667118740;0.0;0.0;0.0
1667118800;0.0;0.0;0.0
1667118860;0.0;0.0;0.0
1667118920;0.0;0.0;0.0
1667118980;0.0;0.0;0.0
1667119040;0.0;0.0;0.0
1667119100;0.0;0.0;0.0
1667119160;0.0;0.0;0.0
1667119220;0.0;0.0;0.0
1667119280;0.0;0.0;0.0
1667119340;0.0;0.0;0.0
1667119400;0.0;0.0;0.0
1667119460;0.0;0.0;0.0
1667119520;0.0;0.0;0.0
1667119580;0.0;0.0;0.0
1667119640;0.0;0.0;0.0
1667119700;0.0;0.0;0.0
1667119760;0.0;0.0;0.0
1667119820;0.0;0.0;0.0
1667119880;0.0;0.0;0.0
1667119940;0.0;0.0;0.0
1667120000;0.0;0.0;0.0
1667120060;0.0;0.0;0.0
1667120120;0.0;0.0;0.0
1667120180;0.0;0.0;0.0
1667120240;0.0;0.0;0.0
1667120300;0.0;0.0;0.0
1667120360;0.0;0.0;0.0
1667120420;0.0;0.0;0.0
1667120480;0.0;0.0;0.0
1667120540;0.0;0.0;0.0
1667120600;0.0;0.0;0.0
1667120660;0.0;0.0;0.0
1667120720;0.0;0.0;0.0
1667120780;0.0;0.0;0.0
1667120840;0.0;0.0;0.0
1667120900;0.0;0.0;0.0
1667120960;0.0;0.0;0.0
1667121020;0.0;0.0;0.0
1667121080;0.0;0.0;0.0
1667121140;0.0;0.0;0.0
1667121200;0.0;0.0;0.0
1667121260;0.0;0.0;0.0
1667121320;0.0;0.0;0.0
1667121380;0.0;0.0;0.0
1667121440;0.0;0.0;0.0
1667121500;0.0;0.0;0.0
1667121560;0.0;0.0;0.0
1667121620;0.0;0.0;0.0
1667121680;0.0;0.0;0.0
1667121740;0.0;0.0;0.0
1667121800;0.0;0.0;0.0
1667121860;0.0;0.0;0.0
1667121920;0.0;0.0;0.0
1667121980;0.0;0.0;0.0
1667122040;0.0;0.0;0.0
1667122100;0.0;0.0;0.0
1667122160;0.0;0.0;0.0
1667122220;0.0;0.0;0.0
1667122280;0.0;0.0;0.0
1667122340;0.0;0.0;0.0
1667122400;0.0;0.0;0.0
1667122460;0.0;0.0;0.0
1667122520;0.0;0.0;0.0
1667122580;0.0;0.0;0.0
1667122640;0.0;0.0;0.0
1667122700;0.0;0.0;0.0
1667122760;0.0;0.0;0.0
1667122820;0.0;0.0;0.0
1667122880;0.0;0.0;0.0
1667122940;0.0;0.0;0.0
1667123000;0.0;0.0;0.0
1667123060;0.0;0.0;0.0
1667123120;0.0;0.0;0.0
1667123180;0.0;0.0;0.0
1667123240;0.0;0.0;0.0
1667123300;0.0;0.0;0.0
1667123360;0.0;0.0;0.0
1667123420;0.0;0.0;0.0
1667123480;0.0;0.0;0.0
1667123540;0.0;0.0;0.0
1667123600;0.0;0.0;0.0
1667123660;0.0;0.0;0.0
1667123720;0.0;0.0;0.0
1667123780;0.0;0.0;0.0
1667123840;0.0;0.0;0.0
1667123900;0.0;0.0;0.0
1667123960;0.0;0.0;0.0
1667124020;0.0;0.0;0.0
1667124080;0.0;0.0;0.0
1667124140;0.0;0.0;0.0
1667124200;0.0;0.0;0.0
1667124260;0.0;0.0;0.0
1667124320;0.0;0.0;0.0
1667124380;0.0;0.0;0.0
1667124440;0.0;0.0;0.0
1667124500;0.0;0.0;0.0
1667124560;0.0;0.0;0.0
1667124620;0.0;0.0;0.0
1667124680;0.0;0.0;0.0
1667124740;0.0;0.0;0.0
1667124800;0.0;0.0;0.0
1667124860;0.0;0.0;0.0
1667124920;0.0;0.0;0.0
1667124980;0.0;0.0;0.0
1667125040;0.0;0.0;0.0
1667125100;0.0;0.0;0.0
1667125160;0.0;0.0;0.0
1667125220;0.0;0.0;0.0
1667125280;0.0;0.0;0.0
1667125340;0.0;0.0;0.0
1667125400;0.0;0.0;0.0
1667125460;0.0;0.0;0.0
1667125520;0.0;0.0;0.0
1667125580;0.0;0.0;0.0
1667125640;0.0;0.0;0.0
1667125700;0.0;0.0;0.0
1667125760;0.0;0.0;0.0
1667125820;0.0;0.0;0.0
1667125880;0.0;0.0;0.0
1667125940;0.0;0.0;0.0
1667126000;0.0;0.0;0.0
1667126060;0.0;0.0;0.0
1667126120;0.0;0.0;0.0
1667126180;0.0;0.0;0.0
1667126240;0.0;0.0;0.0
1667126300;0.0;0.0;0.0
1667126360;0.0;0.0;0.0
1667126420;0.0;0.0;0.0
1667126480;0.0;0.0;0.0
1667126540;0.0;0.0;0.0
1667126600;0.0;0.0;0.0
1667126660;0.0;0.0;0.0
1667126720;0.0;0.0;0.0
1667126780;0.0;0.0;0.0
1667126840;0.0;0.0;0.0
1667126900;0.0;0.0;0.0
1667126960;0.0;0.0;0.0
1667127020;0.0;0.0;0.0
1667127080;0.0;0.0;0.0
1667127140;0.0;0.0;0.0
1667127200;0.0;0.0;0.0
1667127260;0.0;0.0;0.0
1667127320;0.0;0.0;0.0
1667127380;0.0;0.0;0.0
1667127440;0.0;0.0;0.0
1667127500;0.0;0.0;0.0
1667127560;0.0;0.0;0.0
1667127620;0.0;0.0;0.0
1667127680;0.0;0.0;0.0
1667127740;0.0;0.0;0.0
1667127800;0.0;0.0;0.0
1667127860;0.0;0.0;0.0
1667127920;0.0;0.0;0.0
1667127980;0.0;0.0;0.0
1667128040;0.0;0.0;0.0
1667128100;0.0;0.0;0.0
1667128160;0.0;0.0;0.0
1667128220;0.0;0.0;0.0
1667128280;0.0;0.0;0.0
1667128340;0.0;0.0;0.0
1667128400;0.0;0.0;0.0
1667128460;0.0;0.0;0.0
1667128520;0.0;0.0;0.0
1667128580;0.0;0.0;0.0
1667128640;0.0;0.0;0.0
1667128700;0.0;0.0;0.0
1667128760;0.0;0.0;0.0
1667128820;0.0;0.0;0.0
1667128880;0.0;0.0;0.0
1667128940;0.0;0.0;0.0
1667129000;0.0;0.0;0.0
1667129060;0.0;0.0;0.0
1667129120;0.0;0.0;0.0
1667129180;0.0;0.0;0.0
1667129240;0.0;0.0;0.0
1667129300;0.0;0.0;0.0
1667129360;0.0;0.0;0.0
1667129420;0.0;0.0;0.0
1667129480;0.0;0.0;0.0
1667129540;0.0;0.0;0.0
1667129600;0.0;0.0;0.0
1667129660;0.0;0.0;0.0
1667129720;0.0;0.0;0.0
1667129780;0.0;0.0;0.0
1667129840;0.0;0.0;0.0
1667129900;0.0;0.0;0.0
1667129960;0.0;0.0;0.0
1667130020;0.0;0.0;0.0
1667130080;0.0;0.0;0.0
1667130140;0.0;0.0;0.0
1667130200;0.0;0.0;0.0
1667130260;0.0;0.0;0.0
1667130320;0.0;0.0;0.0
1667130380;0.0;0.0;0.0
1667130440;0.0;0.0;0.0
1667130500;0.0;0.0;0.0
1667130560;0.0;0.0;0.0
1667130620;0.0;0.0;0.0
1667130680;0.0;0.0;0.0
1667130740;0.0;0.0;0.0
1667130800;0.0;0.0;0.0
1667130860;0.0;0.0;0.0
1667130920;0.0;0.0;0.0
1667130980;0.0;0.0;0.0
1667131040;0.0;0.0;0.0
1667131100;0.0;0.0;0.0
1667131160;0.0;0.0;0.0
1667131220;0.0;0.0;0.0
1667131280;0.0;0.0;0.0
1667131340;0.0;0.0;0.0
1667131400;0.0;0.0;0.0
1667131460;0.0;0.0;0.0
1667131520;0.0;0.0;0.0
1667131580;0.0;0.0;0.0
1667131640;0.0;0.0;0.0
1667131700;0.0;0.0;0.0
1667131760;0.0;0.0;0.0
1667131820;0.0;0.0;0.0
1667131880;0.0;0.0;0.0
1667131940;0.0;0.0;0.0
1667132000;0.0;0.0;0.0
1667132060;0.0;0.0;0.0
1667132120;0.0;0.0;0.0
1667132180;0.0;0.0;0.0
1667132240;0.0;0.0;0.0
1667132300;0.0;0.0;0.0
1667132360;0.0;0.0;0.0
1667132420;0.0;0.0;0.0
1667132480;0.0;0.0;0.0
1667132540;0.0;0.0;0.0
1667132600;0.0;0.0;0.0
1667132660;0.0;0.0;0.0
1667132720;0.0;0.0;0.0
1667132780;0.0;0.0;0.0
1667132840;0.0;0.0;0.0
1667132900;0.0;0.0;0.0
1667132960;0.0;0.0;0.0
1667133020;0.0;0.0;0.0
1667133080;0.0;0.0;0.0
1667133140;0.0;0.0;0.0
1667133200;0.0;0.0;0.0
1667133260;0.0;0.0;0.0
1667133320;0.0;0.0;0.0
1667133380;0.0;0.0;0.0
1667133440;0.0;0.0;0.0
1667133500;0.0;0.0;0.0
1667133560;0.0;0.0;0.0
1667133620;0.0;0.0;0.0
1667133680;0.0;0.0;0.0
1667133740;0.0;0.0;0.0
1667133800;0.0;0.0;0.0
1667133860;0.0;0.0;0.0
1667133920;0.0;0.0;0.0
1667133980;0.0;0.0;0.0
1667134040;0.0;0.0;0.0
1667134100;0.0;0.0;0.0
1667134160;0.0;0.0;0.0
1667134220;0.0;0.0;0.0
1667134280;0.0;0.0;0.0
1667134340;0.0;0.0;0.0
1667134400;0.0;0.0;0.0
1667134460;0.0;0.0;0.0
1667134520;0.0;0.0;0.0
1667134580;0.0;0.0;0.0
1667134640;0.0;0.0;0.0
1667134700;0.0;0.0;0.0
1667134760;0.0;0.0;0.0
1667134820;0.0;0.0;0.0
1667134880;0.0;0.0;0.0
1667134940;0.0;0.0;0.0
1667135000;0.0;0.0;0.0
1667135060;0.0;0.0;0.0
1667135120;0.0;0.0;0.0
1667135180;0.0;0.0;0.0
1667135240;0.0;0.0;0.0
1667135300;0.0;0.0;0.0
1667135360;0.0;0.0;0.0
1667135420;0.0;0.0;0.0
1667135480;0.0;0.0;0.0
1667135540;0.0;0.0;0.0
1667135600;0.0;0.0;0.0
1667135660;0.0;0.0;0.0
1667135720;0.0;0.0;0.0
1667135780;0.0;0.0;0.0
1667135840;0.0;0.0;0.0
1667135900;0.0;0.0;0.0
1667135960;0.0;0.0;0.0
1667136020;0.0;0.0;0.0
1667136080;0.0;0.0;0.0
1667136140;0.0;0.0;0.0
1667136200;0.0;0.0;0.0
1667136260;0.0;0.0;0.0
1667136320;0.0;0.0;0.0
1667136380;0.0;0.0;0.0
1667136440;0.0;0.0;0.0
1667136500;0.0;0.0;0.0
1667136560;0.0;0.0;0.0
1667136620;0.0;0.0;0.0
1667136680;0.0;0.0;0.0
1667136740;0.0;0.0;0.0
1667136800;0.0;0.0;0.0
1667136860;0.0;0.0;0.0
1667136920;0.0;0.0;0.0
1667136980;0.0;0.0;0.0
1667137040;0.0;0.0;0.0
1667137100;0.0;0.0;0.0
1667137160;0.0;0.0;0.0
1667137220;0.0;0.0;0.0
1667137280;0.0;0.0;0.0
1667137340;0.0;0.0;0.0
1667137400;0.0;0.0;0.0
1667137460;0.0;0.0;0.0
1667137520;0.0;0.0;0.0
1667137580;0.0;0.0;0.0
1667137640;0.0;0.0;0.0
1667137700;0.0;0.0;0.0
1667137760;0.0;0.0;0.0
1667137820;0.0;0.0;0.0
1667137880;0.0;0.0;0.0
1667137940;0.0;0.0;0.0
1667138000;0.0;0.0;0.0
1667138060;0.0;0.0;0.0
1667138120;0.0;0.0;0.0
1667138180;0.0;0.0;0.0
1667138240;0.0;0.0;0.0
1667138300;0.0;0.0;0.0
1667138360;0.0;0.0;0.0
1667138420;0.0;0.0;0.0
1667138480;0.0;0.0;0.0
1667138540;0.0;0.0;0.0
1667138600;0.0;0.0;0.0
1667138660;0.0;0.0;0.0
1667138720;0.0;0.0;0.0
1667138780;0.0;0.0;0.0
1667138840;0.0;0.0;0.0
1667138900;0.0;0.0;0.0
1667138960;0.0;0.0;0.0
1667139020;0.0;0.0;0.0
1667139080;0.0;0.0;0.0
1667139140;0.0;0.0;0.0
1667139200;0.0;0.0;0.0
1667139260;0.0;0.0;0.0
1667139320;0.0;0.0;0.0
1667139380;0.0;0.0;0.0
1667139440;0.0;0.0;0.0
1667139500;0.0;0.0;0.0
1667139560;0.0;0.0;0.0
1667139620;0.0;0.0;0.0
1667139680;0.0;0.0;0.0
1667139740;0.0;0.0;0.0
1667139800;0.0;0.0;0.0
1667139860;0.0;0.0;0.0
1667139920;0.0;0.0;0.0
1667139980;0.0;0.0;0.0
1667140040;0.0;0.0;0.0
1667140100;0.0;0.0;0.0
1667140160;0.0;0.0;0.0
1667140220;0.0;0.0;0.0
1667140280;0.0;0.0;0.0
1667140340;0.0;0.0;0.0
1667140400;0.0;0.0;0.0
1667140460;0.0;0.0;0.0
1667140520;0.0;0.0;0.0
1667140580;0.0;0.0;0.0
1667140640;0.0;0.0;0.0
1667140700;0.0;0.0;0.0
1667140760;0.0;0.0;0.0
1667140820;0.0;0.0;0.0
1667140880;0.0;0.0;0.0
1667140940;0.0;0.0;0.0
1667141000;0.0;0.0;0.0
1667141060;0.0;0.0;0.0
1667141120;0.0;0.0;0.0
1667141180;0.0;0.0;0.0
1667141240;0.0;0.0;0.0
1667141300;0.0;0.0;0.0
1667141360;0.0;0.0;0.0
1667141420;0.0;0.0;0.0
1667141480;0.0;0.0;0.0
1667141540;0.0;0.0;0.0
1667141600;0.0;0.0;0.0
1667141660;0.0;0.0;0.0
1667141720;0.0;0.0;0.0
1667141780;0.0;0.0;0.0
1667141840;0.0;0.0;0.0
1667141900;0.0;0.0;0.0
1667141960;0.0;0.0;0.0
1667142020;0.0;0.0;0.0
1667142080;0.0;0.0;0.0
1667142140;0.0;0.0;0.0
1667142200;0.0;0.0;0.0
1667142260;0.0;0.0;0.0
1667142320;0.0;0.0;0.0
1667142380;0.0;0.0;0.0
1667142440;0.0;0.0;0.0
1667142500;0.0;0.0;0.0
1667142560;0.0;0.0;0.0
1667142620;0.0;0.0;0.0
1667142680;0.0;0.0;0.0
1667142740;0.0;0.0;0.0
1667142800;0.0;0.0;0.0
1667142860;0.0;0.0;0.0
1667142920;0.0;0.0;0.0
1667142980;0.0;0.0;0.0
1667143040;0.0;0.0;0.0
1667143100;0.0;0.0;0.0
1667143160;0.0;0.0;0.0
1667143220;0.0;0.0;0.0
1667143280;0.0;0.0;0.0
1667143340;0.0;0.0;0.0
1667143400;0.0;0.0;0.0
1667143460;0.0;0.0;0.0
1667143520;0.0;0.0;0.0
1667143580;0.0;0.0;0.0
1667143640;0.0;0.0;0.0
1667143700;0.0;0.0;0.0
1667143760;0.0;0.0;0.0
1667143820;0.0;0.0;0.0
1667143880;0.0;0.0;0.0
1667143940;0.0;0.0;0.0
1667144000;0.0;0.0;0.0
1667144060;0.0;0.0;0.0
1667144120;0.0;0.0;0.0
1667144180;0.0;0.0;0.0
1667144240;0.0;0.0;0.0
1667144300;0.0;0.0;0.0
1667144360;0.0;0.0;0.0
1667144420;0.0;0.0;0.0
1667144480;0.0;0.0;0.0
1667144540;0.0;0.0;0.0
1667144600;0.0;0.0;0.0
1667144660;0.0;0.0;0.0
1667144720;0.0;0.0;0.0
1667144780;0.0;0.0;0.0
1667144840;0.0;0.0;0.0
1667144900;0.0;0.0;0.0
1667144960;0.0;0.0;0.0
1667145020;0.0;0.0;0.0
1667145080;0.0;0.0;0.0
1667145140;0.0;0.0;0.0
1667145200;0.0;0.0;0.0
1667145260;0.0;0.0;0.0
1667145320;0.0;0.0;0.0
1667145380;0.0;0.0;0.0
1667145440;0.0;0.0;0.0
1667145500;0.0;0.0;0.0
1667145560;0.0;0.0;0.0
1667145620;0.0;0.0;0.0
1667145680;0.0;0.0;0.0
1667145740;0.0;0.0;0.0
1667145800;0.0;0.0;0.0
1667145860;0.0;0.0;0.0
1667145920;0.0;0.0;0.0
1667145980;0.0;0.0;0.0
1667146040;0.0;0.0;0.0
1667146100;0.0;0.0;0.0
1667146160;0.0;0.0;0.0
1667146220;0.0;0.0;0.0
1667146280;0.0;0.0;0.0
1667146340;0.0;0.0;0.0
1667146400;0.0;0.0;0.0
1667146460;0.0;0.0;0.0
1667146520;0.0;0.0;0.0
1667146580;0.0;0.0;0.0
1667146640;0.0;0.0;0.0
1667146700;0.0;0.0;0.0
1667146760;0.0;0.0;0.0
1667146820;0.0;0.0;0.0
1667146880;0.0;0.0;0.0
1667146940;0.0;0.0;0.0
1667147000;0.0;0.0;0.0
1667147060;0.0;0.0;0.0
1667147120;0.0;0.0;0.0
1667147180;0.0;0.0;0.0
1667147240;0.0;0.0;0.0
1667147300;0.0;0.0;0.0
1667147360;0.0;0.0;0.0
1667147420;0.0;0.0;0.0
1667147480;0.0;0.0;0.0
1667147540;0.0;0.0;0.0
1667147600;0.0;0.0;0.0
1667147660;0.0;0.0;0.0
1667147720;0.0;0.0;0.0
1667147780;0.0;0.0;0.0
1667147840;0.0;0.0;0.0
1667147900;0.0;0.0;0.0
1667147960;0.0;0.0;0.0
1667148020;0.0;0.0;0.0
1667148080;0.0;0.0;0.0
1667148140;0.0;0.0;0.0
1667148200;0.0;0.0;0.0
1667148260;0.0;0.0;0.0
1667148320;0.0;0.0;0.0
1667148380;0.0;0.0;0.0
1667148440;0.0;0.0;0.0
1667148500;0.0;0.0;0.0
1667148560;0.0;0.0;0.0
1667148620;0.0;0.0;0.0
1667148680;0.0;0.0;0.0
1667148740;0.0;0.0;0.0
1667148800;0.0;0.0;0.0
1667148860;0.0;0.0;0.0
1667148920;0.0;0.0;0.0
1667148980;0.0;0.0;0.0
1667149040;0.0;0.0;0.0
1667149100;0.0;0.0;0.0
1667149160;0.0;0.0;0.0
1667149220;0.0;0.0;0.0
1667149280;0.0;0.0;0.0
1667149340;0.0;0.0;0.0
1667149400;0.0;0.0;0.0
1667149460;0.0;0.0;0.0
1667149520;0.0;0.0;0.0
1667149580;0.0;0.0;0.0
1667149640;0.0;0.0;0.0
1667149700;0.0;0.0;0.0
1667149760;0.0;0.0;0.0
1667149820;0.0;0.0;0.0
1667149880;0.0;0.0;0.0
1667149940;0.0;0.0;0.0
1667150000;0.0;0.0;0.0
1667150060;0.0;0.0;0.0
1667150120;0.0;0.0;0.0
1667150180;0.0;0.0;0.0
1667150240;0.0;0.0;0.0
1667150300;0.0;0.0;0.0
1667150360;0.0;0.0;0.0
1667150420;0.0;0.0;0.0
1667150480;0.0;0.0;0.0
1667150540;0.0;0.0;0.0
1667150600;0.0;0.0;0.0
1667150660;0.0;0.0;0.0
1667150720;0.0;0.0;0.0
1667150780;0.0;0.0;0.0
1667150840;0.0;0.0;0.0
1667150900;0.0;0.0;0.0
1667150960;0.0;0.0;0.0
1667151020;0.0;0.0;0.0
1667151080;0.0;0.0;0.0
1667151140;0.0;0.0;0.0
1667151200;0.0;0.0;0.0
1667151260;0.0;0.0;0.0
1667151320;0.0;0.0;0.0
1667151380;0.0;0.0;0.0
1667151440;0.0;0.0;0.0
1667151500;0.0;0.0;0.0
1667151560;0.0;0.0;0.0
1667151620;0.0;0.0;0.0
1667151680;0.0;0.0;0.0
1667151740;0.0;0.0;0.0
1667151800;0.0;0.0;0.0
1667151860;0.0;0.0;0.0
1667151920;0.0;0.0;0.0
1667151980;0.0;0.0;0.0
1667152040;0.0;0.0;0.0
1667152100;0.0;0.0;0.0
1667152160;0.0;0.0;0.0
1667152220;0.0;0.0;0.0
1667152280;0.0;0.0;0.0
1667152340;0.0;0.0;0.0
1667152400;0.0;0.0;0.0
1667152460;0.0;0.0;0.0
1667152520;0.0;0.0;0.0
1667152580;0.0;0.0;0.0
1667152640;0.0;0.0;0.0
1667152700;0.0;0.0;0.0
1667152760;0.0;0.0;0.0
1667152820;0.0;0.0;0.0
1667152880;0.0;0.0;0.0
1667152940;0.0;0.0;0.0
1667153000;0.0;0.0;0.0
1667153060;0.0;0.0;0.0
1667153120;0.0;0.0;0.0
1667153180;0.0;0.0;0.0
1667153240;0.0;0.0;0.0
1667153300;0.0;0.0;0.0
1667153360;0.0;0.0;0.0
1667153420;0.0;0.0;0.0
1667153480;0.0;0.0;0.0
1667153540;0.0;0.0;0.0
1667153600;0.0;0.0;0.0
1667153660;0.0;0.0;0.0
1667153720;0.0;0.0;0.0
1667153780;0.0;0.0;0.0
1667153840;0.0;0.0;0.0
1667153900;0.0;0.0;0.0
1667153960;0.0;0.0;0.0
1667154020;0.0;0.0;0.0
1667154080;0.0;0.0;0.0
1667154140;0.0;0.0;0.0
1667154200;0.0;0.0;0.0
1667154260;0.0;0.0;0.0
1667154320;0.0;0.0;0.0
1667154380;0.0;0.0;0.0
1667154440;0.0;0.0;0.0
1667154500;0.0;0.0;0.0
1667154560;0.0;0.0;0.0
1667154620;0.0;0.0;0.0
1667154680;0.0;0.0;0.0
1667154740;0.0;0.0;0.0
1667154800;0.0;0.0;0.0
1667154860;0.0;0.0;0.0
1667154920;0.0;0.0;0.0
1667154980;0.0;0.0;0.0
1667155040;0.0;0.0;0.0
1667155100;0.0;0.0;0.0
1667155160;0.0;0.0;0.0
1667155220;0.0;0.0;0.0
1667155280;0.0;0.0;0.0
1667155340;0.0;0.0;0.0
1667155400;0.0;0.0;0.0
1667155460;0.0;0.0;0.0
1667155520;0.0;0.0;0.0
1667155580;0.0;0.0;0.0
1667155640;0.0;0.0;0.0
1667155700;0.0;0.0;0.0
1667155760;0.0;0.0;0.0
1667155820;0.0;0.0;0.0
1667155880;0.0;0.0;0.0
1667155940;0.0;0.0;0.0
1667156000;0.0;0.0;0.0
1667156060;0.0;0.0;0.0
1667156120;0.0;0.0;0.0
1667156180;0.0;0.0;0.0
1667156240;0.0;0.0;0.0
1667156300;0.0;0.0;0.0
1667156360;0.0;0.0;0.0
1667156420;0.0;0.0;0.0
1667156480;0.0;0.0;0.0
1667156540;0.0;0.0;0.0
1667156600;0.0;0.0;0.0
1667156660;0.0;0.0;0.0
1667156720;0.0;0.0;0.0
1667156780;0.0;0.0;0.0
1667156840;0.0;0.0;0.0
1667156900;0.0;0.0;0.0
1667156960;0.0;0.0;0.0
1667157020;0.0;0.0;0.0
1667157080;0.0;0.0;0.0
1667157140;0.0;0.0;0.0
1667157200;0.0;0.0;0.0
1667157260;0.0;0.0;0.0
1667157320;0.0;0.0;0.0
1667157380;0.0;0.0;0.0
1667157440;0.0;0.0;0.0
1667157500;0.0;0.0;0.0
1667157560;0.0;0.0;0.0
1667157620;0.0;0.0;0.0
1667157680;0.0;0.0;0.0
1667157740;0.0;0.0;0.0
1667157800;0.0;0.0;0.0
1667157860;0.0;0.0;0.0
1667157920;0.0;0.0;0.0
1667157980;0.0;0.0;0.0
1667158040;0.0;0.0;0.0
1667158100;0.0;0.0;0.0
1667158160;0.0;0.0;0.0
1667158220;0.0;0.0;0.0
1667158280;0.0;0.0;0.0
1667158340;0.0;0.0;0.0
1667158400;0.0;0.0;0.0
1667158460;0.0;0.0;0.0
1667158520;0.0;0.0;0.0
1667158580;0.0;0.0;0.0
1667158640;0.0;0.0;0.0
1667158700;0.0;0.0;0.0
1667158760;0.0;0.0;0.0
1667158820;0.0;0.0;0.0
1667158880;0.0;0.0;0.0
1667158940;0.0;0.0;0.0
1667159000;0.0;0.0;0.0
1667159060;0.0;0.0;0.0
1667159120;0.0;0.0;0.0
1667159180;0.0;0.0;0.0
1667159240;0.0;0.0;0.0
1667159300;0.0;0.0;0.0
1667159360;0.0;0.0;0.0
1667159420;0.0;0.0;0.0
1667159480;0.0;0.0;0.0
1667159540;0.0;0.0;0.0
1667159600;0.0;0.0;0.0
1667159660;0.0;0.0;0.0
1667159720;0.0;0.0;0.0
1667159780;0.0;0.0;0.0
1667159840;0.0;0.0;0.0
1667159900;0.0;0.0;0.0
1667159960;0.0;0.0;0.0
1667160020;0.0;0.0;0.0
1667160080;0.0;0.0;0.0
1667160140;0.0;0.0;0.0
1667160200;0.0;0.0;0.0
1667160260;0.0;0.0;0.0
1667160320;0.0;0.0;0.0
1667160380;0.0;0.0;0.0
1667160440;0.0;0.0;0.0
1667160500;0.0;0.0;0.0
1667160560;0.0;0.0;0.0
1667160620;0.0;0.0;0.0
1667160680;0.0;0.0;0.0
1667160740;0.0;0.0;0.0
1667160800;0.0;0.0;0.0
1667160860;0.0;0.0;0.0
1667160920;0.0;0.0;0.0
1667160980;0.0;0.0;0.0
1667161040;0.0;0.0;0.0
1667161100;0.0;0.0;0.0
1667161160;0.0;0.0;0.0
1667161220;0.0;0.0;0.0
1667161280;0.0;0.0;0.0
1667161340;0.0;0.0;0.0
1667161400;0.0;0.0;0.0
1667161460;0.0;0.0;0.0
1667161520;0.0;0.0;0.0
1667161580;0.0;0.0;0.0
1667161640;0.0;0.0;0.0
1667161700;0.0;0.0;0.0
1667161760;0.0;0.0;0.0
1667161820;0.0;0.0;0.0
1667161880;0.0;0.0;0.0
1667161940;0.0;0.0;0.0
1667162000;0.0;0.0;0.0
1667162060;0.0;0.0;0.0
1667162120;0.0;0.0;0.0
1667162180;0.0;0.0;0.0
1667162240;0.0;0.0;0.0
1667162300;0.0;0.0;0.0
1667162360;0.0;0.0;0.0
1667162420;0.0;0.0;0.0
1667162480;0.0;0.0;0.0
1667162540;0.0;0.0;0.0
1667162600;0.0;0.0;0.0
1667162660;0.0;0.0;0.0
1667162720;0.0;0.0;0.0
1667162780;0.0;0.0;0.0
1667162840;0.0;0.0;0.0
1667162900;0.0;0.0;0.0
1667162960;0.0;0.0;0.0
1667163020;0.0;0.0;0.0
1667163080;0.0;0.0;0.0
1667163140;0.0;0.0;0.0
1667163200;0.0;0.0;0.0
1667163260;0.0;0.0;0.0
1667163320;0.0;0.0;0.0
1667163380;0.0;0.0;0.0
1667163440;0.0;0.0;0.0
1667163500;0.0;0.0;0.0
1667163560;0.0;0.0;0.0
1667163620;0.0;0.0;0.0
1667163680;0.0;0.0;0.0
1667163740;0.0;0.0;0.0
1667163800;0.0;0.0;0.0
1667163860;0.0;0.0;0.0
1667163920;0.0;0.0;0.0
1667163980;0.0;0.0;0.0
1667164040;0.0;0.0;0.0
1667164100;0.0;0.0;0.0
1667164160;0.0;0.0;0.0
1667164220;0.0;0.0;0.0
1667164280;0.0;0.0;0.0
1667164340;0.0;0.0;0.0
1667164400;0.0;0.0;0.0
1667164460;0.0;0.0;0.0
1667164520;0.0;0.0;0.0
1667164580;0.0;0.0;0.0
1667164640;0.0;0.0;0.0
1667164700;0.0;0.0;0.0
1667164760;0.0;0.0;0.0
1667164820;0.0;0.0;0.0
1667164880;0.0;0.0;0.0
1667164940;0.0;0.0;0.0
1667165000;0.0;0.0;0.0
1667165060;0.0;0.0;0.0
1667165120;0.0;0.0;0.0
1667165180;0.0;0.0;0.0
1667165240;0.0;0.0;0.0
1667165300;0.0;0.0;0.0
1667165360;0.0;0.0;0.0
1667165420;0.0;0.0;0.0
1667165480;0.0;0.0;0.0
1667165540;0.0;0.0;0.0
1667165600;0.0;0.0;0.0
1667165660;0.0;0.0;0.0
1667165720;0.0;0.0;0.0
1667165780;0.0;0.0;0.0
1667165840;0.0;0.0;0.0
1667165900;0.0;0.0;0.0
1667165960;0.0;0.0;0.0
1667166020;0.0;0.0;0.0
1667166080;0.0;0.0;0.0
1667166140;0.0;0.0;0.0
1667166200;0.0;0.0;0.0
1667166260;0.0;0.0;0.0
1667166320;0.0;0.0;0.0
1667166380;0.0;0.0;0.0
1667166440;0.0;0.0;0.0
1667166500;0.0;0.0;0.0
1667166560;0.0;0.0;0.0
1667166620;0.0;0.0;0.0
1667166680;0.0;0.0;0.0
1667166740;0.0;0.0;0.0
1667166800;0.0;0.0;0.0
1667166860;0.0;0.0;0.0
1667166920;0.0;0.0;0.0
1667166980;0.0;0.0;0.0
1667167040;0.0;0.0;0.0
1667167100;0.0;0.0;0.0
1667167160;0.0;0.0;0.0
1667167220;0.0;0.0;0.0
1667167280;0.0;0.0;0.0
1667167340;0.0;0.0;0.0
1667167400;0.0;0.0;0.0
1667167460;0.0;0.0;0.0
1667167520;0.0;0.0;0.0
1667167580;0.0;0.0;0.0
1667167640;0.0;0.0;0.0
1667167700;0.0;0.0;0.0
1667167760;0.0;0.0;0.0
1667167820;0.0;0.0;0.0
1667167880;0.0;0.0;0.0
1667167940;0.0;0.0;0.0
1667168000;0.0;0.0;0.0
1667168060;0.0;0.0;0.0
1667168120;0.0;0.0;0.0
1667168180;0.0;0.0;0.0
1667168240;0.0;0.0;0.0
1667168300;0.0;0.0;0.0
1667168360;0.0;0.0;0.0
1667168420;0.0;0.0;0.0
1667168480;0.0;0.0;0.0
1667168540;0.0;0.0;0.0
1667168600;0.0;0.0;0.0
1667168660;0.0;0.0;0.0
1667168720;0.0;0.0;0.0
1667168780;0.0;0.0;0.0
1667168840;0.0;0.0;0.0
1667168900;0.0;0.0;0.0
1667168960;0.0;0.0;0.0
1667169020;0.0;0.0;0.0
1667169080;0.0;0.0;0.0
1667169140;0.0;0.0;0.0
1667169200;0.0;0.0;0.0
1667169260;0.0;0.0;0.0
1667169320;0.0;0.0;0.0
1667169380;0.0;0.0;0.0
1667169440;0.0;0.0;0.0
1667169500;0.0;0.0;0.0
1667169560;0.0;0.0;0.0
1667169620;0.0;0.0;0.0
1667169680;0.0;0.0;0.0
1667169740;0.0;0.0;0.0
1667169800;0.0;0.0;0.0
1667169860;0.0;0.0;0.0
1667169920;0.0;0.0;0.0
1667169980;0.0;0.0;0.0
1667170040;0.0;0.0;0.0
1667170100;0.0;0.0;0.0
1667170160;0.0;0.0;0.0
1667170220;0.0;0.0;0.0
1667170280;0.0;0.0;0.0
1667170340;0.0;0.0;0.0
1667170400;0.0;0.0;0.0
1667170460;0.0;0.0;0.0
1667170520;0.0;0.0;0.0
1667170580;0.0;0.0;0.0
1667170640;0.0;0.0;0.0
1667170700;0.0;0.0;0.0
1667170760;0.0;0.0;0.0
1667170820;0.0;0.0;0.0
1667170880;0.0;0.0;0.0
1667170940;0.0;0.0;0.0
1667171000;0.0;0.0;0.0
1667171060;0.0;0.0;0.0
1667171120;0.0;0.0;0.0
1667171180;0.0;0.0;0.0
1667171240;0.0;0.0;0.0
1667171300;0.0;0.0;0.0
1667171360;0.0;0.0;0.0
1667171420;0.0;0.0;0.0
1667171480;0.0;0.0;0.0
1667171540;0.0;0.0;0.0
1667171600;0.0;0.0;0.0
1667171660;0.0;0.0;0.0
1667171720;0.0;0.0;0.0
1667171780;0.0;0.0;0.0
1667171840;0.0;0.0;0.0
1667171900;0.0;0.0;0.0
1667171960;0.0;0.0;0.0
1667172020;0.0;0.0;0.0
1667172080;0.0;0.0;0.0
1667172140;0.0;0.0;0.0
1667172200;0.0;0.0;0.0
1667172260;0.0;0.0;0.0
1667172320;0.0;0.0;0.0
1667172380;0.0;0.0;0.0
1667172440;0.0;0.0;0.0
1667172500;0.0;0.0;0.0
1667172560;0.0;0.0;0.0
1667172620;0.0;0.0;0.0
1667172680;0.0;0.0;0.0
1667172740;0.0;0.0;0.0
1667172800;0.0;0.0;0.0
1667172860;0.0;0.0;0.0
1667172920;0.0;0.0;0.0
1667172980;0.0;0.0;0.0
1667173040;0.0;0.0;0.0
1667173100;0.0;0.0;0.0
1667173160;0.0;0.0;0.0
1667173220;0.0;0.0;0.0
1667173280;0.0;0.0;0.0
1667173340;0.0;0.0;0.0
1667173400;0.0;0.0;0.0
1667173460;0.0;0.0;0.0
1667173520;0.0;0.0;0.0
1667173580;0.0;0.0;0.0
1667173640;0.0;0.0;0.0
1667173700;0.0;0.0;0.0
1667173760;0.0;0.0;0.0
1667173820;0.0;0.0;0.0
1667173880;0.0;0.0;0.0
1667173940;0.0;0.0;0.0
1667174000;0.0;0.0;0.0
1667174060;0.0;0.0;0.0
1667174120;0.0;0.0;0.0
1667174180;0.0;0.0;0.0
1667174240;0.0;0.0;0.0
1667174300;0.0;0.0;0.0
1667174360;0.0;0.0;0.0
1667174420;0.0;0.0;0.0
1667174480;0.0;0.0;0.0
1667174540;0.0;0.0;0.0
1667174600;0.0;0.0;0.0
1667174660;0.0;0.0;0.0
1667174720;0.0;0.0;0.0
1667174780;0.0;0.0;0.0
1667174840;0.0;0.0;0.0
1667174900;0.0;0.0;0.0
1667174960;0.0;0.0;0.0
1667175020;0.0;0.0;0.0
1667175080;0.0;0.0;0.0
1667175140;0.0;0.0;0.0
1667175200;0.0;0.0;0.0
1667175260;0.0;0.0;0.0
1667175320;0.0;0.0;0.0
1667175380;0.0;0.0;0.0
1667175440;0.0;0.0;0.0
1667175500;0.0;0.0;0.0
1667175560;0.0;0.0;0.0
1667175620;0.0;0.0;0.0
1667175680;0.0;0.0;0.0
1667175740;0.0;0.0;0.0
1667175800;0.0;0.0;0.0
1667175860;0.0;0.0;0.0
1667175920;0.0;0.0;0.0
1667175980;0.0;0.0;0.0
1667176040;0.0;0.0;0.0
1667176100;0.0;0.0;0.0
1667176160;0.0;0.0;0.0
1667176220;0.0;0.0;0.0
1667176280;0.0;0.0;0.0
1667176340;0.0;0.0;0.0
1667176400;0.0;0.0;0.0
1667176460;0.0;0.0;0.0
1667176520;0.0;0.0;0.0
1667176580;0.0;0.0;0.0
1667176640;0.0;0.0;0.0
1667176700;0.0;0.0;0.0
1667176760;0.0;0.0;0.0
1667176820;0.0;0.0;0.0
1667176880;0.0;0.0;0.0
1667176940;0.0;0.0;0.0
1667177000;0.0;0.0;0.0
1667177060;0.0;0.0;0.0
1667177120;0.0;0.0;0.0
1667177180;0.0;0.0;0.0
1667177240;0.0;0.0;0.0
1667177300;0.0;0.0;0.0
1667177360;0.0;0.0;0.0
1667177420;0.0;0.0;0.0
1667177480;0.0;0.0;0.0
1667177540;0.0;0.0;0.0
1667177600;0.0;0.0;0.0
1667177660;0.0;0.0;0.0
1667177720;0.0;0.0;0.0
1667177780;0.0;0.0;0.0
1667177840;0.0;0.0;0.0
1667177900;0.0;0.0;0.0
1667177960;0.0;0.0;0.0
1667178020;0.0;0.0;0.0
1667178080;0.0;0.0;0.0
1667178140;0.0;0.0;0.0
1667178200;0.0;0.0;0.0
1667178260;0.0;0.0;0.0
1667178320;0.0;0.0;0.0
1667178380;0.0;0.0;0.0
1667178440;0.0;0.0;0.0
1667178500;0.0;0.0;0.0
1667178560;0.0;0.0;0.0
1667178620;0.0;0.0;0.0
1667178680;0.0;0.0;0.0
1667178740;0.0;0.0;0.0
1667178800;0.0;0.0;0.0
1667178860;0.0;0.0;0.0
1667178920;0.0;0.0;0.0
1667178980;0.0;0.0;0.0
1667179040;0.0;0.0;0.0
1667179100;0.0;0.0;0.0
1667179160;0.0;0.0;0.0
1667179220;0.0;0.0;0.0
1667179280;0.0;0.0;0.0
1667179340;0.0;0.0;0.0
1667179400;0.0;0.0;0.0
1667179460;0.0;0.0;0.0
1667179520;0.0;0.0;0.0
1667179580;0.0;0.0;0.0
1667179640;0.0;0.0;0.0
1667179700;0.0;0.0;0.0
1667179760;0.0;0.0;0.0
1667179820;0.0;0.0;0.0
1667179880;0.0;0.0;0.0
1667179940;0.0;0.0;0.0
1667180000;0.0;0.0;0.0
1667180060;0.0;0.0;0.0
1667180120;0.0;0.0;0.0
1667180180;0.0;0.0;0.0
1667180240;0.0;0.0;0.0
1667180300;0.0;0.0;0.0
1667180360;0.0;0.0;0.0
1667180420;0.0;0.0;0.0
1667180480;0.0;0.0;0.0
1667180540;0.0;0.0;0.0
1667180600;0.0;0.0;0.0
1667180660;0.0;0.0;0.0
1667180720;0.0;0.0;0.0
1667180780;0.0;0.0;0.0
1667180840;0.0;0.0;0.0
1667180900;0.0;0.0;0.0
1667180960;0.0;0.0;0.0
1667181020;0.0;0.0;0.0
1667181080;0.0;0.0;0.0
1667181140;0.0;0.0;0.0
1667181200;0.0;0.0;0.0
1667181260;0.0;0.0;0.0
1667181320;0.0;0.0;0.0
1667181380;0.0;0.0;0.0
1667181440;0.0;0.0;0.0
1667181500;0.0;0.0;0.0
1667181560;0.0;0.0;0.0
1667181620;0.0;0.0;0.0
1667181680;0.0;0.0;0.0
1667181740;0.0;0.0;0.0
1667181800;0.0;0.0;0.0
1667181860;0.0;0.0;0.0
1667181920;0.0;0.0;0.0
1667181980;0.0;0.0;0.0
1667182040;0.0;0.0;0.0
1667182100;0.0;0.0;0.0
1667182160;0.0;0.0;0.0
1667182220;0.0;0.0;0.0
1667182280;0.0;0.0;0.0
1667182340;0.0;0.0;0.0
1667182400;0.0;0.0;0.0
1667182460;0.0;0.0;0.0
1667182520;0.0;0.0;0.0
1667182580;0.0;0.0;0.0
1667182640;0.0;0.0;0.0
1667182700;0.0;0.0;0.0
1667182760;0.0;0.0;0.0
1667182820;0.0;0.0;0.0
1667182880;0.0;0.0;0.0
1667182940;0.0;0.0;0.0
1667183000;0.0;0.0;0.0
1667183060;0.0;0.0;0.0
1667183120;0.0;0.0;0.0
1667183180;0.0;0.0;0.0
1667183240;0.0;0.0;0.0
1667183300;0.0;0.0;0.0
1667183360;0.0;0.0;0.0
1667183420;0.0;0.0;0.0
1667183480;0.0;0.0;0.0
1667183540;0.0;0.0;0.0
1667183600;0.0;0.0;0.0
1667183660;0.0;0.0;0.0
1667183720;0.0;0.0;0.0
1667183780;0.0;0.0;0.0
1667183840;0.0;0.0;0.0
1667183900;0.0;0.0;0.0
1667183960;0.0;0.0;0.0
1667184020;0.0;0.0;0.0
1667184080;0.0;0.0;0.0
1667184140;0.0;0.0;0.0
1667184200;0.0;0.0;0.0
1667184260;0.0;0.0;0.0
1667184320;0.0;0.0;0.0
1667184380;0.0;0.0;0.0
1667184440;0.0;0.0;0.0
1667184500;0.0;0.0;0.0
1667184560;0.0;0.0;0.0
1667184620;0.0;0.0;0.0
1667184680;0.0;0.0;0.0
1667184740;0.0;0.0;0.0
1667184800;0.0;0.0;0.0
1667184860;0.0;0.0;0.0
1667184920;0.0;0.0;0.0
1667184980;0.0;0.0;0.0
1667185040;0.0;0.0;0.0
1667185100;0.0;0.0;0.0
1667185160;0.0;0.0;0.0
1667185220;0.0;0.0;0.0
1667185280;0.0;0.0;0.0
1667185340;0.0;0.0;0.0
1667185400;0.0;0.0;0.0
1667185460;0.0;0.0;0.0
1667185520;0.0;0.0;0.0
1667185580;0.0;0.0;0.0
1667185640;0.0;0.0;0.0
1667185700;0.0;0.0;0.0
1667185760;0.0;0.0;0.0
1667185820;0.0;0.0;0.0
1667185880;0.0;0.0;0.0
1667185940;0.0;0.0;0.0
1667186000;0.0;0.0;0.0
1667186060;0.0;0.0;0.0
1667186120;0.0;0.0;0.0
1667186180;0.0;0.0;0.0
1667186240;0.0;0.0;0.0
1667186300;0.0;0.0;0.0
1667186360;0.0;0.0;0.0
1667186420;0.0;0.0;0.0
1667186480;0.0;0.0;0.0
1667186540;0.0;0.0;0.0
1667186600;0.0;0.0;0.0
1667186660;0.0;0.0;0.0
1667186720;0.0;0.0;0.0
1667186780;0.0;0.0;0.0
1667186840;0.0;0.0;0.0
1667186900;0.0;0.0;0.0
1667186960;0.0;0.0;0.0
1667187020;0.0;0.0;0.0
1667187080;0.0;0.0;0.0
1667187140;0.0;0.0;0.0
1667187200;0.0;0.0;0.0
1667187260;0.0;0.0;0.0
1667187320;0.0;0.0;0.0
1667187380;0.0;0.0;0.0
1667187440;0.0;0.0;0.0
1667187500;0.0;0.0;0.0
1667187560;0.0;0.0;0.0
1667187620;0.0;0.0;0.0
1667187680;0.0;0.0;0.0
1667187740;0.0;0.0;0.0
1667187800;0.0;0.0;0.0
1667187860;0.0;0.0;0.0
1667187920;0.0;0.0;0.0
1667187980;0.0;0.0;0.0
1667188040;0.0;0.0;0.0
1667188100;0.0;0.0;0.0
1667188160;0.0;0.0;0.0
1667188220;0.0;0.0;0.0
1667188280;0.0;0.0;0.0
1667188340;0.0;0.0;0.0
1667188400;0.0;0.0;0.0
1667188460;0.0;0.0;0.0
1667188520;0.0;0.0;0.0
1667188580;0.0;0.0;0.0
1667188640;0.0;0.0;0.0
1667188700;0.0;0.0;0.0
1667188760;0.0;0.0;0.0
1667188820;0.0;0.0;0.0
1667188880;0.0;0.0;0.0
1667188940;0.0;0.0;0.0
1667189000;0.0;0.0;0.0
1667189060;0.0;0.0;0.0
1667189120;0.0;0.0;0.0
1667189180;0.0;0.0;0.0
1667189240;0.0;0.0;0.0
1667189300;0.0;0.0;0.0
1667189360;0.0;0.0;0.0
1667189420;0.0;0.0;0.0
1667189480;0.0;0.0;0.0
1667189540;0.0;0.0;0.0
1667189600;0.0;0.0;0.0
1667189660;0.0;0.0;0.0
1667189720;0.0;0.0;0.0
1667189780;0.0;0.0;0.0
1667189840;0.0;0.0;0.0
1667189900;0.0;0.0;0.0
1667189960;0.0;0.0;0.0
1667190020;0.0;0.0;0.0
1667190080;0.0;0.0;0.0
1667190140;0.0;0.0;0.0
1667190200;0.0;0.0;0.0
1667190260;0.0;0.0;0.0
1667190320;0.0;0.0;0.0
1667190380;0.0;0.0;0.0
1667190440;0.0;0.0;0.0
1667190500;0.0;0.0;0.0
1667190560;0.0;0.0;0.0
1667190620;0.0;0.0;0.0
1667190680;0.0;0.0;0.0
1667190740;0.0;0.0;0.0
1667190800;0.0;0.0;0.0
1667190860;0.0;0.0;0.0
1667190920;0.0;0.0;0.0
1667190980;0.0;0.0;0.0
1667191040;0.0;0.0;0.0
1667191100;0.0;0.0;0.0
1667191160;0.0;0.0;0.0
1667191220;0.0;0.0;0.0
1667191280;0.0;0.0;0.0
1667191340;0.0;0.0;0.0
1667191400;0.0;0.0;0.0
1667191460;0.0;0.0;0.0
1667191520;0.0;0.0;0.0
1667191580;0.0;0.0;0.0
1667191640;0.0;0.0;0.0
1667191700;0.0;0.0;0.0
1667191760;0.0;0.0;0.0
1667191820;0.0;0.0;0.0
1667191880;0.0;0.0;0.0
1667191940;0.0;0.0;0.0
1667192000;0.0;0.0;0.0
1667192060;0.0;0.0;0.0
1667192120;0.0;0.0;0.0
1667192180;0.0;0.0;0.0
1667192240;0.0;0.0;0.0
1667192300;0.0;0.0;0.0
1667192360;0.0;0.0;0.0
1667192420;0.0;0.0;0.0
1667192480;0.0;0.0;0.0
1667192540;0.0;0.0;0.0
1667192600;0.0;0.0;0.0
1667192660;0.0;0.0;0.0
1667192720;0.0;0.0;0.0
1667192780;0.0;0.0;0.0
1667192840;0.0;0.0;0.0
1667192900;0.0;0.0;0.0
1667192960;0.0;0.0;0.0
1667193020;0.0;0.0;0.0
1667193080;0.0;0.0;0.0
1667193140;0.0;0.0;0.0
1667193200;0.0;0.0;0.0
1667193260;0.0;0.0;0.0
1667193320;0.0;0.0;0.0
1667193380;0.0;0.0;0.0
1667193440;0.0;0.0;0.0
1667193500;0.0;0.0;0.0
1667193560;0.0;0.0;0.0
1667193620;0.0;0.0;0.0
1667193680;0.0;0.0;0.0
1667193740;0.0;0.0;0.0
1667193800;0.0;0.0;0.0
1667193860;0.0;0.0;0.0
1667193920;0.0;0.0;0.0
1667193980;0.0;0.0;0.0
1667194040;0.0;0.0;0.0
1667194100;0.0;0.0;0.0
1667194160;0.0;0.0;0.0
1667194220;0.0;0.0;0.0
1667194280;0.0;0.0;0.0
1667194340;0.0;0.0;0.0
1667194400;0.0;0.0;0.0
1667194460;0.0;0.0;0.0
1667194520;0.0;0.0;0.0
1667194580;0.0;0.0;0.0
1667194640;0.0;0.0;0.0
1667194700;0.0;0.0;0.0
1667194760;0.0;0.0;0.0
1667194820;0.0;0.0;0.0
1667194880;0.0;0.0;0.0
1667194940;0.0;0.0;0.0
1667195000;0.0;0.0;0.0
1667195060;0.0;0.0;0.0
1667195120;0.0;0.0;0.0
1667195180;0.0;0.0;0.0
1667195240;0.0;0.0;0.0
1667195300;0.0;0.0;0.0
1667195360;0.0;0.0;0.0
1667195420;0.0;0.0;0.0
1667195480;0.0;0.0;0.0
1667195540;0.0;0.0;0.0
1667195600;0.0;0.0;0.0
1667195660;0.0;0.0;0.0
1667195720;0.0;0.0;0.0
1667195780;0.0;0.0;0.0
1667195840;0.0;0.0;0.0
1667195900;0.0;0.0;0.0
1667195960;0.0;0.0;0.0
1667196020;0.0;0.0;0.0
1667196080;0.0;0.0;0.0
1667196140;0.0;0.0;0.0
1667196200;0.0;0.0;0.0
1667196260;0.0;0.0;0.0
1667196320;0.0;0.0;0.0
1667196380;0.0;0.0;0.0
1667196440;0.0;0.0;0.0
1667196500;0.0;0.0;0.0
1667196560;0.0;0.0;0.0
1667196620;0.0;0.0;0.0
1667196680;0.0;0.0;0.0
1667196740;0.0;0.0;0.0
1667196800;0.0;0.0;0.0
1667196860;0.0;0.0;0.0
1667196920;0.0;0.0;0.0
1667196980;0.0;0.0;0.0
1667197040;0.0;0.0;0.0
1667197100;0.0;0.0;0.0
1667197160;0.0;0.0;0.0
1667197220;0.0;0.0;0.0
1667197280;0.0;0.0;0.0
1667197340;0.0;0.0;0.0
1667197400;0.0;0.0;0.0
1667197460;0.0;0.0;0.0
1667197520;0.0;0.0;0.0
1667197580;0.0;0.0;0.0
1667197640;0.0;0.0;0.0
1667197700;0.0;0.0;0.0
1667197760;0.0;0.0;0.0
1667197820;0.0;0.0;0.0
1667197880;0.0;0.0;0.0
1667197940;0.0;0.0;0.0
1667198000;0.0;0.0;0.0
1667198060;0.0;0.0;0.0
1667198120;0.0;0.0;0.0
1667198180;0.0;0.0;0.0
1667198240;0.0;0.0;0.0
1667198300;0.0;0.0;0.0
1667198360;0.0;0.0;0.0
1667198420;0.0;0.0;0.0
1667198480;0.0;0.0;0.0
1667198540;0.0;0.0;0.0
1667198600;0.0;0.0;0.0
1667198660;0.0;0.0;0.0
1667198720;0.0;0.0;0.0
1667198780;0.0;0.0;0.0
1667198840;0.0;0.0;0.0
1667198900;0.0;0.0;0.0
1667198960;0.0;0.0;0.0
1667199020;0.0;0.0;0.0
1667199080;0.0;0.0;0.0
1667199140;0.0;0.0;0.0
1667199200;0.0;0.0;0.0
1667199260;0.0;0.0;0.0
1667199320;0.0;0.0;0.0
1667199380;0.0;0.0;0.0
1667199440;0.0;0.0;0.0
1667199500;0.0;0.0;0.0
1667199560;0.0;0.0;0.0
1667199620;0.0;0.0;0.0
1667199680;0.0;0.0;0.0
1667199740;0.0;0.0;0.0
1667199800;0.0;0.0;0.0
1667199860;0.0;0.0;0.0
1667199920;0.0;0.0;0.0
1667199980;0.0;0.0;0.0
1667200040;0.0;0.0;0.0
1667200100;0.0;0.0;0.0
1667200160;0.0;0.0;0.0
1667200220;0.0;0.0;0.0
1667200280;0.0;0.0;0.0
1667200340;0.0;0.0;0.0
1667200400;0.0;0.0;0.0
1667200460;0.0;0.0;0.0
1667200520;0.0;0.0;0.0
1667200580;0.0;0.0;0.0
1667200640;0.0;0.0;0.0
1667200700;0.0;0.0;0.0
1667200760;0.0;0.0;0.0
1667200820;0.0;0.0;0.0
1667200880;0.0;0.0;0.0
1667200940;0.0;0.0;0.0
1667201000;0.0;0.0;0.0
1667201060;0.0;0.0;0.0
1667201120;0.0;0.0;0.0
1667201180;0.0;0.0;0.0
1667201240;0.0;0.0;0.0
1667201300;0.0;0.0;0.0
1667201360;0.0;0.0;0.0
1667201420;0.0;0.0;0.0
1667201480;0.0;0.0;0.0
1667201540;0.0;0.0;0.0
1667201600;0.0;0.0;0.0
1667201660;0.0;0.0;0.0
1667201720;0.0;0.0;0.0
1667201780;0.0;0.0;0.0
1667201840;0.0;0.0;0.0
1667201900;0.0;0.0;0.0
1667201960;0.0;0.0;0.0
1667202020;0.0;0.0;0.0
1667202080;0.0;0.0;0.0
1667202140;0.0;0.0;0.0
1667202200;0.0;0.0;0.0
1667202260;0.0;0.0;0.0
1667202320;0.0;0.0;0.0
1667202380;0.0;0.0;0.0
1667202440;0.0;0.0;0.0
1667202500;0.0;0.0;0.0
1667202560;0.0;0.0;0.0
1667202620;0.0;0.0;0.0
1667202680;0.0;0.0;0.0
1667202740;0.0;0.0;0.0
1667202800;0.0;0.0;0.0
1667202860;0.0;0.0;0.0
1667202920;0.0;0.0;0.0
1667202980;0.0;0.0;0.0
1667203040;0.0;0.0;0.0
1667203100;0.0;0.0;0.0
1667203160;0.0;0.0;0.0
1667203220;0.0;0.0;0.0
1667203280;0.0;0.0;0.0
1667203340;0.0;0.0;0.0
1667203400;0.0;0.0;0.0
1667203460;0.0;0.0;0.0
1667203520;0.0;0.0;0.0
1667203580;0.0;0.0;0.0
1667203640;0.0;0.0;0.0
1667203700;0.0;0.0;0.0
1667203760;0.0;0.0;0.0
1667203820;0.0;0.0;0.0
1667203880;0.0;0.0;0.0
1667203940;0.0;0.0;0.0
1667204000;0.0;0.0;0.0
1667204060;0.0;0.0;0.0
1667204120;0.0;0.0;0.0
1667204180;0.0;0.0;0.0
1667204240;0.0;0.0;0.0
1667204300;0.0;0.0;0.0
1667204360;0.0;0.0;0.0
1667204420;0.0;0.0;0.0
1667204480;0.0;0.0;0.0
1667204540;0.0;0.0;0.0
1667204600;0.0;0.0;0.0
1667204660;0.0;0.0;0.0
1667204720;0.0;0.0;0.0
1667204780;0.0;0.0;0.0
1667204840;0.0;0.0;0.0
1667204900;0.0;0.0;0.0
1667204960;0.0;0.0;0.0
1667205020;0.0;0.0;0.0
1667205080;0.0;0.0;0.0
1667205140;0.0;0.0;0.0
1667205200;0.0;0.0;0.0
1667205260;0.0;0.0;0.0
1667205320;0.0;0.0;0.0
1667205380;0.0;0.0;0.0
1667205440;0.0;0.0;0.0
1667205500;0.0;0.0;0.0
1667205560;0.0;0.0;0.0
1667205620;0.0;0.0;0.0
1667205680;0.0;0.0;0.0
1667205740;0.0;0.0;0.0
1667205800;0.0;0.0;0.0
1667205860;0.0;0.0;0.0
1667205920;0.0;0.0;0.0
1667205980;0.0;0.0;0.0
1667206040;0.0;0.0;0.0
1667206100;0.0;0.0;0.0
1667206160;0.0;0.0;0.0
1667206220;0.0;0.0;0.0
1667206280;0.0;0.0;0.0
1667206340;0.0;0.0;0.0
1667206400;0.0;0.0;0.0
1667206460;0.0;0.0;0.0
1667206520;0.0;0.0;0.0
1667206580;0.0;0.0;0.0
1667206640;0.0;0.0;0.0
1667206700;0.0;0.0;0.0
1667206760;0.0;0.0;0.0
1667206820;0.0;0.0;0.0
1667206880;0.0;0.0;0.0
1667206940;0.0;0.0;0.0
1667207000;0.0;0.0;0.0
1667207060;0.0;0.0;0.0
1667207120;0.0;0.0;0.0
1667207180;0.0;0.0;0.0
1667207240;0.0;0.0;0.0
1667207300;0.0;0.0;0.0
1667207360;0.0;0.0;0.0
1667207420;0.0;0.0;0.0
1667207480;0.0;0.0;0.0
1667207540;0.0;0.0;0.0
1667207600;0.0;0.0;0.0
1667207660;0.0;0.0;0.0
1667207720;0.0;0.0;0.0
1667207780;0.0;0.0;0.0
1667207840;0.0;0.0;0.0
1667207900;0.0;0.0;0.0
1667207960;0.0;0.0;0.0
1667208020;0.0;0.0;0.0
1667208080;0.0;0.0;0.0
1667208140;0.0;0.0;0.0
1667208200;0.0;0.0;0.0
1667208260;0.0;0.0;0.0
1667208320;0.0;0.0;0.0
1667208380;0.0;0.0;0.0
1667208440;0.0;0.0;0.0
1667208500;0.0;0.0;0.0
1667208560;0.0;0.0;0.0
1667208620;0.0;0.0;0.0
1667208680;0.0;0.0;0.0
1667208740;0.0;0.0;0.0
1667208800;0.0;0.0;0.0
1667208860;0.0;0.0;0.0
1667208920;0.0;0.0;0.0
1667208980;0.0;0.0;0.0
1667209040;0.0;0.0;0.0
1667209100;0.0;0.0;0.0
1667209160;0.0;0.0;0.0
1667209220;0.0;0.0;0.0
1667209280;0.0;0.0;0.0
1667209340;0.0;0.0;0.0
1667209400;0.0;0.0;0.0
1667209460;0.0;0.0;0.0
1667209520;0.0;0.0;0.0
1667209580;0.0;0.0;0.0
1667209640;0.0;0.0;0.0
1667209700;0.0;0.0;0.0
1667209760;0.0;0.0;0.0
1667209820;0.0;0.0;0.0
1667209880;0.0;0.0;0.0
1667209940;0.0;0.0;0.0
1667210000;0.0;0.0;0.0
1667210060;0.0;0.0;0.0
1667210120;0.0;0.0;0.0
1667210180;0.0;0.0;0.0
1667210240;0.0;0.0;0.0
1667210300;0.0;0.0;0.0
1667210360;0.0;0.0;0.0
1667210420;0.0;0.0;0.0
1667210480;0.0;0.0;0.0
1667210540;0.0;0.0;0.0
1667210600;0.0;0.0;0.0
1667210660;0.0;0.0;0.0
1667210720;0.0;0.0;0.0
1667210780;0.0;0.0;0.0
1667210840;0.0;0.0;0.0
1667210900;0.0;0.0;0.0
1667210960;0.0;0.0;0.0
1667211020;0.0;0.0;0.0
1667211080;0.0;0.0;0.0
1667211140;0.0;0.0;0.0
1667211200;0.0;0.0;0.0
1667211260;0.0;0.0;0.0
1667211320;0.0;0.0;0.0
1667211380;0.0;0.0;0.0
1667211440;0.0;0.0;0.0
1667211500;0.0;0.0;0.0
1667211560;0.0;0.0;0.0
1667211620;0.0;0.0;0.0
1667211680;0.0;0.0;0.0
1667211740;0.0;0.0;0.0
1667211800;0.0;0.0;0.0
1667211860;0.0;0.0;0.0
1667211920;0.0;0.0;0.0
1667211980;0.0;0.0;0.0
1667212040;0.0;0.0;0.0
1667212100;0.0;0.0;0.0
1667212160;0.0;0.0;0.0
1667212220;0.0;0.0;0.0
1667212280;0.0;0.0;0.0
1667212340;0.0;0.0;0.0
1667212400;0.0;0.0;0.0
1667212460;0.0;0.0;0.0
1667212520;0.0;0.0;0.0
1667212580;0.0;0.0;0.0
1667212640;0.0;0.0;0.0
1667212700;0.0;0.0;0.0
1667212760;0.0;0.0;0.0
1667212820;0.0;0.0;0.0
1667212880;0.0;0.0;0.0
1667212940;0.0;0.0;0.0
1667213000;0.0;0.0;0.0
1667213060;0.0;0.0;0.0
1667213120;0.0;0.0;0.0
1667213180;0.0;0.0;0.0
1667213240;0.0;0.0;0.0
1667213300;0.0;0.0;0.0
1667213360;0.0;0.0;0.0
1667213420;0.0;0.0;0.0
1667213480;0.0;0.0;0.0
1667213540;0.0;0.0;0.0
1667213600;0.0;0.0;0.0
1667213660;0.0;0.0;0.0
1667213720;0.0;0.0;0.0
1667213780;0.0;0.0;0.0
1667213840;0.0;0.0;0.0
1667213900;0.0;0.0;0.0
1667213960;0.0;0.0;0.0
1667214020;0.0;0.0;0.0
1667214080;0.0;0.0;0.0
1667214140;0.0;0.0;0.0
1667214200;0.0;0.0;0.0
1667214260;0.0;0.0;0.0
1667214320;0.0;0.0;0.0
1667214380;0.0;0.0;0.0
1667214440;0.0;0.0;0.0
1667214500;0.0;0.0;0.0
1667214560;0.0;0.0;0.0
1667214620;0.0;0.0;0.0
1667214680;0.0;0.0;0.0
1667214740;0.0;0.0;0.0
1667214800;0.0;0.0;0.0
1667214860;0.0;0.0;0.0
1667214920;0.0;0.0;0.0
1667214980;0.0;0.0;0.0
1667215040;0.0;0.0;0.0
1667215100;0.0;0.0;0.0
1667215160;0.0;0.0;0.0
1667215220;0.0;0.0;0.0
1667215280;0.0;0.0;0.0
1667215340;0.0;0.0;0.0
1667215400;0.0;0.0;0.0
1667215460;0.0;0.0;0.0
1667215520;0.0;0.0;0.0
1667215580;0.0;0.0;0.0
1667215640;0.0;0.0;0.0
1667215700;0.0;0.0;0.0
1667215760;0.0;0.0;0.0
1667215820;0.0;0.0;0.0
1667215880;0.0;0.0;0.0
1667215940;0.0;0.0;0.0
1667216000;0.0;0.0;0.0
1667216060;0.0;0.0;0.0
1667216120;0.0;0.0;0.0
1667216180;0.0;0.0;0.0
1667216240;0.0;0.0;0.0
1667216300;0.0;0.0;0.0
1667216360;0.0;0.0;0.0
1667216420;0.0;0.0;0.0
1667216480;0.0;0.0;0.0
1667216540;0.0;0.0;0.0
1667216600;0.0;0.0;0.0
1667216660;0.0;0.0;0.0
1667216720;0.0;0.0;0.0
1667216780;0.0;0.0;0.0
1667216840;0.0;0.0;0.0
1667216900;0.0;0.0;0.0
1667216960;0.0;0.0;0.0
1667217020;0.0;0.0;0.0
1667217080;0.0;0.0;0.0
1667217140;0.0;0.0;0.0
1667217200;0.0;0.0;0.0
1667217260;0.0;0.0;0.0
1667217320;0.0;0.0;0.0
1667217380;0.0;0.0;0.0
1667217440;0.0;0.0;0.0
1667217500;0.0;0.0;0.0
1667217560;0.0;0.0;0.0
1667217620;0.0;0.0;0.0
1667217680;0.0;0.0;0.0
1667217740;0.0;0.0;0.0
1667217800;0.0;0.0;0.0
1667217860;0.0;0.0;0.0
1667217920;0.0;0.0;0.0
1667217980;0.0;0.0;0.0
1667218040;0.0;0.0;0.0
1667218100;0.0;0.0;0.0
1667218160;0.0;0.0;0.0
1667218220;0.0;0.0;0.0
1667218280;0.0;0.0;0.0
1667218340;0.0;0.0;0.0
1667218400;0.0;0.0;0.0
1667218460;0.0;0.0;0.0
1667218520;0.0;0.0;0.0
1667218580;0.0;0.0;0.0
1667218640;0.0;0.0;0.0
1667218700;0.0;0.0;0.0
1667218760;0.0;0.0;0.0
1667218820;0.0;0.0;0.0
1667218880;0.0;0.0;0.0
1667218940;0.0;0.0;0.0
1667219000;0.0;0.0;0.0
1667219060;0.0;0.0;0.0
1667219120;0.0;0.0;0.0
1667219180;0.0;0.0;0.0
1667219240;0.0;0.0;0.0
1667219300;0.0;0.0;0.0
1667219360;0.0;0.0;0.0
1667219420;0.0;0.0;0.0
1667219480;0.0;0.0;0.0
1667219540;0.0;0.0;0.0
1667219600;0.0;0.0;0.0
1667219660;0.0;0.0;0.0
1667219720;0.0;0.0;0.0
1667219780;0.0;0.0;0.0
1667219840;0.0;0.0;0.0
1667219900;0.0;0.0;0.0
1667219960;0.0;0.0;0.0
1667220020;0.0;0.0;0.0
1667220080;0.0;0.0;0.0
1667220140;0.0;0.0;0.0
1667220200;0.0;0.0;0.0
1667220260;0.0;0.0;0.0
1667220320;0.0;0.0;0.0
1667220380;0.0;0.0;0.0
1667220440;0.0;0.0;0.0
1667220500;0.0;0.0;0.0
1667220560;0.0;0.0;0.0
1667220620;0.0;0.0;0.0
1667220680;0.0;0.0;0.0
1667220740;0.0;0.0;0.0
1667220800;0.0;0.0;0.0
1667220860;0.0;0.0;0.0
1667220920;0.0;0.0;0.0
1667220980;0.0;0.0;0.0
1667221040;0.0;0.0;0.0
1667221100;0.0;0.0;0.0
1667221160;0.0;0.0;0.0
1667221220;0.0;0.0;0.0
1667221280;0.0;0.0;0.0
1667221340;0.0;0.0;0.0
1667221400;0.0;0.0;0.0
1667221460;0.0;0.0;0.0
1667221520;0.0;0.0;0.0
1667221580;0.0;0.0;0.0
1667221640;0.0;0.0;0.0
1667221700;0.0;0.0;0.0
1667221760;0.0;0.0;0.0
1667221820;0.0;0.0;0.0
1667221880;0.0;0.0;0.0
1667221940;0.0;0.0;0.0
1667222000;0.0;0.0;0.0
1667222060;0.0;0.0;0.0
1667222120;0.0;0.0;0.0
1667222180;0.0;0.0;0.0
1667222240;0.0;0.0;0.0
1667222300;0.0;0.0;0.0
1667222360;0.0;0.0;0.0
1667222420;0.0;0.0;0.0
1667222480;0.0;0.0;0.0
1667222540;0.0;0.0;0.0
1667222600;0.0;0.0;0.0
1667222660;0.0;0.0;0.0
1667222720;0.0;0.0;0.0
1667222780;0.0;0.0;0.0
1667222840;0.0;0.0;0.0
1667222900;0.0;0.0;0.0
1667222960;0.0;0.0;0.0
1667223020;0.0;0.0;0.0
1667223080;0.0;0.0;0.0
1667223140;0.0;0.0;0.0
1667223200;0.0;0.0;0.0
1667223260;0.0;0.0;0.0
1667223320;0.0;0.0;0.0
1667223380;0.0;0.0;0.0
1667223440;0.0;0.0;0.0
1667223500;0.0;0.0;0.0
1667223560;0.0;0.0;0.0
1667223620;0.0;0.0;0.0
1667223680;0.0;0.0;0.0
1667223740;0.0;0.0;0.0
1667223800;0.0;0.0;0.0
1667223860;0.0;0.0;0.0
1667223920;0.0;0.0;0.0
1667223980;0.0;0.0;0.0
1667224040;0.0;0.0;0.0
1667224100;0.0;0.0;0.0
1667224160;0.0;0.0;0.0
1667224220;0.0;0.0;0.0
1667224280;0.0;0.0;0.0
1667224340;0.0;0.0;0.0
1667224400;0.0;0.0;0.0
1667224460;0.0;0.0;0.0
1667224520;0.0;0.0;0.0
1667224580;0.0;0.0;0.0
1667224640;0.0;0.0;0.0
1667224700;0.0;0.0;0.0
1667224760;0.0;0.0;0.0
1667224820;0.0;0.0;0.0
1667224880;0.0;0.0;0.0
1667224940;0.0;0.0;0.0
1667225000;0.0;0.0;0.0
1667225060;0.0;0.0;0.0
1667225120;0.0;0.0;0.0
1667225180;0.0;0.0;0.0
1667225240;0.0;0.0;0.0
1667225300;0.0;0.0;0.0
1667225360;0.0;0.0;0.0
1667225420;0.0;0.0;0.0
1667225480;0.0;0.0;0.0
1667225540;0.0;0.0;0.0
1667225600;0.0;0.0;0.0
1667225660;0.0;0.0;0.0
1667225720;0.0;0.0;0.0
1667225780;0.0;0.0;0.0
1667225840;0.0;0.0;0.0
1667225900;0.0;0.0;0.0
1667225960;0.0;0.0;0.0
1667226020;0.0;0.0;0.0
1667226080;0.0;0.0;0.0
1667226140;0.0;0.0;0.0
1667226200;0.0;0.0;0.0
1667226260;0.0;0.0;0.0
1667226320;0.0;0.0;0.0
1667226380;0.0;0.0;0.0
1667226440;0.0;0.0;0.0
1667226500;0.0;0.0;0.0
1667226560;0.0;0.0;0.0
1667226620;0.0;0.0;0.0
1667226680;0.0;0.0;0.0
1667226740;0.0;0.0;0.0
1667226800;0.0;0.0;0.0
1667226860;0.0;0.0;0.0
1667226920;0.0;0.0;0.0
1667226980;0.0;0.0;0.0
1667227040;0.0;0.0;0.0
1667227100;0.0;0.0;0.0
1667227160;0.0;0.0;0.0
1667227220;0.0;0.0;0.0
1667227280;0.0;0.0;0.0
1667227340;0.0;0.0;0.0
1667227400;0.0;0.0;0.0
1667227460;0.0;0.0;0.0
1667227520;0.0;0.0;0.0
1667227580;0.0;0.0;0.0
1667227640;0.0;0.0;0.0
1667227700;0.0;0.0;0.0
1667227760;0.0;0.0;0.0
1667227820;0.0;0.0;0.0
1667227880;0.0;0.0;0.0
1667227940;0.0;0.0;0.0
1667228000;0.0;0.0;0.0
1667228060;0.0;0.0;0.0
1667228120;0.0;0.0;0.0
1667228180;0.0;0.0;0.0
1667228240;0.0;0.0;0.0
1667228300;0.0;0.0;0.0
1667228360;0.0;0.0;0.0
1667228420;0.0;0.0;0.0
1667228480;0.0;0.0;0.0
1667228540;0.0;0.0;0.0
1667228600;0.0;0.0;0.0
1667228660;0.0;0.0;0.0
1667228720;0.0;0.0;0.0
1667228780;0.0;0.0;0.0
1667228840;0.0;0.0;0.0
1667228900;0.0;0.0;0.0
1667228960;0.0;0.0;0.0
1667229020;0.0;0.0;0.0
1667229080;0.0;0.0;0.0
1667229140;0.0;0.0;0.0
1667229200;0.0;0.0;0.0
1667229260;0.0;0.0;0.0
1667229320;0.0;0.0;0.0
1667229380;0.0;0.0;0.0
1667229440;0.0;0.0;0.0
1667229500;0.0;0.0;0.0
1667229560;0.0;0.0;0.0
1667229620;0.0;0.0;0.0
1667229680;0.0;0.0;0.0
1667229740;0.0;0.0;0.0
1667229800;0.0;0.0;0.0
1667229860;0.0;0.0;0.0
1667229920;0.0;0.0;0.0
1667229980;0.0;0.0;0.0
1667230040;0.0;0.0;0.0
1667230100;0.0;0.0;0.0
1667230160;0.0;0.0;0.0
1667230220;0.0;0.0;0.0
1667230280;0.0;0.0;0.0
1667230340;0.0;0.0;0.0
1667230400;0.0;0.0;0.0
1667230460;0.0;0.0;0.0
1667230520;0.0;0.0;0.0
1667230580;0.0;0.0;0.0
1667230640;0.0;0.0;0.0
1667230700;0.0;0.0;0.0
1667230760;0.0;0.0;0.0
1667230820;729.2172555287679;0.0029794697962966894;0.0029794697962966894
1667230880;3349.904788462321;0.013687196870369976;0.013687196870369976
1667230940;445.16956721146903;0.06666666666666665;0.0
1667231000;0.0;0.0;0.0
1667231060;2561.275734770298;0.8368226218158181;0.1219575063814518
1667231120;4819.0;1.6783923157804475;0.2601508089459693
1667231180;4617.264535260201;1.7043734484393929;0.2728862547937654
1667231240;4428.750089895725;1.59928915053427;0.2719014336598259
1667231300;4825.0;0.5946570959240638;0.08831541028575206
1667231360;4825.0;0.5946570959240638;0.08831541028575206
1667231420;4825.0;0.5946570959240638;0.08831541028575206
1667231480;4825.0;0.5946570959240638;0.08831541028575206
1667231540;4825.0;0.5946570959240638;0.08831541028575206
1667231600;3692.4691722989087;0.4578369838097522;0.0481936114568939
1667231660;737.2008011221885;0.1333333333333333;0.033333333333333326
1667231720;1756.3331996440888;0.13333333333333336;0.0
1667231780;0.0;0.0;0.0
1667231840;908.9469999869665;0.0032111026263613044;0.0
1667231900;4870.0;0.01720460025788499;0.0
1667231960;4617.206701127688;0.2116218517686051;0.03087305256865239
1667232020;4874.0;1.0081103877973567;0.1566320271949612
1667232080;4874.0;1.0081103877973567;0.1566320271949612
1667232140;4874.0;1.0081103877973567;0.1566320271949612
1667232200;4874.0;1.0081103877973567;0.1566320271949612
1667232260;4874.0;1.0081103877973567;0.1566320271949612
1667232320;4874.0;1.0081103877973567;0.1566320271949612
1667232380;4874.0;1.0081103877973567;0.1566320271949612
1667232440;4874.0;1.0081103877973567;0.1566320271949612
1667232500;4874.0;1.0081103877973567;0.1566320271949612
1667232560;4874.194913470745;0.8375601421250048;0.13042612272459672
1667232620;4875.0;0.13301849496993276;0.02216974916165546
1667232680;4875.0;0.13301849496993276;0.02216974916165546
1667232740;4875.0;0.13301849496993276;0.02216974916165546
1667232800;4875.0;0.13301849496993276;0.02216974916165546
1667232860;4875.0;0.13301849496993276;0.02216974916165546
1667232920;4821.136478463809;0.16745261238829737;0.03319108898222825
1667232980;4877.0;0.17205485022828884;0.03441097004565777
1667233040;4803.88793712457;0.1694755422463505;0.0338951084492701
1667233100;2676.916793783506;0.369116535917272;0.06079566473931538
1667233160;4879.0;0.6727588929631925;0.11080734707629052
1667233220;4879.454061174392;0.9687663493360045;0.11311063584706023
1667233280;4881.0;0.9538122615290123;0.12371623475899322
1667233340;4881.0;0.9538122615290123;0.12371623475899322
1667233400;4881.0;0.9538122615290123;0.12371623475899322
1667233460;4881.0;0.9538122615290123;0.12371623475899322
1667233520;2561.665148305893;0.7407758423341485;0.07042141330136097
1667233580;2717.7471745491025;0.07960550929120899;0.0
1667233640;4900.0;0.025814857441358596;0.0
1667233700;4900.0;0.025814857441358596;0.0
1667233760;398.2487567265829;0.0020981091594071506;0.0
1667233820;4618.511477255821;0.1416475308917853;0.02236539961449242
1667233880;4902.0;0.15034198785711297;0.02373820860901784
1667233940;804.6147374868392;0.024677147917768365;0.003896391776489742
1667234000;0.0;0.0;0.0
1667234060;0.0;0.0;0.0
1667234120;0.0;0.0;0.0
1667234180;0.0;0.0;0.0
1667234240;0.0;0.0;0.0
1667234300;0.0;0.0;0.0
1667234360;0.0;0.0;0.0
1667234420;0.0;0.0;0.0
1667234480;0.0;0.0;0.0
1667234540;0.0;0.0;0.0
1667234600;0.0;0.0;0.0
1667234660;0.0;0.0;0.0
1667234720;0.0;0.0;0.0
1667234780;0.0;0.0;0.0
1667234840;0.0;0.0;0.0
1667234900;0.0;0.0;0.0
1667234960;0.0;0.0;0.0
1667235020;0.0;0.0;0.0
1667235080;0.0;0.0;0.0
1667235140;0.0;0.0;0.0
1667235200;0.0;0.0;0.0
1667235260;0.0;0.0;0.0
1667235320;0.0;0.0;0.0
1667235380;0.0;0.0;0.0
1667235440;0.0;0.0;0.0
1667235500;0.0;0.0;0.0
1667235560;0.0;0.0;0.0
1667235620;0.0;0.0;0.0
1667235680;0.0;0.0;0.0
1667235740;3953.692410743237;0.4365515571928983;0.06972698482942125
1667235800;4907.0;0.5418121261342274;0.08653943681310575
1667235860;4907.0;0.5418121261342274;0.08653943681310575
1667235920;4907.0;0.5418121261342274;0.08653943681310575
1667235980;4907.0;0.5418121261342274;0.08653943681310575
1667236040;4907.0;0.5418121261342274;0.08653943681310575
1667236100;4907.0;0.5418121261342274;0.08653943681310575
1667236160;4907.0;0.5418121261342274;0.08653943681310575
1667236220;4907.0;0.5418121261342274;0.08653943681310575
1667236280;262.202853123347;0.0289514337332833;0.004624187332399415
1667236340;0.0;0.0;0.0
1667236400;0.0;0.0;0.0
1667236460;0.0;0.0;0.0
1667236520;0.0;0.0;0.0
1667236580;0.0;0.0;0.0
1667236640;0.0;0.0;0.0
1667236700;0.0;0.0;0.0
1667236760;0.0;0.0;0.0
1667236820;0.0;0.0;0.0
1667236880;0.0;0.0;0.0
1667236940;0.0;0.0;0.0
1667237000;0.0;0.0;0.0
1667237060;0.0;0.0;0.0
1667237120;0.0;0.0;0.0
1667237180;0.0;0.0;0.0
1667237240;0.0;0.0;0.0
1667237300;0.0;0.0;0.0
1667237360;0.0;0.0;0.0
1667237420;0.0;0.0;0.0
1667237480;0.0;0.0;0.0
1667237540;0.0;0.0;0.0
1667237600;0.0;0.0;0.0
1667237660;0.0;0.0;0.0
1667237720;0.0;0.0;0.0
1667237780;0.0;0.0;0.0
1667237840;0.0;0.0;0.0
1667237900;0.0;0.0;0.0
1667237960;0.0;0.0;0.0
1667238020;0.0;0.0;0.0
1667238080;0.0;0.0;0.0
1667238140;0.0;0.0;0.0
1667238200;0.0;0.0;0.0
1667238260;0.0;0.0;0.0
1667238320;0.0;0.0;0.0
1667238380;0.0;0.0;0.0
1667238440;0.0;0.0;0.0
1667238500;0.0;0.0;0.0
1667238560;0.0;0.0;0.0
1667238620;0.0;0.0;0.0
1667238680;0.0;0.0;0.0
1667238740;0.0;0.0;0.0
1667238800;0.0;0.0;0.0
1667238860;0.0;0.0;0.0
1667238920;0.0;0.0;0.0
1667238980;0.0;0.0;0.0
1667239040;0.0;0.0;0.0
1667239100;0.0;0.0;0.0
1667239160;0.0;0.0;0.0
1667239220;0.0;0.0;0.0
1667239280;0.0;0.0;0.0
1667239340;0.0;0.0;0.0
1667239400;0.0;0.0;0.0
1667239460;0.0;0.0;0.0
1667239520;0.0;0.0;0.0
1667239580;0.0;0.0;0.0
1667239640;0.0;0.0;0.0
1667239700;0.0;0.0;0.0
1667239760;0.0;0.0;0.0
1667239820;0.0;0.0;0.0
1667239880;0.0;0.0;0.0
1667239940;0.0;0.0;0.0
1667240000;0.0;0.0;0.0
1667240060;0.0;0.0;0.0
1667240120;0.0;0.0;0.0
1667240180;0.0;0.0;0.0
1667240240;0.0;0.0;0.0
1667240300;0.0;0.0;0.0
1667240360;0.0;0.0;0.0
1667240420;0.0;0.0;0.0
1667240480;0.0;0.0;0.0
1667240540;0.0;0.0;0.0
1667240600;0.0;0.0;0.0
1667240660;0.0;0.0;0.0
1667240720;0.0;0.0;0.0
1667240780;0.0;0.0;0.0
1667240840;0.0;0.0;0.0
1667240900;0.0;0.0;0.0
1667240960;0.0;0.0;0.0
1667241020;0.0;0.0;0.0
1667241080;0.0;0.0;0.0
1667241140;0.0;0.0;0.0
1667241200;0.0;0.0;0.0
1667241260;0.0;0.0;0.0
1667241320;0.0;0.0;0.0
1667241380;0.0;0.0;0.0
1667241440;0.0;0.0;0.0
1667241500;0.0;0.0;0.0
1667241560;0.0;0.0;0.0
1667241620;0.0;0.0;0.0
1667241680;0.0;0.0;0.0
1667241740;0.0;0.0;0.0
1667241800;0.0;0.0;0.0
1667241860;0.0;0.0;0.0
1667241920;0.0;0.0;0.0
1667241980;0.0;0.0;0.0
1667242040;0.0;0.0;0.0
1667242100;0.0;0.0;0.0
1667242160;0.0;0.0;0.0
1667242220;0.0;0.0;0.0
1667242280;0.0;0.0;0.0
1667242340;0.0;0.0;0.0
1667242400;0.0;0.0;0.0
1667242460;0.0;0.0;0.0
1667242520;0.0;0.0;0.0
1667242580;0.0;0.0;0.0
1667242640;0.0;0.0;0.0
1667242700;0.0;0.0;0.0
1667242760;0.0;0.0;0.0
1667242820;0.0;0.0;0.0
1667242880;0.0;0.0;0.0
1667242940;0.0;0.0;0.0
1667243000;0.0;0.0;0.0
1667243060;0.0;0.0;0.0
1667243120;0.0;0.0;0.0
1667243180;0.0;0.0;0.0
1667243240;0.0;0.0;0.0
1667243300;0.0;0.0;0.0
1667243360;0.0;0.0;0.0
1667243420;0.0;0.0;0.0
1667243480;0.0;0.0;0.0
1667243540;0.0;0.0;0.0
1667243600;0.0;0.0;0.0
1667243660;0.0;0.0;0.0
1667243720;0.0;0.0;0.0
1667243780;0.0;0.0;0.0
1667243840;0.0;0.0;0.0
1667243900;0.0;0.0;0.0
1667243960;0.0;0.0;0.0
1667244020;0.0;0.0;0.0
1667244080;0.0;0.0;0.0
1667244140;0.0;0.0;0.0
1667244200;0.0;0.0;0.0
1667244260;0.0;0.0;0.0
1667244320;0.0;0.0;0.0
1667244380;0.0;0.0;0.0
1667244440;0.0;0.0;0.0
1667244500;0.0;0.0;0.0
1667244560;0.0;0.0;0.0
1667244620;0.0;0.0;0.0
1667244680;0.0;0.0;0.0
1667244740;0.0;0.0;0.0
1667244800;0.0;0.0;0.0
1667244860;0.0;0.0;0.0
1667244920;0.0;0.0;0.0
1667244980;0.0;0.0;0.0
1667245040;0.0;0.0;0.0
1667245100;0.0;0.0;0.0
1667245160;0.0;0.0;0.0
1667245220;0.0;0.0;0.0
1667245280;0.0;0.0;0.0
1667245340;0.0;0.0;0.0
1667245400;0.0;0.0;0.0
1667245460;0.0;0.0;0.0
1667245520;0.0;0.0;0.0
1667245580;0.0;0.0;0.0
1667245640;0.0;0.0;0.0
1667245700;0.0;0.0;0.0
1667245760;0.0;0.0;0.0
1667245820;0.0;0.0;0.0
1667245880;0.0;0.0;0.0
1667245940;0.0;0.0;0.0
1667246000;0.0;0.0;0.0
1667246060;0.0;0.0;0.0
1667246120;0.0;0.0;0.0
1667246180;0.0;0.0;0.0
1667246240;0.0;0.0;0.0
1667246300;0.0;0.0;0.0
1667246360;0.0;0.0;0.0
1667246420;0.0;0.0;0.0
1667246480;0.0;0.0;0.0
1667246540;0.0;0.0;0.0
1667246600;0.0;0.0;0.0
1667246660;0.0;0.0;0.0
1667246720;0.0;0.0;0.0
1667246780;0.0;0.0;0.0
1667246840;0.0;0.0;0.0
1667246900;0.0;0.0;0.0
1667246960;0.0;0.0;0.0
1667247020;0.0;0.0;0.0
1667247080;0.0;0.0;0.0
1667247140;0.0;0.0;0.0
1667247200;0.0;0.0;0.0
1667247260;0.0;0.0;0.0
1667247320;0.0;0.0;0.0
1667247380;0.0;0.0;0.0
1667247440;0.0;0.0;0.0
1667247500;0.0;0.0;0.0
1667247560;0.0;0.0;0.0
1667247620;0.0;0.0;0.0
1667247680;0.0;0.0;0.0
1667247740;0.0;0.0;0.0
1667247800;0.0;0.0;0.0
1667247860;0.0;0.0;0.0
1667247920;0.0;0.0;0.0
1667247980;0.0;0.0;0.0
1667248040;0.0;0.0;0.0
1667248100;0.0;0.0;0.0
1667248160;0.0;0.0;0.0
1667248220;0.0;0.0;0.0
1667248280;0.0;0.0;0.0
1667248340;0.0;0.0;0.0
1667248400;0.0;0.0;0.0
1667248460;0.0;0.0;0.0
1667248520;0.0;0.0;0.0
1667248580;0.0;0.0;0.0
1667248640;0.0;0.0;0.0
1667248700;0.0;0.0;0.0
1667248760;0.0;0.0;0.0
1667248820;0.0;0.0;0.0
1667248880;0.0;0.0;0.0
1667248940;0.0;0.0;0.0
1667249000;0.0;0.0;0.0
1667249060;0.0;0.0;0.0
1667249120;0.0;0.0;0.0
1667249180;0.0;0.0;0.0
1667249240;0.0;0.0;0.0
1667249300;0.0;0.0;0.0
1667249360;0.0;0.0;0.0
1667249420;0.0;0.0;0.0
1667249480;0.0;0.0;0.0
1667249540;0.0;0.0;0.0
1667249600;0.0;0.0;0.0
1667249660;0.0;0.0;0.0
1667249720;0.0;0.0;0.0
1667249780;0.0;0.0;0.0
1667249840;0.0;0.0;0.0
1667249900;0.0;0.0;0.0
1667249960;0.0;0.0;0.0
1667250020;0.0;0.0;0.0
1667250080;0.0;0.0;0.0
1667250140;0.0;0.0;0.0
1667250200;0.0;0.0;0.0
1667250260;0.0;0.0;0.0
1667250320;0.0;0.0;0.0
1667250380;0.0;0.0;0.0
1667250440;0.0;0.0;0.0
1667250500;0.0;0.0;0.0
1667250560;0.0;0.0;0.0
1667250620;0.0;0.0;0.0
1667250680;0.0;0.0;0.0
1667250740;0.0;0.0;0.0
1667250800;0.0;0.0;0.0
1667250860;0.0;0.0;0.0
1667250920;0.0;0.0;0.0
1667250980;0.0;0.0;0.0
1667251040;0.0;0.0;0.0
1667251100;0.0;0.0;0.0
1667251160;0.0;0.0;0.0
1667251220;0.0;0.0;0.0
1667251280;0.0;0.0;0.0
1667251340;0.0;0.0;0.0
1667251400;0.0;0.0;0.0
1667251460;0.0;0.0;0.0
1667251520;0.0;0.0;0.0
1667251580;0.0;0.0;0.0
1667251640;0.0;0.0;0.0
1667251700;0.0;0.0;0.0
1667251760;0.0;0.0;0.0
1667251820;0.0;0.0;0.0
1667251880;0.0;0.0;0.0
1667251940;0.0;0.0;0.0
1667252000;0.0;0.0;0.0
1667252060;0.0;0.0;0.0
1667252120;0.0;0.0;0.0
1667252180;0.0;0.0;0.0
1667252240;0.0;0.0;0.0
1667252300;0.0;0.0;0.0
1667252360;0.0;0.0;0.0
1667252420;0.0;0.0;0.0
1667252480;0.0;0.0;0.0
1667252540;0.0;0.0;0.0
1667252600;0.0;0.0;0.0
1667252660;0.0;0.0;0.0
1667252720;0.0;0.0;0.0
1667252780;0.0;0.0;0.0
1667252840;0.0;0.0;0.0
1667252900;0.0;0.0;0.0
1667252960;0.0;0.0;0.0
1667253020;0.0;0.0;0.0
1667253080;0.0;0.0;0.0
1667253140;0.0;0.0;0.0
1667253200;0.0;0.0;0.0
1667253260;0.0;0.0;0.0
1667253320;0.0;0.0;0.0
1667253380;0.0;0.0;0.0
1667253440;0.0;0.0;0.0
1667253500;0.0;0.0;0.0
1667253560;0.0;0.0;0.0
1667253620;0.0;0.0;0.0
1667253680;0.0;0.0;0.0
1667253740;0.0;0.0;0.0
1667253800;0.0;0.0;0.0
1667253860;0.0;0.0;0.0
1667253920;0.0;0.0;0.0
1667253980;0.0;0.0;0.0
1667254040;0.0;0.0;0.0
1667254100;0.0;0.0;0.0
1667254160;0.0;0.0;0.0
1667254220;0.0;0.0;0.0
1667254280;0.0;0.0;0.0
1667254340;0.0;0.0;0.0
1667254400;0.0;0.0;0.0
1667254460;0.0;0.0;0.0
1667254520;0.0;0.0;0.0
1667254580;0.0;0.0;0.0
1667254640;0.0;0.0;0.0
1667254700;0.0;0.0;0.0
1667254760;0.0;0.0;0.0
1667254820;0.0;0.0;0.0
1667254880;0.0;0.0;0.0
1667254940;0.0;0.0;0.0
1667255000;0.0;0.0;0.0
1667255060;0.0;0.0;0.0
1667255120;0.0;0.0;0.0
1667255180;0.0;0.0;0.0
1667255240;0.0;0.0;0.0
1667255300;0.0;0.0;0.0
1667255360;0.0;0.0;0.0
1667255420;0.0;0.0;0.0
1667255480;0.0;0.0;0.0
1667255540;0.0;0.0;0.0
1667255600;0.0;0.0;0.0
1667255660;0.0;0.0;0.0
1667255720;0.0;0.0;0.0
1667255780;0.0;0.0;0.0
1667255840;0.0;0.0;0.0
1667255900;0.0;0.0;0.0
1667255960;0.0;0.0;0.0
1667256020;0.0;0.0;0.0
1667256080;0.0;0.0;0.0
1667256140;0.0;0.0;0.0
1667256200;0.0;0.0;0.0
1667256260;0.0;0.0;0.0
1667256320;0.0;0.0;0.0
1667256380;0.0;0.0;0.0
1667256440;0.0;0.0;0.0
1667256500;0.0;0.0;0.0
1667256560;0.0;0.0;0.0
1667256620;0.0;0.0;0.0
1667256680;0.0;0.0;0.0
1667256740;0.0;0.0;0.0
1667256800;0.0;0.0;0.0
1667256860;0.0;0.0;0.0
1667256920;0.0;0.0;0.0
1667256980;0.0;0.0;0.0
1667257040;0.0;0.0;0.0
1667257100;0.0;0.0;0.0
1667257160;0.0;0.0;0.0
1667257220;0.0;0.0;0.0
1667257280;0.0;0.0;0.0
1667257340;0.0;0.0;0.0
1667257400;0.0;0.0;0.0
1667257460;0.0;0.0;0.0
1667257520;0.0;0.0;0.0
1667257580;0.0;0.0;0.0
1667257640;0.0;0.0;0.0
1667257700;0.0;0.0;0.0
1667257760;0.0;0.0;0.0
1667257820;0.0;0.0;0.0
1667257880;0.0;0.0;0.0
1667257940;0.0;0.0;0.0
1667258000;0.0;0.0;0.0
1667258060;0.0;0.0;0.0
1667258120;0.0;0.0;0.0
1667258180;0.0;0.0;0.0
1667258240;0.0;0.0;0.0
1667258300;0.0;0.0;0.0
1667258360;0.0;0.0;0.0
1667258420;0.0;0.0;0.0
1667258480;0.0;0.0;0.0
1667258540;0.0;0.0;0.0
1667258600;0.0;0.0;0.0
1667258660;0.0;0.0;0.0
1667258720;0.0;0.0;0.0
1667258780;0.0;0.0;0.0
1667258840;0.0;0.0;0.0
1667258900;0.0;0.0;0.0
1667258960;0.0;0.0;0.0
1667259020;0.0;0.0;0.0
1667259080;0.0;0.0;0.0
1667259140;0.0;0.0;0.0
1667259200;0.0;0.0;0.0
1667259260;0.0;0.0;0.0
1667259320;0.0;0.0;0.0
1667259380;0.0;0.0;0.0
1667259440;0.0;0.0;0.0
1667259500;0.0;0.0;0.0
1667259560;0.0;0.0;0.0
1667259620;0.0;0.0;0.0
1667259680;0.0;0.0;0.0
1667259740;0.0;0.0;0.0
1667259800;0.0;0.0;0.0
1667259860;0.0;0.0;0.0
1667259920;0.0;0.0;0.0
1667259980;0.0;0.0;0.0
1667260040;0.0;0.0;0.0
1667260100;0.0;0.0;0.0
1667260160;0.0;0.0;0.0
1667260220;0.0;0.0;0.0
1667260280;0.0;0.0;0.0
1667260340;0.0;0.0;0.0
1667260400;0.0;0.0;0.0
1667260460;0.0;0.0;0.0
1667260520;0.0;0.0;0.0
1667260580;0.0;0.0;0.0
1667260640;0.0;0.0;0.0
1667260700;0.0;0.0;0.0
1667260760;0.0;0.0;0.0
1667260820;0.0;0.0;0.0
1667260880;0.0;0.0;0.0
1667260940;0.0;0.0;0.0
1667261000;0.0;0.0;0.0
1667261060;0.0;0.0;0.0
1667261120;0.0;0.0;0.0
1667261180;0.0;0.0;0.0
1667261240;0.0;0.0;0.0
1667261300;0.0;0.0;0.0
1667261360;0.0;0.0;0.0
1667261420;0.0;0.0;0.0
1667261480;0.0;0.0;0.0
1667261540;0.0;0.0;0.0
1667261600;0.0;0.0;0.0
1667261660;0.0;0.0;0.0
1667261720;0.0;0.0;0.0
1667261780;0.0;0.0;0.0
1667261840;0.0;0.0;0.0
1667261900;0.0;0.0;0.0
1667261960;0.0;0.0;0.0
1667262020;0.0;0.0;0.0
1667262080;0.0;0.0;0.0
1667262140;0.0;0.0;0.0
1667262200;0.0;0.0;0.0
1667262260;0.0;0.0;0.0
1667262320;0.0;0.0;0.0
1667262380;0.0;0.0;0.0
1667262440;0.0;0.0;0.0
1667262500;0.0;0.0;0.0
1667262560;0.0;0.0;0.0
1667262620;0.0;0.0;0.0
1667262680;0.0;0.0;0.0
1667262740;0.0;0.0;0.0
1667262800;0.0;0.0;0.0
1667262860;0.0;0.0;0.0
1667262920;0.0;0.0;0.0
1667262980;0.0;0.0;0.0
1667263040;0.0;0.0;0.0
1667263100;0.0;0.0;0.0
1667263160;0.0;0.0;0.0
1667263220;0.0;0.0;0.0
1667263280;0.0;0.0;0.0
1667263340;0.0;0.0;0.0
1667263400;0.0;0.0;0.0
1667263460;0.0;0.0;0.0
1667263520;0.0;0.0;0.0
1667263580;0.0;0.0;0.0
1667263640;0.0;0.0;0.0
1667263700;0.0;0.0;0.0
1667263760;0.0;0.0;0.0
1667263820;0.0;0.0;0.0
1667263880;0.0;0.0;0.0
1667263940;0.0;0.0;0.0
1667264000;0.0;0.0;0.0
1667264060;0.0;0.0;0.0
1667264120;0.0;0.0;0.0
1667264180;0.0;0.0;0.0
1667264240;0.0;0.0;0.0
1667264300;0.0;0.0;0.0
1667264360;0.0;0.0;0.0
1667264420;0.0;0.0;0.0
1667264480;0.0;0.0;0.0
1667264540;0.0;0.0;0.0
1667264600;0.0;0.0;0.0
1667264660;0.0;0.0;0.0
1667264720;0.0;0.0;0.0
1667264780;0.0;0.0;0.0
1667264840;0.0;0.0;0.0
1667264900;0.0;0.0;0.0
1667264960;0.0;0.0;0.0
1667265020;0.0;0.0;0.0
1667265080;0.0;0.0;0.0
1667265140;0.0;0.0;0.0
1667265200;0.0;0.0;0.0
1667265260;0.0;0.0;0.0
1667265320;0.0;0.0;0.0
1667265380;0.0;0.0;0.0
1667265440;0.0;0.0;0.0
1667265500;0.0;0.0;0.0
1667265560;0.0;0.0;0.0
1667265620;0.0;0.0;0.0
1667265680;0.0;0.0;0.0
1667265740;0.0;0.0;0.0
1667265800;0.0;0.0;0.0
1667265860;0.0;0.0;0.0
1667265920;0.0;0.0;0.0
1667265980;0.0;0.0;0.0
1667266040;0.0;0.0;0.0
1667266100;0.0;0.0;0.0
1667266160;0.0;0.0;0.0
1667266220;0.0;0.0;0.0
1667266280;0.0;0.0;0.0
1667266340;0.0;0.0;0.0
1667266400;0.0;0.0;0.0
1667266460;0.0;0.0;0.0
1667266520;0.0;0.0;0.0
1667266580;0.0;0.0;0.0
1667266640;0.0;0.0;0.0
1667266700;0.0;0.0;0.0
1667266760;0.0;0.0;0.0
1667266820;0.0;0.0;0.0
1667266880;0.0;0.0;0.0
1667266940;0.0;0.0;0.0
1667267000;0.0;0.0;0.0
1667267060;0.0;0.0;0.0
1667267120;0.0;0.0;0.0
1667267180;0.0;0.0;0.0
1667267240;0.0;0.0;0.0
1667267300;0.0;0.0;0.0
1667267360;0.0;0.0;0.0
1667267420;0.0;0.0;0.0
1667267480;0.0;0.0;0.0
1667267540;0.0;0.0;0.0
1667267600;0.0;0.0;0.0
1667267660;0.0;0.0;0.0
1667267720;0.0;0.0;0.0
1667267780;0.0;0.0;0.0
1667267840;0.0;0.0;0.0
1667267900;0.0;0.0;0.0
1667267960;0.0;0.0;0.0
1667268020;0.0;0.0;0.0
1667268080;0.0;0.0;0.0
1667268140;0.0;0.0;0.0
1667268200;0.0;0.0;0.0
1667268260;0.0;0.0;0.0
1667268320;0.0;0.0;0.0
1667268380;0.0;0.0;0.0
1667268440;0.0;0.0;0.0
1667268500;0.0;0.0;0.0
1667268560;0.0;0.0;0.0
1667268620;0.0;0.0;0.0
1667268680;0.0;0.0;0.0
1667268740;0.0;0.0;0.0
1667268800;0.0;0.0;0.0
1667268860;0.0;0.0;0.0
1667268920;0.0;0.0;0.0
1667268980;0.0;0.0;0.0
1667269040;0.0;0.0;0.0
1667269100;0.0;0.0;0.0
1667269160;0.0;0.0;0.0
1667269220;0.0;0.0;0.0
1667269280;0.0;0.0;0.0
1667269340;0.0;0.0;0.0
1667269400;0.0;0.0;0.0
1667269460;0.0;0.0;0.0
1667269520;0.0;0.0;0.0
1667269580;0.0;0.0;0.0
1667269640;0.0;0.0;0.0
1667269700;0.0;0.0;0.0
1667269760;0.0;0.0;0.0
1667269820;0.0;0.0;0.0
1667269880;0.0;0.0;0.0
1667269940;0.0;0.0;0.0
1667270000;0.0;0.0;0.0
1667270060;0.0;0.0;0.0
1667270120;0.0;0.0;0.0
1667270180;0.0;0.0;0.0
1667270240;0.0;0.0;0.0
1667270300;0.0;0.0;0.0
1667270360;0.0;0.0;0.0
1667270420;0.0;0.0;0.0
1667270480;0.0;0.0;0.0
1667270540;0.0;0.0;0.0
1667270600;0.0;0.0;0.0
1667270660;0.0;0.0;0.0
1667270720;0.0;0.0;0.0
1667270780;0.0;0.0;0.0
1667270840;0.0;0.0;0.0
1667270900;0.0;0.0;0.0
1667270960;0.0;0.0;0.0
1667271020;0.0;0.0;0.0
1667271080;0.0;0.0;0.0
1667271140;0.0;0.0;0.0
1667271200;0.0;0.0;0.0
1667271260;0.0;0.0;0.0
1667271320;0.0;0.0;0.0
1667271380;0.0;0.0;0.0
1667271440;0.0;0.0;0.0
1667271500;0.0;0.0;0.0
1667271560;0.0;0.0;0.0
1667271620;0.0;0.0;0.0
1667271680;0.0;0.0;0.0
1667271740;0.0;0.0;0.0
1667271800;0.0;0.0;0.0
1667271860;0.0;0.0;0.0
1667271920;0.0;0.0;0.0
1667271980;0.0;0.0;0.0
1667272040;0.0;0.0;0.0
1667272100;0.0;0.0;0.0
1667272160;0.0;0.0;0.0
1667272220;0.0;0.0;0.0
1667272280;0.0;0.0;0.0
1667272340;0.0;0.0;0.0
1667272400;0.0;0.0;0.0
1667272460;0.0;0.0;0.0
1667272520;0.0;0.0;0.0
1667272580;0.0;0.0;0.0
1667272640;0.0;0.0;0.0
1667272700;0.0;0.0;0.0
1667272760;0.0;0.0;0.0
1667272820;0.0;0.0;0.0
1667272880;0.0;0.0;0.0
1667272940;0.0;0.0;0.0
1667273000;0.0;0.0;0.0
1667273060;0.0;0.0;0.0
1667273120;0.0;0.0;0.0
1667273180;0.0;0.0;0.0
1667273240;0.0;0.0;0.0
1667273300;0.0;0.0;0.0
1667273360;0.0;0.0;0.0
1667273420;0.0;0.0;0.0
1667273480;0.0;0.0;0.0
1667273540;0.0;0.0;0.0
1667273600;0.0;0.0;0.0
1667273660;0.0;0.0;0.0
1667273720;0.0;0.0;0.0
1667273780;0.0;0.0;0.0
1667273840;0.0;0.0;0.0
1667273900;0.0;0.0;0.0
1667273960;0.0;0.0;0.0
1667274020;0.0;0.0;0.0
1667274080;0.0;0.0;0.0
1667274140;0.0;0.0;0.0
1667274200;0.0;0.0;0.0
1667274260;0.0;0.0;0.0
1667274320;0.0;0.0;0.0
1667274380;0.0;0.0;0.0
1667274440;0.0;0.0;0.0
1667274500;0.0;0.0;0.0
1667274560;0.0;0.0;0.0
1667274620;0.0;0.0;0.0
1667274680;0.0;0.0;0.0
1667274740;0.0;0.0;0.0
1667274800;0.0;0.0;0.0
1667274860;0.0;0.0;0.0
1667274920;0.0;0.0;0.0
1667274980;0.0;0.0;0.0
1667275040;0.0;0.0;0.0
1667275100;0.0;0.0;0.0
1667275160;0.0;0.0;0.0
1667275220;0.0;0.0;0.0
1667275280;0.0;0.0;0.0
1667275340;0.0;0.0;0.0
1667275400;0.0;0.0;0.0
1667275460;0.0;0.0;0.0
1667275520;0.0;0.0;0.0
1667275580;0.0;0.0;0.0
1667275640;0.0;0.0;0.0
1667275700;0.0;0.0;0.0
1667275760;0.0;0.0;0.0
1667275820;0.0;0.0;0.0
1667275880;0.0;0.0;0.0
1667275940;0.0;0.0;0.0
1667276000;0.0;0.0;0.0
1667276060;0.0;0.0;0.0
1667276120;0.0;0.0;0.0
1667276180;0.0;0.0;0.0
1667276240;0.0;0.0;0.0
1667276300;0.0;0.0;0.0
1667276360;0.0;0.0;0.0
1667276420;0.0;0.0;0.0
1667276480;0.0;0.0;0.0
1667276540;0.0;0.0;0.0
1667276600;0.0;0.0;0.0
1667276660;0.0;0.0;0.0
1667276720;0.0;0.0;0.0
1667276780;0.0;0.0;0.0
1667276840;0.0;0.0;0.0
1667276900;0.0;0.0;0.0
1667276960;0.0;0.0;0.0
1667277020;0.0;0.0;0.0
1667277080;0.0;0.0;0.0
1667277140;0.0;0.0;0.0
1667277200;0.0;0.0;0.0
1667277260;0.0;0.0;0.0
1667277320;0.0;0.0;0.0
1667277380;0.0;0.0;0.0
1667277440;0.0;0.0;0.0
1667277500;0.0;0.0;0.0
1667277560;0.0;0.0;0.0
1667277620;0.0;0.0;0.0
1667277680;0.0;0.0;0.0
1667277740;0.0;0.0;0.0
1667277800;0.0;0.0;0.0
1667277860;0.0;0.0;0.0
1667277920;0.0;0.0;0.0
1667277980;0.0;0.0;0.0
1667278040;0.0;0.0;0.0
1667278100;0.0;0.0;0.0
1667278160;0.0;0.0;0.0
1667278220;0.0;0.0;0.0
1667278280;0.0;0.0;0.0
1667278340;0.0;0.0;0.0
1667278400;0.0;0.0;0.0
1667278460;0.0;0.0;0.0
1667278520;0.0;0.0;0.0
1667278580;0.0;0.0;0.0
1667278640;0.0;0.0;0.0
1667278700;0.0;0.0;0.0
1667278760;0.0;0.0;0.0
1667278820;0.0;0.0;0.0
1667278880;0.0;0.0;0.0
1667278940;0.0;0.0;0.0
1667279000;0.0;0.0;0.0
1667279060;0.0;0.0;0.0
1667279120;0.0;0.0;0.0
1667279180;0.0;0.0;0.0
1667279240;0.0;0.0;0.0
1667279300;0.0;0.0;0.0
1667279360;0.0;0.0;0.0
1667279420;0.0;0.0;0.0
1667279480;0.0;0.0;0.0
1667279540;0.0;0.0;0.0
1667279600;0.0;0.0;0.0
1667279660;0.0;0.0;0.0
1667279720;0.0;0.0;0.0
1667279780;0.0;0.0;0.0
1667279840;0.0;0.0;0.0
1667279900;0.0;0.0;0.0
1667279960;0.0;0.0;0.0
1667280020;0.0;0.0;0.0
1667280080;0.0;0.0;0.0
1667280140;0.0;0.0;0.0
1667280200;0.0;0.0;0.0
1667280260;0.0;0.0;0.0
1667280320;0.0;0.0;0.0
1667280380;0.0;0.0;0.0
1667280440;0.0;0.0;0.0
1667280500;0.0;0.0;0.0
1667280560;0.0;0.0;0.0
1667280620;0.0;0.0;0.0
1667280680;0.0;0.0;0.0
1667280740;0.0;0.0;0.0
1667280800;0.0;0.0;0.0
1667280860;0.0;0.0;0.0
1667280920;0.0;0.0;0.0
1667280980;0.0;0.0;0.0
1667281040;0.0;0.0;0.0
1667281100;0.0;0.0;0.0
1667281160;0.0;0.0;0.0
1667281220;0.0;0.0;0.0
1667281280;0.0;0.0;0.0
1667281340;0.0;0.0;0.0
1667281400;0.0;0.0;0.0
1667281460;0.0;0.0;0.0
1667281520;0.0;0.0;0.0
1667281580;0.0;0.0;0.0
1667281640;0.0;0.0;0.0
1667281700;0.0;0.0;0.0
1667281760;0.0;0.0;0.0
1667281820;0.0;0.0;0.0
1667281880;0.0;0.0;0.0
1667281940;0.0;0.0;0.0
1667282000;0.0;0.0;0.0
1667282060;0.0;0.0;0.0
1667282120;0.0;0.0;0.0
1667282180;0.0;0.0;0.0
1667282240;0.0;0.0;0.0
1667282300;0.0;0.0;0.0
1667282360;0.0;0.0;0.0
1667282420;0.0;0.0;0.0
1667282480;0.0;0.0;0.0
1667282540;0.0;0.0;0.0
1667282600;0.0;0.0;0.0
1667282660;0.0;0.0;0.0
1667282720;0.0;0.0;0.0
1667282780;0.0;0.0;0.0
1667282840;0.0;0.0;0.0
1667282900;0.0;0.0;0.0
1667282960;0.0;0.0;0.0
1667283020;0.0;0.0;0.0
1667283080;0.0;0.0;0.0
1667283140;0.0;0.0;0.0
1667283200;0.0;0.0;0.0
1667283260;0.0;0.0;0.0
1667283320;0.0;0.0;0.0
1667283380;0.0;0.0;0.0
1667283440;0.0;0.0;0.0
1667283500;0.0;0.0;0.0
1667283560;0.0;0.0;0.0
1667283620;0.0;0.0;0.0
1667283680;0.0;0.0;0.0
1667283740;0.0;0.0;0.0
1667283800;0.0;0.0;0.0
1667283860;0.0;0.0;0.0
1667283920;0.0;0.0;0.0
1667283980;0.0;0.0;0.0
1667284040;0.0;0.0;0.0
1667284100;0.0;0.0;0.0
1667284160;0.0;0.0;0.0
1667284220;0.0;0.0;0.0
1667284280;0.0;0.0;0.0
1667284340;0.0;0.0;0.0
1667284400;0.0;0.0;0.0
1667284460;0.0;0.0;0.0
1667284520;0.0;0.0;0.0
1667284580;0.0;0.0;0.0
1667284640;0.0;0.0;0.0
1667284700;0.0;0.0;0.0
1667284760;0.0;0.0;0.0
1667284820;0.0;0.0;0.0
1667284880;0.0;0.0;0.0
1667284940;0.0;0.0;0.0
1667285000;0.0;0.0;0.0
1667285060;0.0;0.0;0.0
1667285120;0.0;0.0;0.0
1667285180;0.0;0.0;0.0
1667285240;0.0;0.0;0.0
1667285300;0.0;0.0;0.0
1667285360;0.0;0.0;0.0
1667285420;0.0;0.0;0.0
1667285480;0.0;0.0;0.0
1667285540;0.0;0.0;0.0
1667285600;0.0;0.0;0.0
1667285660;0.0;0.0;0.0
1667285720;0.0;0.0;0.0
1667285780;0.0;0.0;0.0
1667285840;0.0;0.0;0.0
1667285900;0.0;0.0;0.0
1667285960;0.0;0.0;0.0
1667286020;0.0;0.0;0.0
1667286080;0.0;0.0;0.0
1667286140;0.0;0.0;0.0
1667286200;0.0;0.0;0.0
1667286260;0.0;0.0;0.0
1667286320;0.0;0.0;0.0
1667286380;0.0;0.0;0.0
1667286440;0.0;0.0;0.0
1667286500;0.0;0.0;0.0
1667286560;0.0;0.0;0.0
1667286620;0.0;0.0;0.0
1667286680;0.0;0.0;0.0
1667286740;0.0;0.0;0.0
1667286800;0.0;0.0;0.0
1667286860;0.0;0.0;0.0
1667286920;0.0;0.0;0.0
1667286980;0.0;0.0;0.0
1667287040;0.0;0.0;0.0
1667287100;0.0;0.0;0.0
1667287160;0.0;0.0;0.0
1667287220;0.0;0.0;0.0
1667287280;0.0;0.0;0.0
1667287340;0.0;0.0;0.0
1667287400;0.0;0.0;0.0
1667287460;0.0;0.0;0.0
1667287520;0.0;0.0;0.0
1667287580;0.0;0.0;0.0
1667287640;0.0;0.0;0.0
1667287700;0.0;0.0;0.0
1667287760;0.0;0.0;0.0
1667287820;0.0;0.0;0.0
1667287880;0.0;0.0;0.0
1667287940;0.0;0.0;0.0
1667288000;0.0;0.0;0.0
1667288060;0.0;0.0;0.0
1667288120;0.0;0.0;0.0
1667288180;0.0;0.0;0.0
1667288240;0.0;0.0;0.0
1667288300;0.0;0.0;0.0
1667288360;0.0;0.0;0.0
1667288420;0.0;0.0;0.0
1667288480;0.0;0.0;0.0
1667288540;0.0;0.0;0.0
1667288600;0.0;0.0;0.0
1667288660;0.0;0.0;0.0
1667288720;0.0;0.0;0.0
1667288780;0.0;0.0;0.0
1667288840;0.0;0.0;0.0
1667288900;0.0;0.0;0.0
1667288960;0.0;0.0;0.0
1667289020;0.0;0.0;0.0
1667289080;0.0;0.0;0.0
1667289140;0.0;0.0;0.0
1667289200;0.0;0.0;0.0
1667289260;0.0;0.0;0.0
1667289320;0.0;0.0;0.0
1667289380;0.0;0.0;0.0
1667289440;0.0;0.0;0.0
1667289500;0.0;0.0;0.0
1667289560;0.0;0.0;0.0
1667289620;0.0;0.0;0.0
1667289680;0.0;0.0;0.0
1667289740;0.0;0.0;0.0
1667289800;0.0;0.0;0.0
1667289860;0.0;0.0;0.0
1667289920;0.0;0.0;0.0
1667289980;0.0;0.0;0.0
1667290040;0.0;0.0;0.0
1667290100;0.0;0.0;0.0
1667290160;0.0;0.0;0.0
1667290220;0.0;0.0;0.0
1667290280;0.0;0.0;0.0
1667290340;0.0;0.0;0.0
1667290400;0.0;0.0;0.0
1667290460;0.0;0.0;0.0
1667290520;0.0;0.0;0.0
1667290580;0.0;0.0;0.0
1667290640;0.0;0.0;0.0
1667290700;0.0;0.0;0.0
1667290760;0.0;0.0;0.0
1667290820;0.0;0.0;0.0
1667290880;0.0;0.0;0.0
1667290940;0.0;0.0;0.0
1667291000;0.0;0.0;0.0
1667291060;0.0;0.0;0.0
1667291120;0.0;0.0;0.0
1667291180;0.0;0.0;0.0
1667291240;0.0;0.0;0.0
1667291300;0.0;0.0;0.0
1667291360;0.0;0.0;0.0
1667291420;0.0;0.0;0.0
1667291480;0.0;0.0;0.0
1667291540;0.0;0.0;0.0
1667291600;0.0;0.0;0.0
1667291660;0.0;0.0;0.0
1667291720;0.0;0.0;0.0
1667291780;0.0;0.0;0.0
1667291840;0.0;0.0;0.0
1667291900;0.0;0.0;0.0
1667291960;0.0;0.0;0.0
1667292020;0.0;0.0;0.0
1667292080;0.0;0.0;0.0
1667292140;0.0;0.0;0.0
1667292200;0.0;0.0;0.0
1667292260;0.0;0.0;0.0
1667292320;0.0;0.0;0.0
1667292380;0.0;0.0;0.0
1667292440;0.0;0.0;0.0
1667292500;0.0;0.0;0.0
1667292560;0.0;0.0;0.0
1667292620;0.0;0.0;0.0
1667292680;0.0;0.0;0.0
1667292740;0.0;0.0;0.0
1667292800;0.0;0.0;0.0
1667292860;0.0;0.0;0.0
1667292920;0.0;0.0;0.0
1667292980;0.0;0.0;0.0
1667293040;0.0;0.0;0.0
1667293100;0.0;0.0;0.0
1667293160;0.0;0.0;0.0
1667293220;0.0;0.0;0.0
1667293280;0.0;0.0;0.0
1667293340;0.0;0.0;0.0
1667293400;0.0;0.0;0.0
1667293460;0.0;0.0;0.0
1667293520;0.0;0.0;0.0
1667293580;0.0;0.0;0.0
1667293640;0.0;0.0;0.0
1667293700;0.0;0.0;0.0
1667293760;0.0;0.0;0.0
1667293820;0.0;0.0;0.0
1667293880;0.0;0.0;0.0
1667293940;0.0;0.0;0.0
1667294000;0.0;0.0;0.0
1667294060;0.0;0.0;0.0
1667294120;0.0;0.0;0.0
1667294180;0.0;0.0;0.0
1667294240;0.0;0.0;0.0
1667294300;0.0;0.0;0.0
1667294360;0.0;0.0;0.0
1667294420;0.0;0.0;0.0
1667294480;0.0;0.0;0.0
1667294540;0.0;0.0;0.0
1667294600;0.0;0.0;0.0
1667294660;0.0;0.0;0.0
1667294720;0.0;0.0;0.0
1667294780;0.0;0.0;0.0
1667294840;0.0;0.0;0.0
1667294900;0.0;0.0;0.0
1667294960;0.0;0.0;0.0
1667295020;0.0;0.0;0.0
1667295080;0.0;0.0;0.0
1667295140;0.0;0.0;0.0
1667295200;0.0;0.0;0.0
1667295260;0.0;0.0;0.0
1667295320;0.0;0.0;0.0
1667295380;0.0;0.0;0.0
1667295440;0.0;0.0;0.0
1667295500;0.0;0.0;0.0
1667295560;0.0;0.0;0.0
1667295620;0.0;0.0;0.0
1667295680;0.0;0.0;0.0
1667295740;0.0;0.0;0.0
1667295800;0.0;0.0;0.0
1667295860;0.0;0.0;0.0
1667295920;0.0;0.0;0.0
1667295980;0.0;0.0;0.0
1667296040;0.0;0.0;0.0
1667296100;0.0;0.0;0.0
1667296160;0.0;0.0;0.0
1667296220;0.0;0.0;0.0
1667296280;0.0;0.0;0.0
1667296340;0.0;0.0;0.0
1667296400;0.0;0.0;0.0
1667296460;0.0;0.0;0.0
1667296520;0.0;0.0;0.0
1667296580;0.0;0.0;0.0
1667296640;0.0;0.0;0.0
1667296700;0.0;0.0;0.0
1667296760;0.0;0.0;0.0
1667296820;0.0;0.0;0.0
1667296880;0.0;0.0;0.0
1667296940;0.0;0.0;0.0
1667297000;0.0;0.0;0.0
1667297060;0.0;0.0;0.0
1667297120;0.0;0.0;0.0
1667297180;0.0;0.0;0.0
1667297240;0.0;0.0;0.0
1667297300;0.0;0.0;0.0
1667297360;0.0;0.0;0.0
1667297420;0.0;0.0;0.0
1667297480;0.0;0.0;0.0
1667297540;0.0;0.0;0.0
1667297600;0.0;0.0;0.0
1667297660;0.0;0.0;0.0
1667297720;0.0;0.0;0.0
1667297780;0.0;0.0;0.0
1667297840;0.0;0.0;0.0
1667297900;0.0;0.0;0.0
1667297960;0.0;0.0;0.0
1667298020;0.0;0.0;0.0
1667298080;0.0;0.0;0.0
1667298140;0.0;0.0;0.0
1667298200;0.0;0.0;0.0
1667298260;0.0;0.0;0.0
1667298320;0.0;0.0;0.0
1667298380;0.0;0.0;0.0
1667298440;0.0;0.0;0.0
1667298500;0.0;0.0;0.0
1667298560;0.0;0.0;0.0
1667298620;0.0;0.0;0.0
1667298680;0.0;0.0;0.0
1667298740;0.0;0.0;0.0
1667298800;0.0;0.0;0.0
1667298860;0.0;0.0;0.0
1667298920;0.0;0.0;0.0
1667298980;0.0;0.0;0.0
1667299040;0.0;0.0;0.0
1667299100;0.0;0.0;0.0
1667299160;0.0;0.0;0.0
1667299220;0.0;0.0;0.0
1667299280;0.0;0.0;0.0
1667299340;0.0;0.0;0.0
1667299400;0.0;0.0;0.0
1667299460;0.0;0.0;0.0
1667299520;0.0;0.0;0.0
1667299580;0.0;0.0;0.0
1667299640;0.0;0.0;0.0
1667299700;0.0;0.0;0.0
1667299760;0.0;0.0;0.0
1667299820;0.0;0.0;0.0
1667299880;0.0;0.0;0.0
1667299940;0.0;0.0;0.0
1667300000;0.0;0.0;0.0
1667300060;0.0;0.0;0.0
1667300120;0.0;0.0;0.0
1667300180;0.0;0.0;0.0
1667300240;0.0;0.0;0.0
1667300300;0.0;0.0;0.0
1667300360;0.0;0.0;0.0
1667300420;0.0;0.0;0.0
1667300480;0.0;0.0;0.0
1667300540;0.0;0.0;0.0
1667300600;0.0;0.0;0.0
1667300660;0.0;0.0;0.0
1667300720;0.0;0.0;0.0
1667300780;0.0;0.0;0.0
1667300840;0.0;0.0;0.0
1667300900;0.0;0.0;0.0
1667300960;0.0;0.0;0.0
1667301020;0.0;0.0;0.0
1667301080;0.0;0.0;0.0
1667301140;0.0;0.0;0.0
1667301200;0.0;0.0;0.0
1667301260;0.0;0.0;0.0
1667301320;0.0;0.0;0.0
1667301380;0.0;0.0;0.0
1667301440;0.0;0.0;0.0
1667301500;0.0;0.0;0.0
1667301560;0.0;0.0;0.0
1667301620;0.0;0.0;0.0
1667301680;0.0;0.0;0.0
1667301740;0.0;0.0;0.0
1667301800;0.0;0.0;0.0
1667301860;0.0;0.0;0.0
1667301920;0.0;0.0;0.0
1667301980;0.0;0.0;0.0
1667302040;0.0;0.0;0.0
1667302100;0.0;0.0;0.0
1667302160;0.0;0.0;0.0
1667302220;0.0;0.0;0.0
1667302280;0.0;0.0;0.0
1667302340;0.0;0.0;0.0
1667302400;0.0;0.0;0.0
1667302460;0.0;0.0;0.0
1667302520;0.0;0.0;0.0
1667302580;0.0;0.0;0.0
1667302640;0.0;0.0;0.0
1667302700;0.0;0.0;0.0
1667302760;0.0;0.0;0.0
1667302820;0.0;0.0;0.0
1667302880;0.0;0.0;0.0
1667302940;0.0;0.0;0.0
1667303000;0.0;0.0;0.0
1667303060;0.0;0.0;0.0
1667303120;0.0;0.0;0.0
1667303180;0.0;0.0;0.0
1667303240;0.0;0.0;0.0
1667303300;0.0;0.0;0.0
1667303360;0.0;0.0;0.0
1667303420;0.0;0.0;0.0
1667303480;0.0;0.0;0.0
1667303540;0.0;0.0;0.0
1667303600;0.0;0.0;0.0
1667303660;0.0;0.0;0.0
1667303720;0.0;0.0;0.0
1667303780;0.0;0.0;0.0
1667303840;0.0;0.0;0.0
1667303900;0.0;0.0;0.0
1667303960;0.0;0.0;0.0
1667304020;0.0;0.0;0.0
1667304080;0.0;0.0;0.0
1667304140;0.0;0.0;0.0
1667304200;0.0;0.0;0.0
1667304260;0.0;0.0;0.0
1667304320;0.0;0.0;0.0
1667304380;0.0;0.0;0.0
1667304440;0.0;0.0;0.0
1667304500;0.0;0.0;0.0
1667304560;0.0;0.0;0.0
1667304620;0.0;0.0;0.0
1667304680;0.0;0.0;0.0
1667304740;0.0;0.0;0.0
1667304800;0.0;0.0;0.0
1667304860;0.0;0.0;0.0
1667304920;0.0;0.0;0.0
1667304980;0.0;0.0;0.0
1667305040;0.0;0.0;0.0
1667305100;0.0;0.0;0.0
1667305160;0.0;0.0;0.0
1667305220;0.0;0.0;0.0
1667305280;0.0;0.0;0.0
1667305340;0.0;0.0;0.0
1667305400;0.0;0.0;0.0
1667305460;0.0;0.0;0.0
1667305520;0.0;0.0;0.0
1667305580;0.0;0.0;0.0
1667305640;0.0;0.0;0.0
1667305700;0.0;0.0;0.0
1667305760;0.0;0.0;0.0
1667305820;0.0;0.0;0.0
1667305880;0.0;0.0;0.0
1667305940;0.0;0.0;0.0
1667306000;0.0;0.0;0.0
1667306060;0.0;0.0;0.0
1667306120;0.0;0.0;0.0
1667306180;0.0;0.0;0.0
1667306240;0.0;0.0;0.0
1667306300;0.0;0.0;0.0
1667306360;0.0;0.0;0.0
1667306420;0.0;0.0;0.0
1667306480;0.0;0.0;0.0
1667306540;0.0;0.0;0.0
1667306600;0.0;0.0;0.0
1667306660;0.0;0.0;0.0
1667306720;0.0;0.0;0.0
1667306780;0.0;0.0;0.0
1667306840;0.0;0.0;0.0
1667306900;0.0;0.0;0.0
1667306960;0.0;0.0;0.0
1667307020;0.0;0.0;0.0
1667307080;0.0;0.0;0.0
1667307140;0.0;0.0;0.0
1667307200;0.0;0.0;0.0
1667307260;0.0;0.0;0.0
1667307320;0.0;0.0;0.0
1667307380;0.0;0.0;0.0
1667307440;0.0;0.0;0.0
1667307500;0.0;0.0;0.0
1667307560;0.0;0.0;0.0
1667307620;0.0;0.0;0.0
1667307680;0.0;0.0;0.0
1667307740;0.0;0.0;0.0
1667307800;0.0;0.0;0.0
1667307860;0.0;0.0;0.0
1667307920;0.0;0.0;0.0
1667307980;0.0;0.0;0.0
1667308040;0.0;0.0;0.0
1667308100;0.0;0.0;0.0
1667308160;0.0;0.0;0.0
1667308220;0.0;0.0;0.0
1667308280;0.0;0.0;0.0
1667308340;0.0;0.0;0.0
1667308400;0.0;0.0;0.0
1667308460;0.0;0.0;0.0
1667308520;0.0;0.0;0.0
1667308580;0.0;0.0;0.0
1667308640;0.0;0.0;0.0
1667308700;0.0;0.0;0.0
1667308760;0.0;0.0;0.0
1667308820;0.0;0.0;0.0
1667308880;0.0;0.0;0.0
1667308940;0.0;0.0;0.0
1667309000;0.0;0.0;0.0
1667309060;0.0;0.0;0.0
1667309120;0.0;0.0;0.0
1667309180;0.0;0.0;0.0
1667309240;0.0;0.0;0.0
1667309300;0.0;0.0;0.0
1667309360;0.0;0.0;0.0
1667309420;0.0;0.0;0.0
1667309480;0.0;0.0;0.0
1667309540;0.0;0.0;0.0
1667309600;0.0;0.0;0.0
1667309660;0.0;0.0;0.0
1667309720;0.0;0.0;0.0
1667309780;0.0;0.0;0.0
1667309840;0.0;0.0;0.0
1667309900;0.0;0.0;0.0
1667309960;0.0;0.0;0.0
1667310020;0.0;0.0;0.0
1667310080;0.0;0.0;0.0
1667310140;0.0;0.0;0.0
1667310200;0.0;0.0;0.0
1667310260;0.0;0.0;0.0
1667310320;0.0;0.0;0.0
1667310380;0.0;0.0;0.0
1667310440;0.0;0.0;0.0
1667310500;0.0;0.0;0.0
1667310560;0.0;0.0;0.0
1667310620;0.0;0.0;0.0
1667310680;0.0;0.0;0.0
1667310740;0.0;0.0;0.0
1667310800;0.0;0.0;0.0
1667310860;0.0;0.0;0.0
1667310920;0.0;0.0;0.0
1667310980;0.0;0.0;0.0
1667311040;0.0;0.0;0.0
1667311100;0.0;0.0;0.0
1667311160;0.0;0.0;0.0
1667311220;0.0;0.0;0.0
1667311280;0.0;0.0;0.0
1667311340;0.0;0.0;0.0
1667311400;0.0;0.0;0.0
1667311460;0.0;0.0;0.0
1667311520;0.0;0.0;0.0
1667311580;0.0;0.0;0.0
1667311640;0.0;0.0;0.0
1667311700;0.0;0.0;0.0
1667311760;0.0;0.0;0.0
1667311820;0.0;0.0;0.0
1667311880;0.0;0.0;0.0
1667311940;0.0;0.0;0.0
1667312000;0.0;0.0;0.0
1667312060;0.0;0.0;0.0
1667312120;0.0;0.0;0.0
1667312180;0.0;0.0;0.0
1667312240;0.0;0.0;0.0
1667312300;0.0;0.0;0.0
1667312360;0.0;0.0;0.0
1667312420;0.0;0.0;0.0
1667312480;0.0;0.0;0.0
1667312540;0.0;0.0;0.0
1667312600;0.0;0.0;0.0
1667312660;0.0;0.0;0.0
1667312720;0.0;0.0;0.0
1667312780;0.0;0.0;0.0
1667312840;0.0;0.0;0.0
1667312900;0.0;0.0;0.0
1667312960;0.0;0.0;0.0
1667313020;0.0;0.0;0.0
1667313080;0.0;0.0;0.0
1667313140;0.0;0.0;0.0
1667313200;0.0;0.0;0.0
1667313260;0.0;0.0;0.0
1667313320;0.0;0.0;0.0
1667313380;0.0;0.0;0.0
1667313440;0.0;0.0;0.0
1667313500;0.0;0.0;0.0
1667313560;0.0;0.0;0.0
1667313620;0.0;0.0;0.0
1667313680;0.0;0.0;0.0
1667313740;0.0;0.0;0.0
1667313800;0.0;0.0;0.0
1667313860;0.0;0.0;0.0
1667313920;0.0;0.0;0.0
1667313980;0.0;0.0;0.0
1667314040;0.0;0.0;0.0
1667314100;0.0;0.0;0.0
1667314160;0.0;0.0;0.0
1667314220;0.0;0.0;0.0
1667314280;0.0;0.0;0.0
1667314340;0.0;0.0;0.0
1667314400;0.0;0.0;0.0
1667314460;0.0;0.0;0.0
1667314520;0.0;0.0;0.0
1667314580;0.0;0.0;0.0
1667314640;0.0;0.0;0.0
1667314700;0.0;0.0;0.0
1667314760;0.0;0.0;0.0
1667314820;0.0;0.0;0.0
1667314880;0.0;0.0;0.0
1667314940;0.0;0.0;0.0
1667315000;0.0;0.0;0.0
1667315060;0.0;0.0;0.0
1667315120;0.0;0.0;0.0
1667315180;0.0;0.0;0.0
1667315240;0.0;0.0;0.0
1667315300;0.0;0.0;0.0
1667315360;0.0;0.0;0.0
1667315420;0.0;0.0;0.0
1667315480;0.0;0.0;0.0
1667315540;0.0;0.0;0.0
1667315600;0.0;0.0;0.0
1667315660;0.0;0.0;0.0
1667315720;0.0;0.0;0.0
1667315780;0.0;0.0;0.0
1667315840;0.0;0.0;0.0
1667315900;0.0;0.0;0.0
1667315960;0.0;0.0;0.0
1667316020;0.0;0.0;0.0
1667316080;0.0;0.0;0.0
1667316140;0.0;0.0;0.0
1667316200;0.0;0.0;0.0
1667316260;0.0;0.0;0.0
1667316320;0.0;0.0;0.0
1667316380;0.0;0.0;0.0
1667316440;0.0;0.0;0.0
1667316500;0.0;0.0;0.0
1667316560;0.0;0.0;0.0
1667316620;0.0;0.0;0.0
1667316680;0.0;0.0;0.0
1667316740;0.0;0.0;0.0
1667316800;0.0;0.0;0.0
1667316860;0.0;0.0;0.0
1667316920;0.0;0.0;0.0
1667316980;0.0;0.0;0.0
1667317040;0.0;0.0;0.0
1667317100;0.0;0.0;0.0
1667317160;0.0;0.0;0.0
1667317220;0.0;0.0;0.0
1667317280;0.0;0.0;0.0
1667317340;0.0;0.0;0.0
1667317400;0.0;0.0;0.0
1667317460;0.0;0.0;0.0
1667317520;0.0;0.0;0.0
1667317580;0.0;0.0;0.0
1667317640;0.0;0.0;0.0
1667317700;0.0;0.0;0.0
1667317760;0.0;0.0;0.0
1667317820;0.0;0.0;0.0
1667317880;0.0;0.0;0.0
1667317940;0.0;0.0;0.0
1667318000;0.0;0.0;0.0
1667318060;0.0;0.0;0.0
1667318120;0.0;0.0;0.0
1667318180;0.0;0.0;0.0
1667318240;0.0;0.0;0.0
1667318300;0.0;0.0;0.0
1667318360;0.0;0.0;0.0
1667318420;0.0;0.0;0.0
1667318480;0.0;0.0;0.0
1667318540;0.0;0.0;0.0
1667318600;0.0;0.0;0.0
1667318660;0.0;0.0;0.0
1667318720;0.0;0.0;0.0
1667318780;0.0;0.0;0.0
1667318840;0.0;0.0;0.0
1667318900;0.0;0.0;0.0
1667318960;0.0;0.0;0.0
1667319020;0.0;0.0;0.0
1667319080;0.0;0.0;0.0
1667319140;0.0;0.0;0.0
1667319200;0.0;0.0;0.0
1667319260;0.0;0.0;0.0
1667319320;0.0;0.0;0.0
1667319380;0.0;0.0;0.0
1667319440;0.0;0.0;0.0
1667319500;0.0;0.0;0.0
1667319560;0.0;0.0;0.0
1667319620;0.0;0.0;0.0
1667319680;0.0;0.0;0.0
1667319740;0.0;0.0;0.0
1667319800;0.0;0.0;0.0
1667319860;0.0;0.0;0.0
1667319920;0.0;0.0;0.0
1667319980;0.0;0.0;0.0
1667320040;0.0;0.0;0.0
1667320100;0.0;0.0;0.0
1667320160;0.0;0.0;0.0
1667320220;0.0;0.0;0.0
1667320280;0.0;0.0;0.0
1667320340;0.0;0.0;0.0
1667320400;0.0;0.0;0.0
1667320460;0.0;0.0;0.0
1667320520;0.0;0.0;0.0
1667320580;0.0;0.0;0.0
1667320640;0.0;0.0;0.0
1667320700;0.0;0.0;0.0
1667320760;0.0;0.0;0.0
1667320820;0.0;0.0;0.0
1667320880;0.0;0.0;0.0
1667320940;0.0;0.0;0.0
1667321000;0.0;0.0;0.0
1667321060;0.0;0.0;0.0
1667321120;0.0;0.0;0.0
1667321180;0.0;0.0;0.0
1667321240;0.0;0.0;0.0
1667321300;0.0;0.0;0.0
1667321360;0.0;0.0;0.0
1667321420;0.0;0.0;0.0
1667321480;0.0;0.0;0.0
1667321540;0.0;0.0;0.0
1667321600;0.0;0.0;0.0
1667321660;0.0;0.0;0.0
1667321720;0.0;0.0;0.0
1667321780;0.0;0.0;0.0
1667321840;0.0;0.0;0.0
1667321900;0.0;0.0;0.0
1667321960;0.0;0.0;0.0
1667322020;0.0;0.0;0.0
1667322080;0.0;0.0;0.0
1667322140;0.0;0.0;0.0
1667322200;0.0;0.0;0.0
1667322260;0.0;0.0;0.0
1667322320;0.0;0.0;0.0
1667322380;0.0;0.0;0.0
1667322440;0.0;0.0;0.0
1667322500;0.0;0.0;0.0
1667322560;0.0;0.0;0.0
1667322620;0.0;0.0;0.0
1667322680;0.0;0.0;0.0
1667322740;0.0;0.0;0.0
1667322800;0.0;0.0;0.0
1667322860;0.0;0.0;0.0
1667322920;0.0;0.0;0.0
1667322980;0.0;0.0;0.0
1667323040;0.0;0.0;0.0
1667323100;0.0;0.0;0.0
1667323160;0.0;0.0;0.0
1667323220;0.0;0.0;0.0
1667323280;0.0;0.0;0.0
1667323340;0.0;0.0;0.0
1667323400;0.0;0.0;0.0
1667323460;0.0;0.0;0.0
1667323520;0.0;0.0;0.0
1667323580;0.0;0.0;0.0
1667323640;0.0;0.0;0.0
1667323700;0.0;0.0;0.0
1667323760;0.0;0.0;0.0
1667323820;0.0;0.0;0.0
1667323880;0.0;0.0;0.0
1667323940;0.0;0.0;0.0
1667324000;0.0;0.0;0.0
1667324060;0.0;0.0;0.0
1667324120;0.0;0.0;0.0
1667324180;0.0;0.0;0.0
1667324240;0.0;0.0;0.0
1667324300;0.0;0.0;0.0
1667324360;0.0;0.0;0.0
1667324420;0.0;0.0;0.0
1667324480;0.0;0.0;0.0
1667324540;0.0;0.0;0.0
1667324600;0.0;0.0;0.0
1667324660;0.0;0.0;0.0
1667324720;0.0;0.0;0.0
1667324780;0.0;0.0;0.0
1667324840;0.0;0.0;0.0
1667324900;0.0;0.0;0.0
1667324960;0.0;0.0;0.0
1667325020;0.0;0.0;0.0
1667325080;0.0;0.0;0.0
1667325140;0.0;0.0;0.0
1667325200;0.0;0.0;0.0
1667325260;0.0;0.0;0.0
1667325320;0.0;0.0;0.0
1667325380;0.0;0.0;0.0
1667325440;0.0;0.0;0.0
1667325500;0.0;0.0;0.0
1667325560;0.0;0.0;0.0
1667325620;0.0;0.0;0.0
1667325680;0.0;0.0;0.0
1667325740;0.0;0.0;0.0
1667325800;0.0;0.0;0.0
1667325860;0.0;0.0;0.0
1667325920;0.0;0.0;0.0
1667325980;0.0;0.0;0.0
1667326040;0.0;0.0;0.0
1667326100;0.0;0.0;0.0
1667326160;0.0;0.0;0.0
1667326220;0.0;0.0;0.0
1667326280;0.0;0.0;0.0
1667326340;0.0;0.0;0.0
1667326400;0.0;0.0;0.0
1667326460;0.0;0.0;0.0
1667326520;0.0;0.0;0.0
1667326580;0.0;0.0;0.0
1667326640;0.0;0.0;0.0
1667326700;0.0;0.0;0.0
1667326760;0.0;0.0;0.0
1667326820;0.0;0.0;0.0
1667326880;0.0;0.0;0.0
1667326940;0.0;0.0;0.0
1667327000;0.0;0.0;0.0
1667327060;0.0;0.0;0.0
1667327120;0.0;0.0;0.0
1667327180;0.0;0.0;0.0
1667327240;0.0;0.0;0.0
1667327300;0.0;0.0;0.0
1667327360;0.0;0.0;0.0
1667327420;0.0;0.0;0.0
1667327480;0.0;0.0;0.0
1667327540;0.0;0.0;0.0
1667327600;0.0;0.0;0.0
1667327660;0.0;0.0;0.0
1667327720;0.0;0.0;0.0
1667327780;0.0;0.0;0.0
1667327840;0.0;0.0;0.0
1667327900;0.0;0.0;0.0
1667327960;0.0;0.0;0.0
1667328020;0.0;0.0;0.0
1667328080;0.0;0.0;0.0
1667328140;0.0;0.0;0.0
1667328200;0.0;0.0;0.0
1667328260;0.0;0.0;0.0
1667328320;0.0;0.0;0.0
1667328380;0.0;0.0;0.0
1667328440;0.0;0.0;0.0
1667328500;0.0;0.0;0.0
1667328560;0.0;0.0;0.0
1667328620;0.0;0.0;0.0
1667328680;0.0;0.0;0.0
1667328740;0.0;0.0;0.0
1667328800;0.0;0.0;0.0
1667328860;0.0;0.0;0.0
1667328920;0.0;0.0;0.0
1667328980;0.0;0.0;0.0
1667329040;0.0;0.0;0.0
1667329100;0.0;0.0;0.0
1667329160;0.0;0.0;0.0
1667329220;0.0;0.0;0.0
1667329280;0.0;0.0;0.0
1667329340;0.0;0.0;0.0
1667329400;0.0;0.0;0.0
1667329460;0.0;0.0;0.0
1667329520;0.0;0.0;0.0
1667329580;0.0;0.0;0.0
1667329640;0.0;0.0;0.0
1667329700;0.0;0.0;0.0
1667329760;0.0;0.0;0.0
1667329820;0.0;0.0;0.0
1667329880;0.0;0.0;0.0
1667329940;0.0;0.0;0.0
1667330000;0.0;0.0;0.0
1667330060;0.0;0.0;0.0
1667330120;0.0;0.0;0.0
1667330180;0.0;0.0;0.0
1667330240;0.0;0.0;0.0
1667330300;0.0;0.0;0.0
1667330360;0.0;0.0;0.0
1667330420;0.0;0.0;0.0
1667330480;0.0;0.0;0.0
1667330540;0.0;0.0;0.0
1667330600;0.0;0.0;0.0
1667330660;0.0;0.0;0.0
1667330720;0.0;0.0;0.0
1667330780;0.0;0.0;0.0
1667330840;0.0;0.0;0.0
1667330900;0.0;0.0;0.0
1667330960;0.0;0.0;0.0
1667331020;0.0;0.0;0.0
1667331080;0.0;0.0;0.0
1667331140;0.0;0.0;0.0
1667331200;0.0;0.0;0.0
1667331260;0.0;0.0;0.0
1667331320;0.0;0.0;0.0
1667331380;0.0;0.0;0.0
1667331440;0.0;0.0;0.0
1667331500;0.0;0.0;0.0
1667331560;0.0;0.0;0.0
1667331620;0.0;0.0;0.0
1667331680;0.0;0.0;0.0
1667331740;0.0;0.0;0.0
1667331800;0.0;0.0;0.0
1667331860;0.0;0.0;0.0
1667331920;0.0;0.0;0.0
1667331980;0.0;0.0;0.0
1667332040;0.0;0.0;0.0
1667332100;0.0;0.0;0.0
1667332160;0.0;0.0;0.0
1667332220;0.0;0.0;0.0
1667332280;669.3404312451681;0.01666666666666667;0.01666666666666667
1667332340;0.0;0.0;0.0
1667332400;3822.8614392757413;0.010302778307293045;0.0
1667332460;2797.804801273346;0.08053573639723172;0.006648130300736589
1667332520;3732.165428229173;0.6772428983116364;0.11001853636593008
1667332580;1062.0368896563848;0.31525192031717203;0.0
1667332640;0.0;0.0;0.0
1667332700;3128.4417619307837;0.22717592508168488;0.01622685179154892
1667332760;4711.827662356695;0.42658072239301276;0.06272475030346801
1667332820;4407.22282927831;1.6346739291616708;0.20438173123831638
1667332880;3836.628102091948;0.17517248122071655;0.0
1667332940;176.0810372789701;0.0030636088095816446;0.0
1667333000;4911.024887740612;0.8354481987901621;0.10443102484877026
1667333060;4965.0;0.8446302761258255;0.10557878451572819
1667333120;701.2867559035619;0.054692057923441985;0.006656857302168256
1667333180;4593.122390985489;0.01647165074372214;0.0012421835831514095
1667333240;4979.0;0.01290905527983797;0.01290905527983797
1667333300;970.1960959196091;0.0025154278036772877;0.0025154278036772877
1667333360;0.0;0.0;0.0
1667333420;4818.876185894012;0.11611980390122424;0.0040041311690077325
1667333480;4994.0;0.12033973862624334;0.004149646159525632
1667333540;4994.0;0.12033973862624334;0.004149646159525632
1667333600;4994.0;0.12033973862624334;0.004149646159525632
1667333660;924.5835181156795;0.2061943135533791;0.00021359701908203778
1667333720;0.0;0.0;0.0
1667333780;0.0;0.0;0.0
1667333840;0.0;0.0;0.0
1667333900;0.0;0.0;0.0
1667333960;0.0;0.0;0.0
1667334020;0.0;0.0;0.0
1667334080;0.0;0.0;0.0
1667334140;0.0;0.0;0.0
1667334200;0.0;0.0;0.0
1667334260;0.0;0.0;0.0
1667334320;0.0;0.0;0.0
1667334380;0.0;0.0;0.0
1667334440;0.0;0.0;0.0
1667334500;0.0;0.0;0.0
1667334560;0.0;0.0;0.0
1667334620;0.0;0.0;0.0
1667334680;0.0;0.0;0.0
1667334740;0.0;0.0;0.0
1667334800;0.0;0.0;0.0
1667334860;0.0;0.0;0.0
1667334920;0.0;0.0;0.0
1667334980;0.0;0.0;0.0
1667335040;0.0;0.0;0.0
1667335100;0.0;0.0;0.0
1667335160;0.0;0.0;0.0
1667335220;0.0;0.0;0.0
1667335280;0.0;0.0;0.0
1667335340;0.0;0.0;0.0
1667335400;0.0;0.0;0.0
1667335460;0.0;0.0;0.0
1667335520;0.0;0.0;0.0
1667335580;0.0;0.0;0.0
1667335640;0.0;0.0;0.0
1667335700;0.0;0.0;0.0
1667335760;0.0;0.0;0.0
1667335820;0.0;0.0;0.0
1667335880;0.0;0.0;0.0
1667335940;0.0;0.0;0.0
1667336000;0.0;0.0;0.0
1667336060;0.0;0.0;0.0
1667336120;0.0;0.0;0.0
1667336180;0.0;0.0;0.0
1667336240;0.0;0.0;0.0
1667336300;0.0;0.0;0.0
1667336360;0.0;0.0;0.0
1667336420;0.0;0.0;0.0
1667336480;0.0;0.0;0.0
1667336540;0.0;0.0;0.0
1667336600;0.0;0.0;0.0
1667336660;0.0;0.0;0.0
1667336720;0.0;0.0;0.0
1667336780;0.0;0.0;0.0
1667336840;0.0;0.0;0.0
1667336900;0.0;0.0;0.0
1667336960;0.0;0.0;0.0
1667337020;0.0;0.0;0.0
1667337080;0.0;0.0;0.0
1667337140;0.0;0.0;0.0
1667337200;0.0;0.0;0.0
1667337260;0.0;0.0;0.0
1667337320;0.0;0.0;0.0
1667337380;0.0;0.0;0.0
1667337440;0.0;0.0;0.0
1667337500;0.0;0.0;0.0
1667337560;0.0;0.0;0.0
1667337620;0.0;0.0;0.0
1667337680;0.0;0.0;0.0
1667337740;0.0;0.0;0.0
1667337800;0.0;0.0;0.0
1667337860;0.0;0.0;0.0
1667337920;0.0;0.0;0.0
1667337980;0.0;0.0;0.0
1667338040;0.0;0.0;0.0
1667338100;0.0;0.0;0.0
1667338160;0.0;0.0;0.0
1667338220;0.0;0.0;0.0
1667338280;0.0;0.0;0.0
1667338340;0.0;0.0;0.0
1667338400;0.0;0.0;0.0
1667338460;0.0;0.0;0.0
1667338520;0.0;0.0;0.0
1667338580;0.0;0.0;0.0
1667338640;0.0;0.0;0.0
1667338700;0.0;0.0;0.0
1667338760;0.0;0.0;0.0
1667338820;0.0;0.0;0.0
1667338880;0.0;0.0;0.0
1667338940;0.0;0.0;0.0
1667339000;0.0;0.0;0.0
1667339060;0.0;0.0;0.0
1667339120;0.0;0.0;0.0
1667339180;0.0;0.0;0.0
1667339240;0.0;0.0;0.0
1667339300;0.0;0.0;0.0
1667339360;0.0;0.0;0.0
1667339420;0.0;0.0;0.0
1667339480;0.0;0.0;0.0
1667339540;0.0;0.0;0.0
1667339600;0.0;0.0;0.0
1667339660;0.0;0.0;0.0
1667339720;0.0;0.0;0.0
1667339780;0.0;0.0;0.0
1667339840;0.0;0.0;0.0
1667339900;0.0;0.0;0.0
1667339960;0.0;0.0;0.0
1667340020;0.0;0.0;0.0
1667340080;0.0;0.0;0.0
1667340140;0.0;0.0;0.0
1667340200;0.0;0.0;0.0
1667340260;0.0;0.0;0.0
1667340320;0.0;0.0;0.0
1667340380;0.0;0.0;0.0
1667340440;0.0;0.0;0.0
1667340500;0.0;0.0;0.0
1667340560;0.0;0.0;0.0
1667340620;0.0;0.0;0.0
1667340680;0.0;0.0;0.0
1667340740;0.0;0.0;0.0
1667340800;0.0;0.0;0.0
1667340860;0.0;0.0;0.0
1667340920;0.0;0.0;0.0
1667340980;0.0;0.0;0.0
1667341040;0.0;0.0;0.0
1667341100;0.0;0.0;0.0
1667341160;0.0;0.0;0.0
1667341220;0.0;0.0;0.0
1667341280;0.0;0.0;0.0
1667341340;0.0;0.0;0.0
1667341400;0.0;0.0;0.0
1667341460;0.0;0.0;0.0
1667341520;0.0;0.0;0.0
1667341580;0.0;0.0;0.0
1667341640;0.0;0.0;0.0
1667341700;0.0;0.0;0.0
1667341760;0.0;0.0;0.0
1667341820;0.0;0.0;0.0
1667341880;0.0;0.0;0.0
1667341940;0.0;0.0;0.0
1667342000;0.0;0.0;0.0
1667342060;0.0;0.0;0.0
1667342120;0.0;0.0;0.0
1667342180;0.0;0.0;0.0
1667342240;0.0;0.0;0.0
1667342300;0.0;0.0;0.0
1667342360;0.0;0.0;0.0
1667342420;0.0;0.0;0.0
1667342480;0.0;0.0;0.0
1667342540;0.0;0.0;0.0
1667342600;0.0;0.0;0.0
1667342660;0.0;0.0;0.0
1667342720;0.0;0.0;0.0
1667342780;0.0;0.0;0.0
1667342840;0.0;0.0;0.0
1667342900;0.0;0.0;0.0
1667342960;0.0;0.0;0.0
1667343020;0.0;0.0;0.0
1667343080;0.0;0.0;0.0
1667343140;0.0;0.0;0.0
1667343200;0.0;0.0;0.0
1667343260;0.0;0.0;0.0
1667343320;0.0;0.0;0.0
1667343380;0.0;0.0;0.0
1667343440;0.0;0.0;0.0
1667343500;0.0;0.0;0.0
1667343560;0.0;0.0;0.0
1667343620;0.0;0.0;0.0
1667343680;0.0;0.0;0.0
1667343740;0.0;0.0;0.0
1667343800;0.0;0.0;0.0
1667343860;0.0;0.0;0.0
1667343920;0.0;0.0;0.0
1667343980;0.0;0.0;0.0
1667344040;0.0;0.0;0.0
1667344100;0.0;0.0;0.0
1667344160;0.0;0.0;0.0
1667344220;0.0;0.0;0.0
1667344280;0.0;0.0;0.0
1667344340;0.0;0.0;0.0
1667344400;0.0;0.0;0.0
1667344460;0.0;0.0;0.0
1667344520;0.0;0.0;0.0
1667344580;0.0;0.0;0.0
1667344640;0.0;0.0;0.0
1667344700;0.0;0.0;0.0
1667344760;0.0;0.0;0.0
1667344820;0.0;0.0;0.0
1667344880;0.0;0.0;0.0
1667344940;0.0;0.0;0.0
1667345000;0.0;0.0;0.0
1667345060;0.0;0.0;0.0
1667345120;0.0;0.0;0.0
1667345180;0.0;0.0;0.0
1667345240;0.0;0.0;0.0
1667345300;0.0;0.0;0.0
1667345360;0.0;0.0;0.0
1667345420;0.0;0.0;0.0
1667345480;0.0;0.0;0.0
1667345540;0.0;0.0;0.0
1667345600;0.0;0.0;0.0
1667345660;0.0;0.0;0.0
1667345720;0.0;0.0;0.0
1667345780;0.0;0.0;0.0
1667345840;0.0;0.0;0.0
1667345900;0.0;0.0;0.0
1667345960;0.0;0.0;0.0
1667346020;0.0;0.0;0.0
1667346080;0.0;0.0;0.0
1667346140;0.0;0.0;0.0
1667346200;0.0;0.0;0.0
1667346260;0.0;0.0;0.0
1667346320;0.0;0.0;0.0
1667346380;0.0;0.0;0.0
1667346440;0.0;0.0;0.0
1667346500;0.0;0.0;0.0
1667346560;0.0;0.0;0.0
1667346620;0.0;0.0;0.0
1667346680;0.0;0.0;0.0
1667346740;0.0;0.0;0.0
1667346800;0.0;0.0;0.0
1667346860;0.0;0.0;0.0
1667346920;0.0;0.0;0.0
1667346980;0.0;0.0;0.0
1667347040;0.0;0.0;0.0
1667347100;0.0;0.0;0.0
1667347160;0.0;0.0;0.0
1667347220;0.0;0.0;0.0
1667347280;0.0;0.0;0.0
1667347340;0.0;0.0;0.0
1667347400;0.0;0.0;0.0
1667347460;0.0;0.0;0.0
1667347520;0.0;0.0;0.0
1667347580;0.0;0.0;0.0
1667347640;0.0;0.0;0.0
1667347700;0.0;0.0;0.0
1667347760;0.0;0.0;0.0
1667347820;0.0;0.0;0.0
1667347880;0.0;0.0;0.0
1667347940;0.0;0.0;0.0
1667348000;0.0;0.0;0.0
1667348060;0.0;0.0;0.0
1667348120;0.0;0.0;0.0
1667348180;0.0;0.0;0.0
1667348240;0.0;0.0;0.0
1667348300;0.0;0.0;0.0
1667348360;0.0;0.0;0.0
1667348420;0.0;0.0;0.0
1667348480;0.0;0.0;0.0
1667348540;0.0;0.0;0.0
1667348600;0.0;0.0;0.0
1667348660;0.0;0.0;0.0
1667348720;0.0;0.0;0.0
1667348780;0.0;0.0;0.0
1667348840;0.0;0.0;0.0
1667348900;0.0;0.0;0.0
1667348960;0.0;0.0;0.0
1667349020;0.0;0.0;0.0
1667349080;0.0;0.0;0.0
1667349140;0.0;0.0;0.0
1667349200;0.0;0.0;0.0
1667349260;0.0;0.0;0.0
1667349320;0.0;0.0;0.0
1667349380;0.0;0.0;0.0
1667349440;0.0;0.0;0.0
1667349500;0.0;0.0;0.0
1667349560;0.0;0.0;0.0
1667349620;0.0;0.0;0.0
1667349680;0.0;0.0;0.0
1667349740;0.0;0.0;0.0
1667349800;0.0;0.0;0.0
1667349860;0.0;0.0;0.0
1667349920;0.0;0.0;0.0
1667349980;0.0;0.0;0.0
1667350040;0.0;0.0;0.0
1667350100;0.0;0.0;0.0
1667350160;0.0;0.0;0.0
1667350220;0.0;0.0;0.0
1667350280;0.0;0.0;0.0
1667350340;0.0;0.0;0.0
1667350400;0.0;0.0;0.0
1667350460;0.0;0.0;0.0
1667350520;0.0;0.0;0.0
1667350580;0.0;0.0;0.0
1667350640;0.0;0.0;0.0
1667350700;0.0;0.0;0.0
1667350760;0.0;0.0;0.0
1667350820;0.0;0.0;0.0
1667350880;0.0;0.0;0.0
1667350940;0.0;0.0;0.0
1667351000;0.0;0.0;0.0
1667351060;0.0;0.0;0.0
1667351120;0.0;0.0;0.0
1667351180;0.0;0.0;0.0
1667351240;0.0;0.0;0.0
1667351300;0.0;0.0;0.0
1667351360;0.0;0.0;0.0
1667351420;0.0;0.0;0.0
1667351480;0.0;0.0;0.0
1667351540;0.0;0.0;0.0
1667351600;0.0;0.0;0.0
1667351660;0.0;0.0;0.0
1667351720;0.0;0.0;0.0
1667351780;0.0;0.0;0.0
1667351840;0.0;0.0;0.0
1667351900;0.0;0.0;0.0
1667351960;0.0;0.0;0.0
1667352020;0.0;0.0;0.0
1667352080;0.0;0.0;0.0
1667352140;0.0;0.0;0.0
1667352200;0.0;0.0;0.0
1667352260;0.0;0.0;0.0
1667352320;0.0;0.0;0.0
1667352380;0.0;0.0;0.0
1667352440;0.0;0.0;0.0
1667352500;0.0;0.0;0.0
1667352560;0.0;0.0;0.0
1667352620;0.0;0.0;0.0
1667352680;0.0;0.0;0.0
1667352740;0.0;0.0;0.0
1667352800;0.0;0.0;0.0
1667352860;0.0;0.0;0.0
1667352920;0.0;0.0;0.0
1667352980;0.0;0.0;0.0
1667353040;0.0;0.0;0.0
1667353100;0.0;0.0;0.0
1667353160;0.0;0.0;0.0
1667353220;0.0;0.0;0.0
1667353280;0.0;0.0;0.0
1667353340;0.0;0.0;0.0
1667353400;0.0;0.0;0.0
1667353460;0.0;0.0;0.0
1667353520;0.0;0.0;0.0
1667353580;0.0;0.0;0.0
1667353640;0.0;0.0;0.0
1667353700;0.0;0.0;0.0
1667353760;0.0;0.0;0.0
1667353820;0.0;0.0;0.0
1667353880;0.0;0.0;0.0
1667353940;0.0;0.0;0.0
1667354000;0.0;0.0;0.0
1667354060;0.0;0.0;0.0
1667354120;0.0;0.0;0.0
1667354180;0.0;0.0;0.0
1667354240;0.0;0.0;0.0
1667354300;0.0;0.0;0.0
1667354360;0.0;0.0;0.0
1667354420;0.0;0.0;0.0
1667354480;0.0;0.0;0.0
1667354540;0.0;0.0;0.0
1667354600;0.0;0.0;0.0
1667354660;0.0;0.0;0.0
1667354720;0.0;0.0;0.0
1667354780;0.0;0.0;0.0
1667354840;0.0;0.0;0.0
1667354900;0.0;0.0;0.0
1667354960;0.0;0.0;0.0
1667355020;0.0;0.0;0.0
1667355080;0.0;0.0;0.0
1667355140;0.0;0.0;0.0
1667355200;0.0;0.0;0.0
1667355260;0.0;0.0;0.0
1667355320;0.0;0.0;0.0
1667355380;0.0;0.0;0.0
1667355440;0.0;0.0;0.0
1667355500;0.0;0.0;0.0
1667355560;0.0;0.0;0.0
1667355620;0.0;0.0;0.0
1667355680;0.0;0.0;0.0
1667355740;0.0;0.0;0.0
1667355800;0.0;0.0;0.0
1667355860;0.0;0.0;0.0
1667355920;0.0;0.0;0.0
1667355980;0.0;0.0;0.0
1667356040;0.0;0.0;0.0
1667356100;0.0;0.0;0.0
1667356160;0.0;0.0;0.0
1667356220;0.0;0.0;0.0
1667356280;0.0;0.0;0.0
1667356340;0.0;0.0;0.0
1667356400;0.0;0.0;0.0
1667356460;0.0;0.0;0.0
1667356520;0.0;0.0;0.0
1667356580;0.0;0.0;0.0
1667356640;0.0;0.0;0.0
1667356700;0.0;0.0;0.0
1667356760;0.0;0.0;0.0
1667356820;0.0;0.0;0.0
1667356880;0.0;0.0;0.0
1667356940;0.0;0.0;0.0
1667357000;0.0;0.0;0.0
1667357060;0.0;0.0;0.0
1667357120;0.0;0.0;0.0
1667357180;0.0;0.0;0.0
1667357240;0.0;0.0;0.0
1667357300;0.0;0.0;0.0
1667357360;0.0;0.0;0.0
1667357420;0.0;0.0;0.0
1667357480;0.0;0.0;0.0
1667357540;0.0;0.0;0.0
1667357600;0.0;0.0;0.0
1667357660;0.0;0.0;0.0
1667357720;0.0;0.0;0.0
1667357780;0.0;0.0;0.0
1667357840;0.0;0.0;0.0
1667357900;0.0;0.0;0.0
1667357960;0.0;0.0;0.0
1667358020;0.0;0.0;0.0
1667358080;0.0;0.0;0.0
1667358140;0.0;0.0;0.0
1667358200;0.0;0.0;0.0
1667358260;0.0;0.0;0.0
1667358320;0.0;0.0;0.0
1667358380;0.0;0.0;0.0
1667358440;0.0;0.0;0.0
1667358500;0.0;0.0;0.0
1667358560;0.0;0.0;0.0
1667358620;0.0;0.0;0.0
1667358680;0.0;0.0;0.0
1667358740;0.0;0.0;0.0
1667358800;0.0;0.0;0.0
1667358860;0.0;0.0;0.0
1667358920;0.0;0.0;0.0
1667358980;0.0;0.0;0.0
1667359040;0.0;0.0;0.0
1667359100;0.0;0.0;0.0
1667359160;0.0;0.0;0.0
1667359220;0.0;0.0;0.0
1667359280;0.0;0.0;0.0
1667359340;0.0;0.0;0.0
1667359400;0.0;0.0;0.0
1667359460;0.0;0.0;0.0
1667359520;0.0;0.0;0.0
1667359580;0.0;0.0;0.0
1667359640;0.0;0.0;0.0
1667359700;0.0;0.0;0.0
1667359760;0.0;0.0;0.0
1667359820;0.0;0.0;0.0
1667359880;0.0;0.0;0.0
1667359940;0.0;0.0;0.0
1667360000;0.0;0.0;0.0
1667360060;0.0;0.0;0.0
1667360120;0.0;0.0;0.0
1667360180;0.0;0.0;0.0
1667360240;0.0;0.0;0.0
1667360300;0.0;0.0;0.0
1667360360;0.0;0.0;0.0
1667360420;0.0;0.0;0.0
1667360480;0.0;0.0;0.0
1667360540;0.0;0.0;0.0
1667360600;0.0;0.0;0.0
1667360660;0.0;0.0;0.0
1667360720;0.0;0.0;0.0
1667360780;0.0;0.0;0.0
1667360840;0.0;0.0;0.0
1667360900;0.0;0.0;0.0
1667360960;0.0;0.0;0.0
1667361020;0.0;0.0;0.0
1667361080;0.0;0.0;0.0
1667361140;0.0;0.0;0.0
1667361200;0.0;0.0;0.0
1667361260;0.0;0.0;0.0
1667361320;0.0;0.0;0.0
1667361380;0.0;0.0;0.0
1667361440;0.0;0.0;0.0
1667361500;0.0;0.0;0.0
1667361560;0.0;0.0;0.0
1667361620;0.0;0.0;0.0
1667361680;0.0;0.0;0.0
1667361740;0.0;0.0;0.0
1667361800;0.0;0.0;0.0
1667361860;0.0;0.0;0.0
1667361920;0.0;0.0;0.0
1667361980;0.0;0.0;0.0
1667362040;0.0;0.0;0.0
1667362100;0.0;0.0;0.0
1667362160;0.0;0.0;0.0
1667362220;0.0;0.0;0.0
1667362280;0.0;0.0;0.0
1667362340;0.0;0.0;0.0
1667362400;0.0;0.0;0.0
1667362460;0.0;0.0;0.0
1667362520;0.0;0.0;0.0
1667362580;0.0;0.0;0.0
1667362640;0.0;0.0;0.0
1667362700;0.0;0.0;0.0
1667362760;0.0;0.0;0.0
1667362820;0.0;0.0;0.0
1667362880;0.0;0.0;0.0
1667362940;0.0;0.0;0.0
1667363000;0.0;0.0;0.0
1667363060;0.0;0.0;0.0
1667363120;0.0;0.0;0.0
1667363180;0.0;0.0;0.0
1667363240;0.0;0.0;0.0
1667363300;0.0;0.0;0.0
1667363360;0.0;0.0;0.0
1667363420;0.0;0.0;0.0
1667363480;0.0;0.0;0.0
1667363540;0.0;0.0;0.0
1667363600;0.0;0.0;0.0
1667363660;0.0;0.0;0.0
1667363720;0.0;0.0;0.0
1667363780;0.0;0.0;0.0
1667363840;0.0;0.0;0.0
1667363900;0.0;0.0;0.0
1667363960;0.0;0.0;0.0
1667364020;0.0;0.0;0.0
1667364080;0.0;0.0;0.0
1667364140;0.0;0.0;0.0
1667364200;0.0;0.0;0.0
1667364260;0.0;0.0;0.0
1667364320;0.0;0.0;0.0
1667364380;0.0;0.0;0.0
1667364440;0.0;0.0;0.0
1667364500;0.0;0.0;0.0
1667364560;0.0;0.0;0.0
1667364620;0.0;0.0;0.0
1667364680;0.0;0.0;0.0
1667364740;0.0;0.0;0.0
1667364800;0.0;0.0;0.0
1667364860;0.0;0.0;0.0
1667364920;0.0;0.0;0.0
1667364980;0.0;0.0;0.0
1667365040;0.0;0.0;0.0
1667365100;0.0;0.0;0.0
1667365160;0.0;0.0;0.0
1667365220;0.0;0.0;0.0
1667365280;0.0;0.0;0.0
1667365340;0.0;0.0;0.0
1667365400;0.0;0.0;0.0
1667365460;0.0;0.0;0.0
1667365520;0.0;0.0;0.0
1667365580;0.0;0.0;0.0
1667365640;0.0;0.0;0.0
1667365700;0.0;0.0;0.0
1667365760;0.0;0.0;0.0
1667365820;0.0;0.0;0.0
1667365880;0.0;0.0;0.0
1667365940;0.0;0.0;0.0
1667366000;0.0;0.0;0.0
1667366060;0.0;0.0;0.0
1667366120;0.0;0.0;0.0
1667366180;0.0;0.0;0.0
1667366240;0.0;0.0;0.0
1667366300;0.0;0.0;0.0
1667366360;0.0;0.0;0.0
1667366420;0.0;0.0;0.0
1667366480;0.0;0.0;0.0
1667366540;0.0;0.0;0.0
1667366600;0.0;0.0;0.0
1667366660;0.0;0.0;0.0
1667366720;0.0;0.0;0.0
1667366780;0.0;0.0;0.0
1667366840;0.0;0.0;0.0
1667366900;0.0;0.0;0.0
1667366960;0.0;0.0;0.0
1667367020;0.0;0.0;0.0
1667367080;0.0;0.0;0.0
1667367140;0.0;0.0;0.0
1667367200;0.0;0.0;0.0
1667367260;0.0;0.0;0.0
1667367320;0.0;0.0;0.0
1667367380;0.0;0.0;0.0
1667367440;0.0;0.0;0.0
1667367500;0.0;0.0;0.0
1667367560;0.0;0.0;0.0
1667367620;0.0;0.0;0.0
1667367680;0.0;0.0;0.0
1667367740;0.0;0.0;0.0
1667367800;0.0;0.0;0.0
1667367860;0.0;0.0;0.0
1667367920;0.0;0.0;0.0
1667367980;0.0;0.0;0.0
1667368040;0.0;0.0;0.0
1667368100;0.0;0.0;0.0
1667368160;0.0;0.0;0.0
1667368220;0.0;0.0;0.0
1667368280;0.0;0.0;0.0
1667368340;0.0;0.0;0.0
1667368400;0.0;0.0;0.0
1667368460;0.0;0.0;0.0
1667368520;0.0;0.0;0.0
1667368580;0.0;0.0;0.0
1667368640;0.0;0.0;0.0
1667368700;0.0;0.0;0.0
1667368760;0.0;0.0;0.0
1667368820;0.0;0.0;0.0
1667368880;0.0;0.0;0.0
1667368940;0.0;0.0;0.0
1667369000;0.0;0.0;0.0
1667369060;0.0;0.0;0.0
1667369120;0.0;0.0;0.0
1667369180;0.0;0.0;0.0
1667369240;0.0;0.0;0.0
1667369300;0.0;0.0;0.0
1667369360;0.0;0.0;0.0
1667369420;0.0;0.0;0.0
1667369480;0.0;0.0;0.0
1667369540;0.0;0.0;0.0
1667369600;0.0;0.0;0.0
1667369660;0.0;0.0;0.0
1667369720;0.0;0.0;0.0
1667369780;0.0;0.0;0.0
1667369840;0.0;0.0;0.0
1667369900;0.0;0.0;0.0
1667369960;0.0;0.0;0.0
1667370020;0.0;0.0;0.0
1667370080;0.0;0.0;0.0
1667370140;0.0;0.0;0.0
1667370200;0.0;0.0;0.0
1667370260;0.0;0.0;0.0
1667370320;0.0;0.0;0.0
1667370380;0.0;0.0;0.0
1667370440;0.0;0.0;0.0
1667370500;0.0;0.0;0.0
1667370560;0.0;0.0;0.0
1667370620;0.0;0.0;0.0
1667370680;0.0;0.0;0.0
1667370740;0.0;0.0;0.0
1667370800;0.0;0.0;0.0
1667370860;0.0;0.0;0.0
1667370920;0.0;0.0;0.0
1667370980;0.0;0.0;0.0
1667371040;0.0;0.0;0.0
1667371100;0.0;0.0;0.0
1667371160;0.0;0.0;0.0
1667371220;0.0;0.0;0.0
1667371280;0.0;0.0;0.0
1667371340;0.0;0.0;0.0
1667371400;0.0;0.0;0.0
1667371460;0.0;0.0;0.0
1667371520;0.0;0.0;0.0
1667371580;0.0;0.0;0.0
1667371640;0.0;0.0;0.0
1667371700;0.0;0.0;0.0
1667371760;0.0;0.0;0.0
1667371820;0.0;0.0;0.0
1667371880;0.0;0.0;0.0
1667371940;0.0;0.0;0.0
1667372000;0.0;0.0;0.0
1667372060;0.0;0.0;0.0
1667372120;0.0;0.0;0.0
1667372180;0.0;0.0;0.0
1667372240;0.0;0.0;0.0
1667372300;0.0;0.0;0.0
1667372360;0.0;0.0;0.0
1667372420;0.0;0.0;0.0
1667372480;0.0;0.0;0.0
1667372540;0.0;0.0;0.0
1667372600;0.0;0.0;0.0
1667372660;0.0;0.0;0.0
1667372720;0.0;0.0;0.0
1667372780;0.0;0.0;0.0
1667372840;0.0;0.0;0.0
1667372900;0.0;0.0;0.0
1667372960;0.0;0.0;0.0
1667373020;0.0;0.0;0.0
1667373080;0.0;0.0;0.0
1667373140;0.0;0.0;0.0
1667373200;0.0;0.0;0.0
1667373260;0.0;0.0;0.0
1667373320;0.0;0.0;0.0
1667373380;0.0;0.0;0.0
1667373440;0.0;0.0;0.0
1667373500;0.0;0.0;0.0
1667373560;0.0;0.0;0.0
1667373620;0.0;0.0;0.0
1667373680;0.0;0.0;0.0
1667373740;0.0;0.0;0.0
1667373800;0.0;0.0;0.0
1667373860;0.0;0.0;0.0
1667373920;0.0;0.0;0.0
1667373980;0.0;0.0;0.0
1667374040;0.0;0.0;0.0
1667374100;0.0;0.0;0.0
1667374160;0.0;0.0;0.0
1667374220;0.0;0.0;0.0
1667374280;0.0;0.0;0.0
1667374340;0.0;0.0;0.0
1667374400;0.0;0.0;0.0
1667374460;0.0;0.0;0.0
1667374520;0.0;0.0;0.0
1667374580;0.0;0.0;0.0
1667374640;0.0;0.0;0.0
1667374700;0.0;0.0;0.0
1667374760;0.0;0.0;0.0
1667374820;0.0;0.0;0.0
1667374880;0.0;0.0;0.0
1667374940;0.0;0.0;0.0
1667375000;0.0;0.0;0.0
1667375060;718.5772744099298;0.022058812359905814;0.016666666666666666
1667375120;1340.2023935755094;0.09460785430676086;0.0
1667375180;0.0;0.0;0.0
1667375240;0.0;0.0;0.0
1667375300;0.0;0.0;0.0
1667375360;257.45339221159617;0.19999999999999998;0.016666666666666666
1667375420;0.0;0.0;0.0
1667375480;0.0;0.0;0.0
1667375540;0.0;0.0;0.0
1667375600;0.0;0.0;0.0
1667375660;0.0;0.0;0.0
1667375720;0.0;0.0;0.0
1667375780;0.0;0.0;0.0
1667375840;0.0;0.0;0.0
1667375900;0.0;0.0;0.0
1667375960;2905.10793800354;0.8365400668026217;0.14220112224488138
1667376020;3592.7777411778766;1.0467932665307116;0.17446554442178527
1667376080;0.0;0.0;0.0
1667376140;0.0;0.0;0.0
1667376200;0.0;0.0;0.0
1667376260;0.0;0.0;0.0
1667376320;0.0;0.0;0.0
1667376380;0.0;0.0;0.0
1667376440;0.0;0.0;0.0
1667376500;0.0;0.0;0.0
1667376560;0.0;0.0;0.0
1667376620;0.0;0.0;0.0
1667376680;0.0;0.0;0.0
1667376740;3023.172288954258;0.0030955746997619066;0.0
1667376800;5055.0;0.0051760629602454;0.0
1667376860;5055.0;0.0051760629602454;0.0
1667376920;3308.93736307621;0.13655229937974733;0.01666666666666667
1667376980;0.0;0.0;0.0
1667377040;0.0;0.0;0.0
1667377100;0.0;0.0;0.0
1667377160;0.0;0.0;0.0
1667377220;0.0;0.0;0.0
1667377280;2845.5950313568114;0.002567865604486696;0.0
1667377340;5064.0;0.0045697547535147095;0.0
1667377400;5064.0;0.0045697547535147095;0.0
1667377460;5064.0;0.0045697547535147095;0.0
1667377520;655.7175751964251;0.18372287013496916;0.03333333333333333
1667377580;0.0;0.0;0.0
1667377640;0.0;0.0;0.0
1667377700;0.0;0.0;0.0
1667377760;0.0;0.0;0.0
1667377820;0.0;0.0;0.0
1667377880;0.0;0.0;0.0
1667377940;0.0;0.0;0.0
1667378000;0.0;0.0;0.0
1667378060;0.0;0.0;0.0
1667378120;0.0;0.0;0.0
1667378180;0.0;0.0;0.0
1667378240;0.0;0.0;0.0
1667378300;775.8290900150935;0.18922076650648786;0.02328870972387543
1667378360;5078.0;1.2384983557412783;0.15243056686046502
1667378420;3513.40425380071;0.8967246677124243;0.11265669110184269
1667378480;4891.570126096408;1.3709508930842302;0.23016591287299615
1667378540;4943.7238523483275;1.1276813762597873;0.16808803267475514
1667378600;3900.2502836505573;0.9102572740291248;0.1300367534327321
1667378660;0.0;0.0;0.0
1667378720;0.0;0.0;0.0
1667378780;0.0;0.0;0.0
1667378840;0.0;0.0;0.0
1667378900;0.0;0.0;0.0
1667378960;0.0;0.0;0.0
1667379020;234.87177943785986;0.21666666666666667;0.01666666666666667
1667379080;4230.4835337320965;0.2140724322365003;0.009212860348114601
1667379140;4243.216409746806;0.12636770887435714;0.007453806318552065
1667379200;4900.897182110944;0.44180586742522965;0.04094200065662208
1667379260;819.7312440395356;0.11775399146391294;0.009057999343377919
1667379320;54.97832232713699;0.021996502410986957;0.008798600964394783
1667379380;153.30601192712783;0.06133683092234638;0.024534732368938553
1667379440;0.0;0.0;0.0
1667379500;0.0;0.0;0.0
1667379560;0.0;0.0;0.0
1667379620;0.0;0.0;0.0
1667379680;0.0;0.0;0.0
1667379740;0.0;0.0;0.0
1667379800;162.62292358875274;0.01666666666666666;0.01666666666666666
1667379860;0.0;0.0;0.0
1667379920;0.0;0.0;0.0
1667379980;0.0;0.0;0.0
1667380040;0.0;0.0;0.0
1667380100;3510.700125082334;0.08333333333333333;0.0
1667380160;0.0;0.0;0.0
1667380220;0.0;0.0;0.0
1667380280;21.206707259019215;0.03333333333333333;0.0
1667380340;0.0;0.0;0.0
1667380400;3584.371875735124;0.05224369783553988;0.0029647525974061
1667380460;651.4222031474113;0.6310896354977935;0.04703524740259389
1667380520;0.0;0.0;0.0
1667380580;0.0;0.0;0.0
1667380640;0.0;0.0;0.0
1667380700;1803.0711224595707;0.1359626566019045;0.0
1667380760;1572.3020846645038;0.047370676731428814;0.0
1667380820;0.0;0.0;0.0
1667380880;3250.1325734774273;0.15400284359024766;0.015736436939160322
1667380940;5200.0;0.49579999100142136;0.05681041563557953
1667381000;5200.0;0.49579999100142136;0.05681041563557953
1667381060;4940.5647802352905;0.47106384107357624;0.05397606512301394
1667381120;0.0;0.0;0.0
1667381180;4571.882920169831;0.034479917108747496;0.0
1667381240;5206.0;0.039262258374164916;0.0
1667381300;5206.0;0.039262258374164916;0.0
1667381360;485.59570427735645;0.0036622328095893483;0.0
1667381420;0.0;0.0;0.0
1667381480;0.0;0.0;0.0
1667381540;4515.870959313711;0.45016258424043504;0.0
1667381600;667.1453048706055;0.06650408242623161;0.0
1667381660;0.0;0.0;0.0
1667381720;4435.867012286186;0.01794342827385885;0.0
1667381780;5217.0;0.021103172174784347;0.0
1667381840;2707.833921182156;0.010953399551356807;0.0
1667381900;2857.6599802096684;0.007636634363122922;0.0
1667381960;5219.0;0.013946933860974705;0.0
1667382020;5219.0;0.013946933860974705;0.0
1667382080;5219.0;0.013946933860974705;0.0
1667382140;195.54561775128045;0.0005225640539529699;0.0
1667382200;0.0;0.0;0.0
1667382260;0.0;0.0;0.0
1667382320;0.0;0.0;0.0
1667382380;0.0;0.0;0.0
1667382440;0.0;0.0;0.0
1667382500;0.0;0.0;0.0
1667382560;0.0;0.0;0.0
1667382620;0.0;0.0;0.0
1667382680;0.0;0.0;0.0
1667382740;0.0;0.0;0.0
1667382800;2401.3595845143;0.0817780253876117;0.0
1667382860;5234.0;0.17824327003709958;0.0
1667382920;2642.1673011779785;0.0899787045752887;0.0
1667382980;4669.389988791942;0.027996595950326046;0.0
1667383040;3669.820244260629;0.022003404049673957;0.0
1667383100;0.0;0.0;0.0
1667383160;0.0;0.0;0.0
1667383220;0.0;0.0;0.0
1667383280;0.0;0.0;0.0
1667383340;0.0;0.0;0.0
1667383400;0.0;0.0;0.0
1667383460;0.0;0.0;0.0
1667383520;0.0;0.0;0.0
1667383580;0.0;0.0;0.0
1667383640;0.0;0.0;0.0
1667383700;0.0;0.0;0.0
1667383760;0.0;0.0;0.0
1667383820;0.0;0.0;0.0
1667383880;0.0;0.0;0.0
1667383940;2454.2081952810286;0.09765666204192584;0.02092642758041268
1667384000;5247.0;0.20878607883358893;0.04473987403576906
1667384060;4601.952538232008;0.17754796506300644;0.03716211295881493
1667384120;5249.0;0.1580449199015889;0.02580325222883084
1667384180;5249.0;0.1580449199015889;0.02580325222883084
1667384240;5249.0;0.1580449199015889;0.02580325222883084
1667384300;5249.0;0.1580449199015889;0.02580325222883084
1667384360;5249.0;0.1580449199015889;0.02580325222883084
1667384420;3772.8723946173986;0.19245136122020098;0.018155324280849136
1667384480;0.0;0.0;0.0
1667384540;0.0;0.0;0.0
1667384600;0.0;0.0;0.0
1667384660;0.0;0.0;0.0
1667384720;0.0;0.0;0.0
1667384780;3540.415650852521;0.10153868233609283;0.0110769471639374
1667384840;5261.0;0.15088482835103043;0.016460163092839684
1667384900;5261.0;0.15088482835103043;0.016460163092839684
1667384960;5261.0;0.15088482835103043;0.016460163092839684
1667385020;5261.0;0.15088482835103043;0.016460163092839684
1667385080;5261.0;0.15088482835103043;0.016460163092839684
1667385140;2116.600583899021;0.06070384257542189;0.0066222373718642065
1667385200;0.0;0.0;0.0
1667385260;0.0;0.0;0.0
1667385320;0.0;0.0;0.0
1667385380;1934.2041075229645;0.4372206043108946;0.07117544721340145
1667385440;1236.2311298012733;0.279446062355772;0.045491219453265216
1667385500;0.0;0.0;0.0
1667385560;0.0;0.0;0.0
1667385620;0.0;0.0;0.0
1667385680;0.0;0.0;0.0
1667385740;0.0;0.0;0.0
1667385800;0.0;0.0;0.0
1667385860;0.0;0.0;0.0
1667385920;0.0;0.0;0.0
1667385980;0.0;0.0;0.0
1667386040;0.0;0.0;0.0
1667386100;0.0;0.0;0.0
1667386160;0.0;0.0;0.0
1667386220;0.0;0.0;0.0
1667386280;0.0;0.0;0.0
1667386340;0.0;0.0;0.0
1667386400;0.0;0.0;0.0
1667386460;0.0;0.0;0.0
1667386520;0.0;0.0;0.0
1667386580;0.0;0.0;0.0
1667386640;0.0;0.0;0.0
1667386700;0.0;0.0;0.0
1667386760;0.0;0.0;0.0
1667386820;0.0;0.0;0.0
1667386880;0.0;0.0;0.0
1667386940;0.0;0.0;0.0
1667387000;0.0;0.0;0.0
1667387060;0.0;0.0;0.0
1667387120;1194.8206367969512;0.03333333333333334;0.03333333333333334
1667387180;0.0;0.0;0.0
1667387240;0.0;0.0;0.0
1667387300;0.0;0.0;0.0
1667387360;0.0;0.0;0.0
1667387420;0.0;0.0;0.0
1667387480;0.0;0.0;0.0
1667387540;0.0;0.0;0.0
1667387600;0.0;0.0;0.0
1667387660;0.0;0.0;0.0
1667387720;0.0;0.0;0.0
1667387780;0.0;0.0;0.0
1667387840;0.0;0.0;0.0
1667387900;0.0;0.0;0.0
1667387960;0.0;0.0;0.0
1667388020;0.0;0.0;0.0
1667388080;0.0;0.0;0.0
1667388140;0.0;0.0;0.0
1667388200;0.0;0.0;0.0
1667388260;0.0;0.0;0.0
1667388320;0.0;0.0;0.0
1667388380;0.0;0.0;0.0
1667388440;0.0;0.0;0.0
1667388500;0.0;0.0;0.0
1667388560;0.0;0.0;0.0
1667388620;0.0;0.0;0.0
1667388680;0.0;0.0;0.0
1667388740;0.0;0.0;0.0
1667388800;0.0;0.0;0.0
1667388860;0.0;0.0;0.0
1667388920;0.0;0.0;0.0
1667388980;0.0;0.0;0.0
1667389040;0.0;0.0;0.0
1667389100;0.0;0.0;0.0
1667389160;510.37406971057254;0.1;0.01666666666666667
1667389220;0.0;0.0;0.0
1667389280;0.0;0.0;0.0
1667389340;0.0;0.0;0.0
1667389400;0.0;0.0;0.0
1667389460;0.0;0.0;0.0
1667389520;0.0;0.0;0.0
1667389580;0.0;0.0;0.0
1667389640;0.0;0.0;0.0
1667389700;0.0;0.0;0.0
1667389760;0.0;0.0;0.0
1667389820;1404.9485499183338;0.10011133532983607;0.016666666666666666
1667389880;5328.0;0.1539044177530593;0.0
1667389940;5328.0;0.1539044177530593;0.0
1667390000;4918.645876693726;0.14207982916404538;0.0
1667390060;0.0;0.0;0.0
1667390120;0.0;0.0;0.0
1667390180;0.0;0.0;0.0
1667390240;0.0;0.0;0.0
1667390300;0.0;0.0;0.0
1667390360;40.59648023446401;0.016666666666666666;0.016666666666666666
1667390420;0.0;0.0;0.0
1667390480;0.0;0.0;0.0
1667390540;0.0;0.0;0.0
1667390600;0.0;0.0;0.0
1667390660;0.0;0.0;0.0
1667390720;0.0;0.0;0.0
1667390780;37.27643377780914;0.016666666666666666;0.016666666666666666
1667390840;0.0;0.0;0.0
1667390900;0.0;0.0;0.0
1667390960;0.0;0.0;0.0
1667391020;0.0;0.0;0.0
1667391080;0.0;0.0;0.0
1667391140;0.0;0.0;0.0
1667391200;0.0;0.0;0.0
1667391260;0.0;0.0;0.0
1667391320;0.0;0.0;0.0
1667391380;0.0;0.0;0.0
1667391440;0.0;0.0;0.0
1667391500;0.0;0.0;0.0
1667391560;0.0;0.0;0.0
1667391620;0.0;0.0;0.0
1667391680;0.0;0.0;0.0
1667391740;0.0;0.0;0.0
1667391800;0.0;0.0;0.0
1667391860;0.0;0.0;0.0
1667391920;0.0;0.0;0.0
1667391980;0.0;0.0;0.0
1667392040;0.0;0.0;0.0
1667392100;0.0;0.0;0.0
1667392160;0.0;0.0;0.0
1667392220;0.0;0.0;0.0
1667392280;0.0;0.0;0.0
1667392340;0.0;0.0;0.0
1667392400;0.0;0.0;0.0
1667392460;0.0;0.0;0.0
1667392520;0.0;0.0;0.0
1667392580;0.0;0.0;0.0
1667392640;0.0;0.0;0.0
1667392700;0.0;0.0;0.0
1667392760;0.0;0.0;0.0
1667392820;0.0;0.0;0.0
1667392880;0.0;0.0;0.0
1667392940;0.0;0.0;0.0
1667393000;0.0;0.0;0.0
1667393060;0.0;0.0;0.0
1667393120;0.0;0.0;0.0
1667393180;0.0;0.0;0.0
1667393240;0.0;0.0;0.0
1667393300;0.0;0.0;0.0
1667393360;0.0;0.0;0.0
1667393420;0.0;0.0;0.0
1667393480;0.0;0.0;0.0
1667393540;0.0;0.0;0.0
1667393600;0.0;0.0;0.0
1667393660;0.0;0.0;0.0
1667393720;0.0;0.0;0.0
1667393780;0.0;0.0;0.0
1667393840;0.0;0.0;0.0
1667393900;0.0;0.0;0.0
1667393960;0.0;0.0;0.0
1667394020;0.0;0.0;0.0
1667394080;0.0;0.0;0.0
1667394140;0.0;0.0;0.0
1667394200;0.0;0.0;0.0
1667394260;0.0;0.0;0.0
1667394320;0.0;0.0;0.0
1667394380;1154.742156525453;0.0339237494084039;0.016666666666666666
1667394440;5371.0;0.10667743876407097;0.0
1667394500;5371.0;0.10667743876407097;0.0
1667394560;5371.0;0.10667743876407097;0.0
1667394620;3157.355872909228;0.0627106009660499;0.0
1667394680;4488.758847320079;0.006089005328589229;0.0
1667394740;5373.0;0.007288479230743811;0.0
1667394800;5373.0;0.007288479230743811;0.0
1667394860;5373.0;0.007288479230743811;0.0
1667394920;3965.2685744404794;0.005378890312512666;0.0
1667394980;0.0;0.0;0.0
1667395040;0.0;0.0;0.0
1667395100;0.0;0.0;0.0
1667395160;0.0;0.0;0.0
1667395220;0.0;0.0;0.0
1667395280;0.0;0.0;0.0
1667395340;0.0;0.0;0.0
1667395400;0.0;0.0;0.0
1667395460;0.0;0.0;0.0
1667395520;0.0;0.0;0.0
1667395580;0.0;0.0;0.0
1667395640;0.0;0.0;0.0
1667395700;0.0;0.0;0.0
1667395760;0.0;0.0;0.0
1667395820;0.0;0.0;0.0
1667395880;0.0;0.0;0.0
1667395940;0.0;0.0;0.0
1667396000;0.0;0.0;0.0
1667396060;0.0;0.0;0.0
1667396120;5164.645778346062;0.21165258585581917;0.016666666666666666
1667396180;5418.0;0.03112986370095381;0.0
1667396240;1256.1792328119277;0.007217550443227028;0.0
1667396300;0.0;0.0;0.0
1667396360;0.0;0.0;0.0
1667396420;0.0;0.0;0.0
1667396480;0.0;0.0;0.0
1667396540;0.0;0.0;0.0
1667396600;0.0;0.0;0.0
1667396660;0.0;0.0;0.0
1667396720;0.0;0.0;0.0
1667396780;0.0;0.0;0.0
1667396840;0.0;0.0;0.0
1667396900;0.0;0.0;0.0
1667396960;0.0;0.0;0.0
1667397020;0.0;0.0;0.0
1667397080;0.0;0.0;0.0
1667397140;0.0;0.0;0.0
1667397200;0.0;0.0;0.0
1667397260;0.0;0.0;0.0
1667397320;0.0;0.0;0.0
1667397380;0.0;0.0;0.0
1667397440;0.0;0.0;0.0
1667397500;0.0;0.0;0.0
1667397560;0.0;0.0;0.0
1667397620;0.0;0.0;0.0
1667397680;0.0;0.0;0.0
1667397740;0.0;0.0;0.0
1667397800;0.0;0.0;0.0
1667397860;0.0;0.0;0.0
1667397920;0.0;0.0;0.0
1667397980;0.0;0.0;0.0
1667398040;0.0;0.0;0.0
1667398100;3451.314179003239;0.016666666666666666;0.016666666666666666
1667398160;2591.0846679051715;0.0014260453612167667;0.0014260453612167667
1667398220;5432.0;0.00298958906981305;0.00298958906981305
1667398280;5432.0;0.00298958906981305;0.00298958906981305
1667398340;5432.0;0.00298958906981305;0.00298958906981305
1667398400;5432.0;0.00298958906981305;0.00298958906981305
1667398460;5432.0;0.00298958906981305;0.00298958906981305
1667398520;5432.0;0.00298958906981305;0.00298958906981305
1667398580;5432.0;0.00298958906981305;0.00298958906981305
1667398640;5432.0;0.00298958906981305;0.00298958906981305
1667398700;5432.0;0.00298958906981305;0.00298958906981305
1667398760;5432.0;0.00298958906981305;0.00298958906981305
1667398820;4087.2341495792066;0.018678063940652738;0.018678063940652738
1667398880;0.0;0.0;0.0
1667398940;0.0;0.0;0.0
1667399000;0.0;0.0;0.0
1667399060;0.0;0.0;0.0
1667399120;0.0;0.0;0.0
1667399180;0.0;0.0;0.0
1667399240;0.0;0.0;0.0
1667399300;0.0;0.0;0.0
1667399360;0.0;0.0;0.0
1667399420;0.0;0.0;0.0
1667399480;0.0;0.0;0.0
1667399540;0.0;0.0;0.0
1667399600;0.0;0.0;0.0
1667399660;0.0;0.0;0.0
1667399720;0.0;0.0;0.0
1667399780;0.0;0.0;0.0
1667399840;57.69456921418508;0.016666666666666666;0.016666666666666666
1667399900;0.0;0.0;0.0
1667399960;0.0;0.0;0.0
1667400020;0.0;0.0;0.0
1667400080;0.0;0.0;0.0
1667400140;0.0;0.0;0.0
1667400200;0.0;0.0;0.0
1667400260;0.0;0.0;0.0
1667400320;2222.8889282226564;0.016666666666666666;0.016666666666666666
1667400380;224.60459310213724;0.11666666666666667;0.016666666666666666
1667400440;0.0;0.0;0.0
1667400500;0.0;0.0;0.0
1667400560;0.0;0.0;0.0
1667400620;0.0;0.0;0.0
1667400680;0.0;0.0;0.0
1667400740;0.0;0.0;0.0
1667400800;0.0;0.0;0.0
1667400860;0.0;0.0;0.0
1667400920;0.0;0.0;0.0
1667400980;0.0;0.0;0.0
1667401040;0.0;0.0;0.0
1667401100;0.0;0.0;0.0
1667401160;0.0;0.0;0.0
1667401220;0.0;0.0;0.0
1667401280;0.0;0.0;0.0
1667401340;0.0;0.0;0.0
1667401400;0.0;0.0;0.0
1667401460;5001.502833922704;0.013828376112649882;0.013828376112649882
1667401520;1026.5643726905187;0.002838290554016783;0.002838290554016783
1667401580;0.0;0.0;0.0
1667401640;4052.976087486744;0.0041756462475138955;0.0041756462475138955
1667401700;5501.0;0.005667497047044709;0.005667497047044709
1667401760;5501.0;0.005667497047044709;0.005667497047044709
1667401820;1122.0651305834451;0.0011560263250633542;0.0011560263250633542
1667401880;0.0;0.0;0.0
1667401940;0.0;0.0;0.0
1667402000;0.0;0.0;0.0
1667402060;0.0;0.0;0.0
1667402120;0.0;0.0;0.0
1667402180;0.0;0.0;0.0
1667402240;0.0;0.0;0.0
1667402300;0.0;0.0;0.0
1667402360;0.0;0.0;0.0
1667402420;0.0;0.0;0.0
1667402480;0.0;0.0;0.0
1667402540;0.0;0.0;0.0
1667402600;0.0;0.0;0.0
1667402660;0.0;0.0;0.0
1667402720;0.0;0.0;0.0
1667402780;0.0;0.0;0.0
1667402840;0.0;0.0;0.0
1667402900;0.0;0.0;0.0
1667402960;0.0;0.0;0.0
1667403020;0.0;0.0;0.0
1667403080;0.0;0.0;0.0
1667403140;0.0;0.0;0.0
1667403200;0.0;0.0;0.0
1667403260;0.0;0.0;0.0
1667403320;0.0;0.0;0.0
1667403380;0.0;0.0;0.0
1667403440;0.0;0.0;0.0
1667403500;0.0;0.0;0.0
1667403560;0.0;0.0;0.0
1667403620;0.0;0.0;0.0
1667403680;0.0;0.0;0.0
1667403740;0.0;0.0;0.0
1667403800;0.0;0.0;0.0
1667403860;0.0;0.0;0.0
1667403920;0.0;0.0;0.0
1667403980;0.0;0.0;0.0
1667404040;0.0;0.0;0.0
1667404100;0.0;0.0;0.0
1667404160;0.0;0.0;0.0
1667404220;0.0;0.0;0.0
1667404280;0.0;0.0;0.0
1667404340;0.0;0.0;0.0
1667404400;0.0;0.0;0.0
1667404460;0.0;0.0;0.0
1667404520;0.0;0.0;0.0
1667404580;0.0;0.0;0.0
1667404640;0.0;0.0;0.0
1667404700;0.0;0.0;0.0
1667404760;0.0;0.0;0.0
1667404820;0.0;0.0;0.0
1667404880;4660.623510074615;0.003233789759450529;0.003233789759450529
1667404940;5506.0;0.0038203571640245096;0.0038203571640245096
1667405000;5506.0;0.0038203571640245096;0.0038203571640245096
1667405060;5506.0;0.0038203571640245096;0.0038203571640245096
1667405120;5506.0;0.0038203571640245096;0.0038203571640245096
1667405180;5506.0;0.0038203571640245096;0.0038203571640245096
1667405240;5506.0;0.0038203571640245096;0.0038203571640245096
1667405300;5506.0;0.0038203571640245096;0.0038203571640245096
1667405360;4838.259960619609;0.0033570434257112355;0.0033570434257112355
1667405420;0.0;0.0;0.0
1667405480;0.0;0.0;0.0
1667405540;0.0;0.0;0.0
1667405600;0.0;0.0;0.0
1667405660;0.0;0.0;0.0
1667405720;0.0;0.0;0.0
1667405780;525.2436558405559;0.004412685462286092;0.0
1667405840;1458.59611825943;0.012253981204380577;0.0
1667405900;0.0;0.0;0.0
1667405960;0.0;0.0;0.0
1667406020;0.0;0.0;0.0
1667406080;0.0;0.0;0.0
1667406140;0.0;0.0;0.0
1667406200;0.0;0.0;0.0
1667406260;0.0;0.0;0.0
1667406320;0.0;0.0;0.0
1667406380;0.0;0.0;0.0
1667406440;0.0;0.0;0.0
1667406500;0.0;0.0;0.0
1667406560;0.0;0.0;0.0
1667406620;0.0;0.0;0.0
1667406680;0.0;0.0;0.0
1667406740;0.0;0.0;0.0
1667406800;292.8275092959404;0.03333333333333333;0.03333333333333333
1667406860;0.0;0.0;0.0
1667406920;0.0;0.0;0.0
1667406980;0.0;0.0;0.0
1667407040;0.0;0.0;0.0
1667407100;0.0;0.0;0.0
1667407160;0.0;0.0;0.0
1667407220;0.0;0.0;0.0
1667407280;0.0;0.0;0.0
1667407340;0.0;0.0;0.0
1667407400;0.0;0.0;0.0
1667407460;4653.304634519418;0.48034252307783637;0.00770705499559488
1667407520;5571.0;0.9034494293231253;0.015576714298674575
1667407580;4343.788331003983;0.8162080475990383;0.010049564039063876
1667407640;0.0;0.0;0.0
1667407700;0.0;0.0;0.0
1667407760;0.0;0.0;0.0
1667407820;0.0;0.0;0.0
1667407880;0.0;0.0;0.0
1667407940;0.0;0.0;0.0
1667408000;0.0;0.0;0.0
1667408060;0.0;0.0;0.0
1667408120;0.0;0.0;0.0
1667408180;0.0;0.0;0.0
1667408240;0.0;0.0;0.0
1667408300;0.0;0.0;0.0
1667408360;0.0;0.0;0.0
1667408420;0.0;0.0;0.0
1667408480;1377.6533961931864;0.016666666666666666;0.016666666666666666
1667408540;0.0;0.0;0.0
1667408600;1165.0449891408284;0.05000000000000001;0.0
1667408660;876.0374834537507;0.30000000000000004;0.03333333333333334
1667408720;1579.8417232314746;0.1626886559294604;0.0
1667408780;5635.0;0.14683399685008552;0.0
1667408840;4751.4417634010315;0.12381068055378737;0.0
1667408900;0.0;0.0;0.0
1667408960;0.0;0.0;0.0
1667409020;852.836996714274;0.016666666666666666;0.0
1667409080;0.0;0.0;0.0
1667409140;0.0;0.0;0.0
1667409200;1064.786171468099;0.33333333333333326;0.04999999999999999
1667409260;0.0;0.0;0.0
1667409320;0.0;0.0;0.0
1667409380;0.0;0.0;0.0
1667409440;0.0;0.0;0.0
1667409500;0.0;0.0;0.0
1667409560;0.0;0.0;0.0
1667409620;191.80485665798187;0.033295554231663506;0.0
1667409680;96.22887800137202;0.016704445768336497;0.0
1667409740;634.548999094963;0.04275816649096205;0.0
1667409800;2267.5173596103987;0.12390850017570462;0.016666666666666666
1667409860;0.0;0.0;0.0
1667409920;0.0;0.0;0.0
1667409980;0.0;0.0;0.0
1667410040;752.5783818483353;0.016666666666666666;0.0
1667410100;1050.4005163590114;0.19999999999999998;0.03333333333333333
1667410160;2854.747913606962;0.3;0.016666666666666663
1667410220;677.8277310848237;0.08333333333333333;0.0
1667410280;1762.2117011586824;0.4;0.06666666666666667
1667410340;1101.4189080993333;0.26666666666666666;0.016666666666666666
1667410400;0.0;0.0;0.0
1667410460;0.0;0.0;0.0
1667410520;0.0;0.0;0.0
1667410580;193.21074199676514;0.1;0.0
1667410640;0.0;0.0;0.0
1667410700;0.0;0.0;0.0
1667410760;0.0;0.0;0.0
1667410820;0.0;0.0;0.0
1667410880;0.0;0.0;0.0
1667410940;0.0;0.0;0.0
1667411000;0.0;0.0;0.0
1667411060;0.0;0.0;0.0
1667411120;0.0;0.0;0.0
1667411180;0.0;0.0;0.0
1667411240;4514.394716687997;0.13372055292256682;0.008746159076856544
1667411300;5848.0;0.16831111825227774;0.021953624119862316
1667411360;5141.18613169988;0.1479683288251554;0.01930021680328114
1667411420;0.0;0.0;0.0
1667411480;8.481844051678976;0.0005815003928169142;0.00011630007856338284
1667411540;4270.471782819429;0.43561870122448354;0.0502636463205166
1667411600;5879.0;0.30110686849844753;0.039905729560035214
1667411660;5879.0;0.30110686849844753;0.039905729560035214
1667411720;5879.0;0.30110686849844753;0.039905729560035214
1667411780;5879.0;0.30110686849844753;0.039905729560035214
1667411840;3437.096050238609;0.17603899105557586;0.023330468694112462
1667411900;0.0;0.0;0.0
1667411960;0.0;0.0;0.0
1667412020;0.0;0.0;0.0
1667412080;0.0;0.0;0.0
1667412140;0.0;0.0;0.0
1667412200;0.0;0.0;0.0
1667412260;0.0;0.0;0.0
1667412320;0.0;0.0;0.0
1667412380;0.0;0.0;0.0
1667412440;0.0;0.0;0.0
1667412500;0.0;0.0;0.0
1667412560;0.0;0.0;0.0
1667412620;0.0;0.0;0.0
1667412680;0.0;0.0;0.0
1667412740;0.0;0.0;0.0
1667412800;0.0;0.0;0.0
1667412860;0.0;0.0;0.0
1667412920;0.0;0.0;0.0
1667412980;0.0;0.0;0.0
1667413040;0.0;0.0;0.0
1667413100;0.0;0.0;0.0
1667413160;0.0;0.0;0.0
1667413220;2555.1194004217787;0.025441883195766603;0.0
1667413280;5900.0;0.05874759153339155;0.0
1667413340;4935.500472386678;0.04914385860417519;0.0
1667413400;0.0;0.0;0.0
1667413460;0.0;0.0;0.0
1667413520;0.0;0.0;0.0
1667413580;0.0;0.0;0.0
1667413640;0.0;0.0;0.0
1667413700;0.0;0.0;0.0
1667413760;0.0;0.0;0.0
1667413820;0.0;0.0;0.0
1667413880;0.0;0.0;0.0
1667413940;0.0;0.0;0.0
1667414000;0.0;0.0;0.0
1667414060;0.0;0.0;0.0
1667414120;0.0;0.0;0.0
1667414180;0.0;0.0;0.0
1667414240;0.0;0.0;0.0
1667414300;0.0;0.0;0.0
1667414360;0.0;0.0;0.0
1667414420;0.0;0.0;0.0
1667414480;0.0;0.0;0.0
1667414540;0.0;0.0;0.0
1667414600;0.0;0.0;0.0
1667414660;0.0;0.0;0.0
1667414720;0.0;0.0;0.0
1667414780;0.0;0.0;0.0
1667414840;0.0;0.0;0.0
1667414900;0.0;0.0;0.0
1667414960;0.0;0.0;0.0
1667415020;0.0;0.0;0.0
1667415080;0.0;0.0;0.0
1667415140;0.0;0.0;0.0
1667415200;0.0;0.0;0.0
1667415260;0.0;0.0;0.0
1667415320;0.0;0.0;0.0
1667415380;0.0;0.0;0.0
1667415440;0.0;0.0;0.0
1667415500;0.0;0.0;0.0
1667415560;0.0;0.0;0.0
1667415620;0.0;0.0;0.0
1667415680;0.0;0.0;0.0
1667415740;0.0;0.0;0.0
1667415800;0.0;0.0;0.0
1667415860;0.0;0.0;0.0
1667415920;0.0;0.0;0.0
1667415980;0.0;0.0;0.0
1667416040;0.0;0.0;0.0
1667416100;0.0;0.0;0.0
1667416160;0.0;0.0;0.0
1667416220;0.0;0.0;0.0
1667416280;0.0;0.0;0.0
1667416340;0.0;0.0;0.0
1667416400;0.0;0.0;0.0
1667416460;0.0;0.0;0.0
1667416520;0.0;0.0;0.0
1667416580;0.0;0.0;0.0
1667416640;0.0;0.0;0.0
1667416700;0.0;0.0;0.0
1667416760;0.0;0.0;0.0
1667416820;0.0;0.0;0.0
1667416880;0.0;0.0;0.0
1667416940;0.0;0.0;0.0
1667417000;0.0;0.0;0.0
1667417060;0.0;0.0;0.0
1667417120;0.0;0.0;0.0
1667417180;0.0;0.0;0.0
1667417240;0.0;0.0;0.0
1667417300;0.0;0.0;0.0
1667417360;0.0;0.0;0.0
1667417420;0.0;0.0;0.0
1667417480;0.0;0.0;0.0
1667417540;0.0;0.0;0.0
1667417600;0.0;0.0;0.0
1667417660;0.0;0.0;0.0
1667417720;0.0;0.0;0.0
1667417780;0.0;0.0;0.0
1667417840;0.0;0.0;0.0
1667417900;0.0;0.0;0.0
1667417960;0.0;0.0;0.0
1667418020;0.0;0.0;0.0
1667418080;0.0;0.0;0.0
1667418140;0.0;0.0;0.0
1667418200;0.0;0.0;0.0
1667418260;0.0;0.0;0.0
1667418320;0.0;0.0;0.0
1667418380;0.0;0.0;0.0
1667418440;0.0;0.0;0.0
1667418500;0.0;0.0;0.0
1667418560;0.0;0.0;0.0
1667418620;0.0;0.0;0.0
1667418680;0.0;0.0;0.0
1667418740;0.0;0.0;0.0
1667418800;0.0;0.0;0.0
1667418860;0.0;0.0;0.0
1667418920;0.0;0.0;0.0
1667418980;0.0;0.0;0.0
1667419040;0.0;0.0;0.0
1667419100;0.0;0.0;0.0
1667419160;0.0;0.0;0.0
1667419220;0.0;0.0;0.0
1667419280;0.0;0.0;0.0
1667419340;0.0;0.0;0.0
1667419400;0.0;0.0;0.0
1667419460;0.0;0.0;0.0
1667419520;0.0;0.0;0.0
1667419580;0.0;0.0;0.0
1667419640;0.0;0.0;0.0
1667419700;0.0;0.0;0.0
1667419760;0.0;0.0;0.0
1667419820;0.0;0.0;0.0
1667419880;0.0;0.0;0.0
1667419940;0.0;0.0;0.0
1667420000;0.0;0.0;0.0
1667420060;0.0;0.0;0.0
1667420120;0.0;0.0;0.0
1667420180;0.0;0.0;0.0
1667420240;0.0;0.0;0.0
1667420300;0.0;0.0;0.0
1667420360;0.0;0.0;0.0
1667420420;0.0;0.0;0.0
1667420480;0.0;0.0;0.0
1667420540;0.0;0.0;0.0
1667420600;0.0;0.0;0.0
1667420660;0.0;0.0;0.0
1667420720;0.0;0.0;0.0
1667420780;0.0;0.0;0.0
1667420840;0.0;0.0;0.0
1667420900;0.0;0.0;0.0
1667420960;0.0;0.0;0.0
1667421020;0.0;0.0;0.0
1667421080;0.0;0.0;0.0
1667421140;0.0;0.0;0.0
1667421200;0.0;0.0;0.0
1667421260;0.0;0.0;0.0
1667421320;0.0;0.0;0.0
1667421380;0.0;0.0;0.0
1667421440;0.0;0.0;0.0
1667421500;0.0;0.0;0.0
1667421560;0.0;0.0;0.0
1667421620;0.0;0.0;0.0
1667421680;0.0;0.0;0.0
1667421740;0.0;0.0;0.0
1667421800;0.0;0.0;0.0
1667421860;0.0;0.0;0.0
1667421920;0.0;0.0;0.0
1667421980;0.0;0.0;0.0
1667422040;0.0;0.0;0.0
1667422100;0.0;0.0;0.0
1667422160;0.0;0.0;0.0
1667422220;0.0;0.0;0.0
1667422280;0.0;0.0;0.0
1667422340;0.0;0.0;0.0
1667422400;0.0;0.0;0.0
1667422460;0.0;0.0;0.0
1667422520;0.0;0.0;0.0
1667422580;0.0;0.0;0.0
1667422640;0.0;0.0;0.0
1667422700;0.0;0.0;0.0
1667422760;0.0;0.0;0.0
1667422820;0.0;0.0;0.0
1667422880;0.0;0.0;0.0
1667422940;0.0;0.0;0.0
1667423000;0.0;0.0;0.0
1667423060;0.0;0.0;0.0
1667423120;0.0;0.0;0.0
1667423180;0.0;0.0;0.0
1667423240;0.0;0.0;0.0
1667423300;0.0;0.0;0.0
1667423360;0.0;0.0;0.0
1667423420;0.0;0.0;0.0
1667423480;0.0;0.0;0.0
1667423540;0.0;0.0;0.0
1667423600;0.0;0.0;0.0
1667423660;0.0;0.0;0.0
1667423720;0.0;0.0;0.0
1667423780;0.0;0.0;0.0
1667423840;0.0;0.0;0.0
1667423900;0.0;0.0;0.0
1667423960;0.0;0.0;0.0
1667424020;0.0;0.0;0.0
1667424080;0.0;0.0;0.0
1667424140;0.0;0.0;0.0
1667424200;0.0;0.0;0.0
1667424260;0.0;0.0;0.0
1667424320;0.0;0.0;0.0
1667424380;0.0;0.0;0.0
1667424440;0.0;0.0;0.0
1667424500;0.0;0.0;0.0
1667424560;0.0;0.0;0.0
1667424620;0.0;0.0;0.0
1667424680;0.0;0.0;0.0
1667424740;0.0;0.0;0.0
1667424800;0.0;0.0;0.0
1667424860;0.0;0.0;0.0
1667424920;0.0;0.0;0.0
1667424980;0.0;0.0;0.0
1667425040;0.0;0.0;0.0
1667425100;0.0;0.0;0.0
1667425160;0.0;0.0;0.0
1667425220;0.0;0.0;0.0
1667425280;0.0;0.0;0.0
1667425340;0.0;0.0;0.0
1667425400;0.0;0.0;0.0
1667425460;0.0;0.0;0.0
1667425520;0.0;0.0;0.0
1667425580;0.0;0.0;0.0
1667425640;0.0;0.0;0.0
1667425700;0.0;0.0;0.0
1667425760;0.0;0.0;0.0
1667425820;0.0;0.0;0.0
1667425880;0.0;0.0;0.0
1667425940;0.0;0.0;0.0
1667426000;0.0;0.0;0.0
1667426060;0.0;0.0;0.0
1667426120;0.0;0.0;0.0
1667426180;0.0;0.0;0.0
1667426240;0.0;0.0;0.0
1667426300;0.0;0.0;0.0
1667426360;0.0;0.0;0.0
1667426420;0.0;0.0;0.0
1667426480;0.0;0.0;0.0
1667426540;0.0;0.0;0.0
1667426600;0.0;0.0;0.0
1667426660;0.0;0.0;0.0
1667426720;0.0;0.0;0.0
1667426780;0.0;0.0;0.0
1667426840;0.0;0.0;0.0
1667426900;0.0;0.0;0.0
1667426960;0.0;0.0;0.0
1667427020;0.0;0.0;0.0
1667427080;0.0;0.0;0.0
1667427140;0.0;0.0;0.0
1667427200;0.0;0.0;0.0
1667427260;0.0;0.0;0.0
1667427320;0.0;0.0;0.0
1667427380;0.0;0.0;0.0
1667427440;0.0;0.0;0.0
1667427500;0.0;0.0;0.0
1667427560;0.0;0.0;0.0
1667427620;0.0;0.0;0.0
1667427680;0.0;0.0;0.0
1667427740;0.0;0.0;0.0
1667427800;0.0;0.0;0.0
1667427860;0.0;0.0;0.0
1667427920;0.0;0.0;0.0
1667427980;0.0;0.0;0.0
1667428040;0.0;0.0;0.0
1667428100;0.0;0.0;0.0
1667428160;0.0;0.0;0.0
1667428220;0.0;0.0;0.0
1667428280;0.0;0.0;0.0
1667428340;0.0;0.0;0.0
1667428400;0.0;0.0;0.0
1667428460;0.0;0.0;0.0
1667428520;0.0;0.0;0.0
1667428580;0.0;0.0;0.0
1667428640;0.0;0.0;0.0
1667428700;0.0;0.0;0.0
1667428760;0.0;0.0;0.0
1667428820;0.0;0.0;0.0
1667428880;0.0;0.0;0.0
1667428940;0.0;0.0;0.0
1667429000;0.0;0.0;0.0
1667429060;0.0;0.0;0.0
1667429120;0.0;0.0;0.0
1667429180;0.0;0.0;0.0
1667429240;0.0;0.0;0.0
1667429300;0.0;0.0;0.0
1667429360;0.0;0.0;0.0
1667429420;0.0;0.0;0.0
1667429480;0.0;0.0;0.0
1667429540;0.0;0.0;0.0
1667429600;0.0;0.0;0.0
1667429660;0.0;0.0;0.0
1667429720;0.0;0.0;0.0
1667429780;0.0;0.0;0.0
1667429840;0.0;0.0;0.0
1667429900;0.0;0.0;0.0
1667429960;0.0;0.0;0.0
1667430020;0.0;0.0;0.0
1667430080;0.0;0.0;0.0
1667430140;0.0;0.0;0.0
1667430200;0.0;0.0;0.0
1667430260;0.0;0.0;0.0
1667430320;0.0;0.0;0.0
1667430380;0.0;0.0;0.0
1667430440;0.0;0.0;0.0
1667430500;0.0;0.0;0.0
1667430560;0.0;0.0;0.0
1667430620;0.0;0.0;0.0
1667430680;0.0;0.0;0.0
1667430740;0.0;0.0;0.0
1667430800;0.0;0.0;0.0
1667430860;0.0;0.0;0.0
1667430920;0.0;0.0;0.0
1667430980;0.0;0.0;0.0
1667431040;0.0;0.0;0.0
1667431100;0.0;0.0;0.0
1667431160;0.0;0.0;0.0
1667431220;0.0;0.0;0.0
1667431280;0.0;0.0;0.0
1667431340;0.0;0.0;0.0
1667431400;0.0;0.0;0.0
1667431460;0.0;0.0;0.0
1667431520;0.0;0.0;0.0
1667431580;0.0;0.0;0.0
1667431640;0.0;0.0;0.0
1667431700;0.0;0.0;0.0
1667431760;0.0;0.0;0.0
1667431820;0.0;0.0;0.0
1667431880;0.0;0.0;0.0
1667431940;0.0;0.0;0.0
1667432000;0.0;0.0;0.0
1667432060;0.0;0.0;0.0
1667432120;0.0;0.0;0.0
1667432180;0.0;0.0;0.0
1667432240;0.0;0.0;0.0
1667432300;0.0;0.0;0.0
1667432360;0.0;0.0;0.0
1667432420;0.0;0.0;0.0
1667432480;0.0;0.0;0.0
1667432540;0.0;0.0;0.0
1667432600;0.0;0.0;0.0
1667432660;0.0;0.0;0.0
1667432720;0.0;0.0;0.0
1667432780;0.0;0.0;0.0
1667432840;0.0;0.0;0.0
1667432900;0.0;0.0;0.0
1667432960;0.0;0.0;0.0
1667433020;0.0;0.0;0.0
1667433080;0.0;0.0;0.0
1667433140;0.0;0.0;0.0
1667433200;0.0;0.0;0.0
1667433260;0.0;0.0;0.0
1667433320;0.0;0.0;0.0
1667433380;0.0;0.0;0.0
1667433440;0.0;0.0;0.0
1667433500;0.0;0.0;0.0
1667433560;0.0;0.0;0.0
1667433620;0.0;0.0;0.0
1667433680;0.0;0.0;0.0
1667433740;0.0;0.0;0.0
1667433800;0.0;0.0;0.0
1667433860;0.0;0.0;0.0
1667433920;0.0;0.0;0.0
1667433980;0.0;0.0;0.0
1667434040;0.0;0.0;0.0
1667434100;0.0;0.0;0.0
1667434160;0.0;0.0;0.0
1667434220;0.0;0.0;0.0
1667434280;0.0;0.0;0.0
1667434340;0.0;0.0;0.0
1667434400;0.0;0.0;0.0
1667434460;0.0;0.0;0.0
1667434520;0.0;0.0;0.0
1667434580;0.0;0.0;0.0
1667434640;0.0;0.0;0.0
1667434700;0.0;0.0;0.0
1667434760;0.0;0.0;0.0
1667434820;0.0;0.0;0.0
1667434880;0.0;0.0;0.0
1667434940;0.0;0.0;0.0
1667435000;0.0;0.0;0.0
1667435060;0.0;0.0;0.0
1667435120;0.0;0.0;0.0
1667435180;0.0;0.0;0.0
1667435240;0.0;0.0;0.0
1667435300;0.0;0.0;0.0
1667435360;0.0;0.0;0.0
1667435420;0.0;0.0;0.0
1667435480;0.0;0.0;0.0
1667435540;0.0;0.0;0.0
1667435600;0.0;0.0;0.0
1667435660;0.0;0.0;0.0
1667435720;0.0;0.0;0.0
1667435780;0.0;0.0;0.0
1667435840;0.0;0.0;0.0
1667435900;0.0;0.0;0.0
1667435960;0.0;0.0;0.0
1667436020;0.0;0.0;0.0
1667436080;0.0;0.0;0.0
1667436140;0.0;0.0;0.0
1667436200;0.0;0.0;0.0
1667436260;0.0;0.0;0.0
1667436320;0.0;0.0;0.0
1667436380;0.0;0.0;0.0
1667436440;0.0;0.0;0.0
1667436500;0.0;0.0;0.0
1667436560;0.0;0.0;0.0
1667436620;0.0;0.0;0.0
1667436680;0.0;0.0;0.0
1667436740;0.0;0.0;0.0
1667436800;0.0;0.0;0.0
1667436860;0.0;0.0;0.0
1667436920;0.0;0.0;0.0
1667436980;0.0;0.0;0.0
1667437040;0.0;0.0;0.0
1667437100;0.0;0.0;0.0
1667437160;0.0;0.0;0.0
1667437220;0.0;0.0;0.0
1667437280;0.0;0.0;0.0
1667437340;0.0;0.0;0.0
1667437400;0.0;0.0;0.0
1667437460;0.0;0.0;0.0
1667437520;0.0;0.0;0.0
1667437580;0.0;0.0;0.0
1667437640;0.0;0.0;0.0
1667437700;0.0;0.0;0.0
1667437760;0.0;0.0;0.0
1667437820;0.0;0.0;0.0
1667437880;0.0;0.0;0.0
1667437940;0.0;0.0;0.0
1667438000;0.0;0.0;0.0
1667438060;0.0;0.0;0.0
1667438120;0.0;0.0;0.0
1667438180;0.0;0.0;0.0
1667438240;0.0;0.0;0.0
1667438300;0.0;0.0;0.0
1667438360;0.0;0.0;0.0
1667438420;0.0;0.0;0.0
1667438480;0.0;0.0;0.0
1667438540;0.0;0.0;0.0
1667438600;0.0;0.0;0.0
1667438660;0.0;0.0;0.0
1667438720;0.0;0.0;0.0
1667438780;0.0;0.0;0.0
1667438840;0.0;0.0;0.0
1667438900;0.0;0.0;0.0
1667438960;0.0;0.0;0.0
1667439020;0.0;0.0;0.0
1667439080;0.0;0.0;0.0
1667439140;0.0;0.0;0.0
1667439200;0.0;0.0;0.0
1667439260;0.0;0.0;0.0
1667439320;0.0;0.0;0.0
1667439380;0.0;0.0;0.0
1667439440;0.0;0.0;0.0
1667439500;0.0;0.0;0.0
1667439560;0.0;0.0;0.0
1667439620;0.0;0.0;0.0
1667439680;0.0;0.0;0.0
1667439740;0.0;0.0;0.0
1667439800;0.0;0.0;0.0
1667439860;0.0;0.0;0.0
1667439920;0.0;0.0;0.0
1667439980;0.0;0.0;0.0
1667440040;0.0;0.0;0.0
1667440100;0.0;0.0;0.0
1667440160;0.0;0.0;0.0
1667440220;0.0;0.0;0.0
1667440280;0.0;0.0;0.0
1667440340;0.0;0.0;0.0
1667440400;0.0;0.0;0.0
1667440460;0.0;0.0;0.0
1667440520;0.0;0.0;0.0
1667440580;0.0;0.0;0.0
1667440640;0.0;0.0;0.0
1667440700;0.0;0.0;0.0
1667440760;0.0;0.0;0.0
1667440820;0.0;0.0;0.0
1667440880;0.0;0.0;0.0
1667440940;0.0;0.0;0.0
1667441000;0.0;0.0;0.0
1667441060;0.0;0.0;0.0
1667441120;0.0;0.0;0.0
1667441180;0.0;0.0;0.0
1667441240;0.0;0.0;0.0
1667441300;0.0;0.0;0.0
1667441360;0.0;0.0;0.0
1667441420;0.0;0.0;0.0
1667441480;0.0;0.0;0.0
1667441540;0.0;0.0;0.0
1667441600;0.0;0.0;0.0
1667441660;0.0;0.0;0.0
1667441720;0.0;0.0;0.0
1667441780;0.0;0.0;0.0
1667441840;0.0;0.0;0.0
1667441900;0.0;0.0;0.0
1667441960;0.0;0.0;0.0
1667442020;0.0;0.0;0.0
1667442080;0.0;0.0;0.0
1667442140;0.0;0.0;0.0
1667442200;0.0;0.0;0.0
1667442260;0.0;0.0;0.0
1667442320;0.0;0.0;0.0
1667442380;0.0;0.0;0.0
1667442440;0.0;0.0;0.0
1667442500;0.0;0.0;0.0
1667442560;0.0;0.0;0.0
1667442620;0.0;0.0;0.0
1667442680;0.0;0.0;0.0
1667442740;0.0;0.0;0.0
1667442800;0.0;0.0;0.0
1667442860;0.0;0.0;0.0
1667442920;0.0;0.0;0.0
1667442980;0.0;0.0;0.0
1667443040;0.0;0.0;0.0
1667443100;0.0;0.0;0.0
1667443160;0.0;0.0;0.0
1667443220;0.0;0.0;0.0
1667443280;0.0;0.0;0.0
1667443340;0.0;0.0;0.0
1667443400;0.0;0.0;0.0
1667443460;0.0;0.0;0.0
1667443520;0.0;0.0;0.0
1667443580;0.0;0.0;0.0
1667443640;0.0;0.0;0.0
1667443700;0.0;0.0;0.0
1667443760;0.0;0.0;0.0
1667443820;0.0;0.0;0.0
1667443880;0.0;0.0;0.0
1667443940;0.0;0.0;0.0
1667444000;0.0;0.0;0.0
1667444060;0.0;0.0;0.0
1667444120;0.0;0.0;0.0
1667444180;0.0;0.0;0.0
1667444240;0.0;0.0;0.0
1667444300;0.0;0.0;0.0
1667444360;0.0;0.0;0.0
1667444420;0.0;0.0;0.0
1667444480;0.0;0.0;0.0
1667444540;0.0;0.0;0.0
1667444600;0.0;0.0;0.0
1667444660;0.0;0.0;0.0
1667444720;0.0;0.0;0.0
1667444780;0.0;0.0;0.0
1667444840;0.0;0.0;0.0
1667444900;0.0;0.0;0.0
1667444960;0.0;0.0;0.0
1667445020;0.0;0.0;0.0
1667445080;0.0;0.0;0.0
1667445140;0.0;0.0;0.0
1667445200;0.0;0.0;0.0
1667445260;0.0;0.0;0.0
1667445320;0.0;0.0;0.0
1667445380;0.0;0.0;0.0
1667445440;0.0;0.0;0.0
1667445500;0.0;0.0;0.0
1667445560;0.0;0.0;0.0
1667445620;0.0;0.0;0.0
1667445680;0.0;0.0;0.0
1667445740;0.0;0.0;0.0
1667445800;0.0;0.0;0.0
1667445860;0.0;0.0;0.0
1667445920;0.0;0.0;0.0
1667445980;0.0;0.0;0.0
1667446040;0.0;0.0;0.0
1667446100;0.0;0.0;0.0
1667446160;0.0;0.0;0.0
1667446220;0.0;0.0;0.0
1667446280;0.0;0.0;0.0
1667446340;0.0;0.0;0.0
1667446400;0.0;0.0;0.0
1667446460;0.0;0.0;0.0
1667446520;0.0;0.0;0.0
1667446580;0.0;0.0;0.0
1667446640;0.0;0.0;0.0
1667446700;0.0;0.0;0.0
1667446760;0.0;0.0;0.0
1667446820;0.0;0.0;0.0
1667446880;0.0;0.0;0.0
1667446940;0.0;0.0;0.0
1667447000;0.0;0.0;0.0
1667447060;0.0;0.0;0.0
1667447120;0.0;0.0;0.0
1667447180;0.0;0.0;0.0
1667447240;0.0;0.0;0.0
1667447300;0.0;0.0;0.0
1667447360;0.0;0.0;0.0
1667447420;0.0;0.0;0.0
1667447480;0.0;0.0;0.0
1667447540;0.0;0.0;0.0
1667447600;0.0;0.0;0.0
1667447660;0.0;0.0;0.0
1667447720;0.0;0.0;0.0
1667447780;0.0;0.0;0.0
1667447840;0.0;0.0;0.0
1667447900;0.0;0.0;0.0
1667447960;0.0;0.0;0.0
1667448020;0.0;0.0;0.0
1667448080;0.0;0.0;0.0
1667448140;0.0;0.0;0.0
1667448200;0.0;0.0;0.0
1667448260;0.0;0.0;0.0
1667448320;0.0;0.0;0.0
1667448380;0.0;0.0;0.0
1667448440;0.0;0.0;0.0
1667448500;0.0;0.0;0.0
1667448560;0.0;0.0;0.0
1667448620;0.0;0.0;0.0
1667448680;0.0;0.0;0.0
1667448740;0.0;0.0;0.0
1667448800;0.0;0.0;0.0
1667448860;0.0;0.0;0.0
1667448920;0.0;0.0;0.0
1667448980;0.0;0.0;0.0
1667449040;0.0;0.0;0.0
1667449100;0.0;0.0;0.0
1667449160;0.0;0.0;0.0
1667449220;0.0;0.0;0.0
1667449280;0.0;0.0;0.0
1667449340;0.0;0.0;0.0
1667449400;0.0;0.0;0.0
1667449460;0.0;0.0;0.0
1667449520;0.0;0.0;0.0
1667449580;0.0;0.0;0.0
1667449640;0.0;0.0;0.0
1667449700;0.0;0.0;0.0
1667449760;0.0;0.0;0.0
1667449820;0.0;0.0;0.0
1667449880;0.0;0.0;0.0
1667449940;0.0;0.0;0.0
1667450000;0.0;0.0;0.0
1667450060;0.0;0.0;0.0
1667450120;0.0;0.0;0.0
1667450180;0.0;0.0;0.0
1667450240;0.0;0.0;0.0
1667450300;0.0;0.0;0.0
1667450360;0.0;0.0;0.0
1667450420;0.0;0.0;0.0
1667450480;0.0;0.0;0.0
1667450540;0.0;0.0;0.0
1667450600;0.0;0.0;0.0
1667450660;0.0;0.0;0.0
1667450720;0.0;0.0;0.0
1667450780;0.0;0.0;0.0
1667450840;0.0;0.0;0.0
1667450900;0.0;0.0;0.0
1667450960;0.0;0.0;0.0
1667451020;0.0;0.0;0.0
1667451080;0.0;0.0;0.0
1667451140;0.0;0.0;0.0
1667451200;0.0;0.0;0.0
1667451260;0.0;0.0;0.0
1667451320;0.0;0.0;0.0
1667451380;0.0;0.0;0.0
1667451440;0.0;0.0;0.0
1667451500;0.0;0.0;0.0
1667451560;0.0;0.0;0.0
1667451620;0.0;0.0;0.0
1667451680;0.0;0.0;0.0
1667451740;0.0;0.0;0.0
1667451800;0.0;0.0;0.0
1667451860;0.0;0.0;0.0
1667451920;0.0;0.0;0.0
1667451980;0.0;0.0;0.0
1667452040;0.0;0.0;0.0
1667452100;0.0;0.0;0.0
1667452160;0.0;0.0;0.0
1667452220;0.0;0.0;0.0
1667452280;0.0;0.0;0.0
1667452340;0.0;0.0;0.0
1667452400;0.0;0.0;0.0
1667452460;0.0;0.0;0.0
1667452520;0.0;0.0;0.0
1667452580;0.0;0.0;0.0
1667452640;0.0;0.0;0.0
1667452700;0.0;0.0;0.0
1667452760;0.0;0.0;0.0
1667452820;0.0;0.0;0.0
1667452880;0.0;0.0;0.0
1667452940;0.0;0.0;0.0
1667453000;0.0;0.0;0.0
1667453060;0.0;0.0;0.0
1667453120;0.0;0.0;0.0
1667453180;0.0;0.0;0.0
1667453240;0.0;0.0;0.0
1667453300;0.0;0.0;0.0
1667453360;0.0;0.0;0.0
1667453420;0.0;0.0;0.0
1667453480;0.0;0.0;0.0
1667453540;0.0;0.0;0.0
1667453600;0.0;0.0;0.0
1667453660;0.0;0.0;0.0
1667453720;0.0;0.0;0.0
1667453780;0.0;0.0;0.0
1667453840;0.0;0.0;0.0
1667453900;0.0;0.0;0.0
1667453960;0.0;0.0;0.0
1667454020;0.0;0.0;0.0
1667454080;0.0;0.0;0.0
1667454140;0.0;0.0;0.0
1667454200;0.0;0.0;0.0
1667454260;0.0;0.0;0.0
1667454320;0.0;0.0;0.0
1667454380;0.0;0.0;0.0
1667454440;0.0;0.0;0.0
1667454500;0.0;0.0;0.0
1667454560;0.0;0.0;0.0
1667454620;0.0;0.0;0.0
1667454680;0.0;0.0;0.0
1667454740;0.0;0.0;0.0
1667454800;0.0;0.0;0.0
1667454860;0.0;0.0;0.0
1667454920;0.0;0.0;0.0
1667454980;0.0;0.0;0.0
1667455040;0.0;0.0;0.0
1667455100;0.0;0.0;0.0
1667455160;0.0;0.0;0.0
1667455220;0.0;0.0;0.0
1667455280;0.0;0.0;0.0
1667455340;0.0;0.0;0.0
1667455400;0.0;0.0;0.0
1667455460;0.0;0.0;0.0
1667455520;0.0;0.0;0.0
1667455580;0.0;0.0;0.0
1667455640;0.0;0.0;0.0
1667455700;0.0;0.0;0.0
1667455760;0.0;0.0;0.0
1667455820;0.0;0.0;0.0
1667455880;0.0;0.0;0.0
1667455940;0.0;0.0;0.0
1667456000;0.0;0.0;0.0
1667456060;0.0;0.0;0.0
1667456120;0.0;0.0;0.0
1667456180;0.0;0.0;0.0
1667456240;0.0;0.0;0.0
1667456300;0.0;0.0;0.0
1667456360;0.0;0.0;0.0
1667456420;0.0;0.0;0.0
1667456480;0.0;0.0;0.0
1667456540;0.0;0.0;0.0
1667456600;0.0;0.0;0.0
1667456660;0.0;0.0;0.0
1667456720;0.0;0.0;0.0
1667456780;0.0;0.0;0.0
1667456840;0.0;0.0;0.0
1667456900;0.0;0.0;0.0
1667456960;0.0;0.0;0.0
1667457020;0.0;0.0;0.0
1667457080;0.0;0.0;0.0
1667457140;0.0;0.0;0.0
1667457200;0.0;0.0;0.0
1667457260;0.0;0.0;0.0
1667457320;0.0;0.0;0.0
1667457380;0.0;0.0;0.0
1667457440;0.0;0.0;0.0
1667457500;0.0;0.0;0.0
1667457560;0.0;0.0;0.0
1667457620;0.0;0.0;0.0
1667457680;0.0;0.0;0.0
1667457740;0.0;0.0;0.0
1667457800;0.0;0.0;0.0
1667457860;0.0;0.0;0.0
1667457920;0.0;0.0;0.0
1667457980;0.0;0.0;0.0
1667458040;0.0;0.0;0.0
1667458100;0.0;0.0;0.0
1667458160;0.0;0.0;0.0
1667458220;0.0;0.0;0.0
1667458280;0.0;0.0;0.0
1667458340;0.0;0.0;0.0
1667458400;0.0;0.0;0.0
1667458460;0.0;0.0;0.0
1667458520;0.0;0.0;0.0
1667458580;0.0;0.0;0.0
1667458640;0.0;0.0;0.0
1667458700;0.0;0.0;0.0
1667458760;0.0;0.0;0.0
1667458820;0.0;0.0;0.0
1667458880;0.0;0.0;0.0
1667458940;0.0;0.0;0.0
1667459000;0.0;0.0;0.0
1667459060;0.0;0.0;0.0
1667459120;0.0;0.0;0.0
1667459180;0.0;0.0;0.0
1667459240;0.0;0.0;0.0
1667459300;0.0;0.0;0.0
1667459360;0.0;0.0;0.0
1667459420;0.0;0.0;0.0
1667459480;0.0;0.0;0.0
1667459540;0.0;0.0;0.0
1667459600;0.0;0.0;0.0
1667459660;0.0;0.0;0.0
1667459720;0.0;0.0;0.0
1667459780;0.0;0.0;0.0
1667459840;0.0;0.0;0.0
1667459900;0.0;0.0;0.0
1667459960;0.0;0.0;0.0
1667460020;0.0;0.0;0.0
1667460080;0.0;0.0;0.0
1667460140;0.0;0.0;0.0
1667460200;0.0;0.0;0.0
1667460260;0.0;0.0;0.0
1667460320;0.0;0.0;0.0
1667460380;0.0;0.0;0.0
1667460440;0.0;0.0;0.0
1667460500;0.0;0.0;0.0
1667460560;0.0;0.0;0.0
1667460620;0.0;0.0;0.0
1667460680;0.0;0.0;0.0
1667460740;0.0;0.0;0.0
1667460800;0.0;0.0;0.0
1667460860;0.0;0.0;0.0
1667460920;0.0;0.0;0.0
1667460980;0.0;0.0;0.0
1667461040;0.0;0.0;0.0
1667461100;0.0;0.0;0.0
1667461160;0.0;0.0;0.0
1667461220;0.0;0.0;0.0
1667461280;0.0;0.0;0.0
1667461340;0.0;0.0;0.0
1667461400;0.0;0.0;0.0
1667461460;0.0;0.0;0.0
1667461520;0.0;0.0;0.0
1667461580;0.0;0.0;0.0
1667461640;0.0;0.0;0.0
1667461700;0.0;0.0;0.0
1667461760;0.0;0.0;0.0
1667461820;0.0;0.0;0.0
1667461880;0.0;0.0;0.0
1667461940;0.0;0.0;0.0
1667462000;0.0;0.0;0.0
1667462060;0.0;0.0;0.0
1667462120;0.0;0.0;0.0
1667462180;0.0;0.0;0.0
1667462240;0.0;0.0;0.0
1667462300;0.0;0.0;0.0
1667462360;0.0;0.0;0.0
1667462420;0.0;0.0;0.0
1667462480;0.0;0.0;0.0
1667462540;0.0;0.0;0.0
1667462600;0.0;0.0;0.0
1667462660;0.0;0.0;0.0
1667462720;0.0;0.0;0.0
1667462780;0.0;0.0;0.0
1667462840;0.0;0.0;0.0
1667462900;0.0;0.0;0.0
1667462960;0.0;0.0;0.0
1667463020;0.0;0.0;0.0
1667463080;0.0;0.0;0.0
1667463140;0.0;0.0;0.0
1667463200;0.0;0.0;0.0
1667463260;0.0;0.0;0.0
1667463320;0.0;0.0;0.0
1667463380;0.0;0.0;0.0
1667463440;0.0;0.0;0.0
1667463500;0.0;0.0;0.0
1667463560;0.0;0.0;0.0
1667463620;0.0;0.0;0.0
1667463680;0.0;0.0;0.0
1667463740;0.0;0.0;0.0
1667463800;0.0;0.0;0.0
1667463860;0.0;0.0;0.0
1667463920;0.0;0.0;0.0
1667463980;0.0;0.0;0.0
1667464040;0.0;0.0;0.0
1667464100;0.0;0.0;0.0
1667464160;0.0;0.0;0.0
1667464220;0.0;0.0;0.0
1667464280;0.0;0.0;0.0
1667464340;0.0;0.0;0.0
1667464400;0.0;0.0;0.0
1667464460;0.0;0.0;0.0
1667464520;0.0;0.0;0.0
1667464580;0.0;0.0;0.0
1667464640;0.0;0.0;0.0
1667464700;0.0;0.0;0.0
1667464760;0.0;0.0;0.0
1667464820;0.0;0.0;0.0
1667464880;0.0;0.0;0.0
1667464940;0.0;0.0;0.0
1667465000;0.0;0.0;0.0
1667465060;0.0;0.0;0.0
1667465120;0.0;0.0;0.0
1667465180;0.0;0.0;0.0
1667465240;0.0;0.0;0.0
1667465300;0.0;0.0;0.0
1667465360;0.0;0.0;0.0
1667465420;0.0;0.0;0.0
1667465480;0.0;0.0;0.0
1667465540;0.0;0.0;0.0
1667465600;0.0;0.0;0.0
1667465660;0.0;0.0;0.0
1667465720;0.0;0.0;0.0
1667465780;0.0;0.0;0.0
1667465840;0.0;0.0;0.0
1667465900;0.0;0.0;0.0
1667465960;0.0;0.0;0.0
1667466020;0.0;0.0;0.0
1667466080;0.0;0.0;0.0
1667466140;0.0;0.0;0.0
1667466200;0.0;0.0;0.0
1667466260;0.0;0.0;0.0
1667466320;0.0;0.0;0.0
1667466380;0.0;0.0;0.0
1667466440;0.0;0.0;0.0
1667466500;0.0;0.0;0.0
1667466560;0.0;0.0;0.0
1667466620;0.0;0.0;0.0
1667466680;0.0;0.0;0.0
1667466740;0.0;0.0;0.0
1667466800;0.0;0.0;0.0
1667466860;0.0;0.0;0.0
1667466920;0.0;0.0;0.0
1667466980;0.0;0.0;0.0
1667467040;0.0;0.0;0.0
1667467100;0.0;0.0;0.0
1667467160;0.0;0.0;0.0
1667467220;0.0;0.0;0.0
1667467280;0.0;0.0;0.0
1667467340;0.0;0.0;0.0
1667467400;0.0;0.0;0.0
1667467460;0.0;0.0;0.0
1667467520;0.0;0.0;0.0
1667467580;0.0;0.0;0.0
1667467640;0.0;0.0;0.0
1667467700;0.0;0.0;0.0
1667467760;0.0;0.0;0.0
1667467820;0.0;0.0;0.0
1667467880;0.0;0.0;0.0
1667467940;0.0;0.0;0.0
1667468000;0.0;0.0;0.0
1667468060;0.0;0.0;0.0
1667468120;0.0;0.0;0.0
1667468180;0.0;0.0;0.0
1667468240;0.0;0.0;0.0
1667468300;0.0;0.0;0.0
1667468360;0.0;0.0;0.0
1667468420;0.0;0.0;0.0
1667468480;0.0;0.0;0.0
1667468540;0.0;0.0;0.0
1667468600;0.0;0.0;0.0
1667468660;0.0;0.0;0.0
1667468720;0.0;0.0;0.0
1667468780;0.0;0.0;0.0
1667468840;0.0;0.0;0.0
1667468900;0.0;0.0;0.0
1667468960;0.0;0.0;0.0
1667469020;0.0;0.0;0.0
1667469080;0.0;0.0;0.0
1667469140;0.0;0.0;0.0
1667469200;0.0;0.0;0.0
1667469260;0.0;0.0;0.0
1667469320;0.0;0.0;0.0
1667469380;0.0;0.0;0.0
1667469440;0.0;0.0;0.0
1667469500;0.0;0.0;0.0
1667469560;0.0;0.0;0.0
1667469620;0.0;0.0;0.0
1667469680;0.0;0.0;0.0
1667469740;0.0;0.0;0.0
1667469800;0.0;0.0;0.0
1667469860;0.0;0.0;0.0
1667469920;0.0;0.0;0.0
1667469980;0.0;0.0;0.0
1667470040;0.0;0.0;0.0
1667470100;0.0;0.0;0.0
1667470160;0.0;0.0;0.0
1667470220;0.0;0.0;0.0
1667470280;0.0;0.0;0.0
1667470340;664.856870174408;0.016666666666666666;0.016666666666666666
1667470400;227.95953763326008;0.01666666666666667;0.01666666666666667
1667470460;1590.7652854998905;0.34228571909435596;0.02960173203888084
1667470520;140.83463966449102;0.0410476142389773;0.0037316012944524812
1667470580;0.0;0.0;0.0
1667470640;0.0;0.0;0.0
1667470700;0.0;0.0;0.0
1667470760;0.0;0.0;0.0
1667470820;0.0;0.0;0.0
1667470880;0.0;0.0;0.0
1667470940;0.0;0.0;0.0
1667471000;0.0;0.0;0.0
1667471060;0.0;0.0;0.0
1667471120;0.0;0.0;0.0
1667471180;0.0;0.0;0.0
1667471240;0.0;0.0;0.0
1667471300;0.0;0.0;0.0
1667471360;0.0;0.0;0.0
1667471420;0.0;0.0;0.0
1667471480;0.0;0.0;0.0
1667471540;0.0;0.0;0.0
1667471600;0.0;0.0;0.0
1667471660;0.0;0.0;0.0
1667471720;0.0;0.0;0.0
1667471780;0.0;0.0;0.0
1667471840;0.0;0.0;0.0
1667471900;0.0;0.0;0.0
1667471960;0.0;0.0;0.0
1667472020;0.0;0.0;0.0
1667472080;0.0;0.0;0.0
1667472140;0.0;0.0;0.0
1667472200;0.0;0.0;0.0
1667472260;0.0;0.0;0.0
1667472320;0.0;0.0;0.0
1667472380;0.0;0.0;0.0
1667472440;0.0;0.0;0.0
1667472500;0.0;0.0;0.0
1667472560;0.0;0.0;0.0
1667472620;0.0;0.0;0.0
1667472680;25.08274917602539;0.016666666666666666;0.016666666666666666
1667472740;1394.1473505735398;5.883602189049355e-05;5.883602189049355e-05
1667472800;5958.0;0.0002514404365358866;0.0002514404365358866
1667472860;5958.0;0.0002514404365358866;0.0002514404365358866
1667472920;5958.0;0.0002514404365358866;0.0002514404365358866
1667472980;5958.0;0.0002514404365358866;0.0002514404365358866
1667473040;5958.0;0.0002514404365358866;0.0002514404365358866
1667473100;5958.0;0.0002514404365358866;0.0002514404365358866
1667473160;5958.0;0.0002514404365358866;0.0002514404365358866
1667473220;5958.0;0.0002514404365358866;0.0002514404365358866
1667473280;5958.0;0.0002514404365358866;0.0002514404365358866
1667473340;5958.0;0.0002514404365358866;0.0002514404365358866
1667473400;5958.0;0.0002514404365358866;0.0002514404365358866
1667473460;5958.0;0.0002514404365358866;0.0002514404365358866
1667473520;5958.0;0.0002514404365358866;0.0002514404365358866
1667473580;5958.0;0.0002514404365358866;0.0002514404365358866
1667473640;5958.0;0.0002514404365358866;0.0002514404365358866
1667473700;5958.0;0.0002514404365358866;0.0002514404365358866
1667473760;5958.0;0.0002514404365358866;0.0002514404365358866
1667473820;5958.0;0.0002514404365358866;0.0002514404365358866
1667473880;5958.0;0.0002514404365358866;0.0002514404365358866
1667473940;5958.0;0.0002514404365358866;0.0002514404365358866
1667474000;5958.0;0.0002514404365358866;0.0002514404365358866
1667474060;5958.0;0.0002514404365358866;0.0002514404365358866
1667474120;5958.0;0.0002514404365358866;0.0002514404365358866
1667474180;5958.0;0.0002514404365358866;0.0002514404365358866
1667474240;5958.0;0.0002514404365358866;0.0002514404365358866
1667474300;5958.0;0.0002514404365358866;0.0002514404365358866
1667474360;5958.0;0.0002514404365358866;0.0002514404365358866
1667474420;5958.0;0.0002514404365358866;0.0002514404365358866
1667474480;5958.0;0.0002514404365358866;0.0002514404365358866
1667474540;5958.0;0.0002514404365358866;0.0002514404365358866
1667474600;5958.0;0.0002514404365358866;0.0002514404365358866
1667474660;5958.0;0.0002514404365358866;0.0002514404365358866
1667474720;5958.0;0.0002514404365358866;0.0002514404365358866
1667474780;5958.0;0.0002514404365358866;0.0002514404365358866
1667474840;5958.0;0.0002514404365358866;0.0002514404365358866
1667474900;5958.0;0.0002514404365358866;0.0002514404365358866
1667474960;5958.0;0.0002514404365358866;0.0002514404365358866
1667475020;5958.0;0.0002514404365358866;0.0002514404365358866
1667475080;5958.0;0.0002514404365358866;0.0002514404365358866
1667475140;5958.0;0.0002514404365358866;0.0002514404365358866
1667475200;5958.0;0.0002514404365358866;0.0002514404365358866
1667475260;5958.0;0.0002514404365358866;0.0002514404365358866
1667475320;5958.0;0.0002514404365358866;0.0002514404365358866
1667475380;5958.0;0.0002514404365358866;0.0002514404365358866
1667475440;5958.0;0.0002514404365358866;0.0002514404365358866
1667475500;5958.0;0.0002514404365358866;0.0002514404365358866
1667475560;5958.0;0.0002514404365358866;0.0002514404365358866
1667475620;5958.0;0.0002514404365358866;0.0002514404365358866
1667475680;5958.0;0.0002514404365358866;0.0002514404365358866
1667475740;5958.0;0.0002514404365358866;0.0002514404365358866
1667475800;5958.0;0.0002514404365358866;0.0002514404365358866
1667475860;5958.0;0.0002514404365358866;0.0002514404365358866
1667475920;5958.0;0.0002514404365358866;0.0002514404365358866
1667475980;5958.0;0.0002514404365358866;0.0002514404365358866
1667476040;5958.0;0.0002514404365358866;0.0002514404365358866
1667476100;5958.0;0.0002514404365358866;0.0002514404365358866
1667476160;5958.0;0.0002514404365358866;0.0002514404365358866
1667476220;5958.0;0.0002514404365358866;0.0002514404365358866
1667476280;5958.0;0.0002514404365358866;0.0002514404365358866
1667476340;5958.0;0.0002514404365358866;0.0002514404365358866
1667476400;5958.0;0.0002514404365358866;0.0002514404365358866
1667476460;5958.0;0.0002514404365358866;0.0002514404365358866
1667476520;5958.0;0.0002514404365358866;0.0002514404365358866
1667476580;5958.0;0.0002514404365358866;0.0002514404365358866
1667476640;5958.0;0.0002514404365358866;0.0002514404365358866
1667476700;5958.0;0.0002514404365358866;0.0002514404365358866
1667476760;5958.9492451032;0.007059540849079637;0.0035361513412436466
1667476820;5959.0;0.007423561092824742;0.003711780546412371
1667476880;5959.0;0.007423561092824742;0.003711780546412371
1667476940;5959.0;0.007423561092824742;0.003711780546412371
1667477000;5313.702402897676;0.5706825377058538;0.06867460218626023
1667477060;5540.373394680023;0.4244381765082116;0.007317899594969165
1667477120;5966.0;0.45704467563133155;0.007880080614333302
1667477180;1111.9408332824707;0.08518381452712359;0.0014686864573641998
1667477240;0.0;0.0;0.0
1667477300;0.0;0.0;0.0
1667477360;0.0;0.0;0.0
1667477420;0.0;0.0;0.0
1667477480;895.7438965757688;0.033333333333333326;0.016666666666666666
1667477540;571.1908023635547;0.042141104403599895;0.0
1667477600;5559.352092734973;0.343803898062269;0.0
1667477660;5981.0;0.004289810390970652;0.0
1667477720;5981.0;0.004289810390970652;0.0
1667477780;5981.0;0.004289810390970652;0.0
1667477840;5689.4822703083355;0.6216677938219085;0.06666666666666667
1667477900;4251.3099617242815;0.08688681313135452;0.0
1667477960;5470.063513934612;0.34263095940795596;0.03333333333333334
1667478020;0.0;0.0;0.0
1667478080;0.0;0.0;0.0
1667478140;5613.988748188814;0.48596005197303466;0.06236000472482133
1667478200;98.95428888797761;0.04737328136029864;0.004306661941845331
1667478260;0.0;0.0;0.0
1667478320;0.0;0.0;0.0
1667478380;0.0;0.0;0.0
1667478440;782.5319946368536;0.34787092720080975;0.039429078635017045
1667478500;1677.1125550985337;0.5187957394658568;0.06057092136498296
1667478560;0.0;0.0;0.0
1667478620;2212.093748474121;0.009907750839404473;0.0
1667478680;5798.817898380757;0.21030285998838807;0.016666666666666666
1667478740;6052.0;0.10424192016623796;0.0
1667478800;6052.0;0.10424192016623796;0.0
1667478860;4765.088022279739;0.07205160842815776;0.000746059588426231
1667478920;6056.0;0.007225742396387625;0.007225742396387625
1667478980;6056.0;0.007225742396387625;0.007225742396387625
1667479040;6056.0;0.007225742396387625;0.007225742396387625
1667479100;6056.0;0.007225742396387625;0.007225742396387625
1667479160;6056.0;0.007225742396387625;0.007225742396387625
1667479220;6056.0;0.007225742396387625;0.007225742396387625
1667479280;6056.217078252634;0.8794651009206085;0.16394594234405346
1667479340;344.85185914039613;0.20976771844597283;0.041953543689194565
1667479400;0.0;0.0;0.0
1667479460;0.0;0.0;0.0
1667479520;0.0;0.0;0.0
1667479580;0.0;0.0;0.0
1667479640;0.0;0.0;0.0
1667479700;0.0;0.0;0.0
1667479760;0.0;0.0;0.0
1667479820;0.0;0.0;0.0
1667479880;0.0;0.0;0.0
1667479940;0.0;0.0;0.0
1667480000;0.0;0.0;0.0
1667480060;0.0;0.0;0.0
1667480120;0.0;0.0;0.0
1667480180;0.0;0.0;0.0
1667480240;0.0;0.0;0.0
1667480300;0.0;0.0;0.0
1667480360;0.0;0.0;0.0
1667480420;0.0;0.0;0.0
1667480480;0.0;0.0;0.0
1667480540;0.0;0.0;0.0
1667480600;0.0;0.0;0.0
1667480660;0.0;0.0;0.0
1667480720;0.0;0.0;0.0
1667480780;0.0;0.0;0.0
1667480840;0.0;0.0;0.0
1667480900;0.0;0.0;0.0
1667480960;0.0;0.0;0.0
1667481020;0.0;0.0;0.0
1667481080;0.0;0.0;0.0
1667481140;0.0;0.0;0.0
1667481200;0.0;0.0;0.0
1667481260;0.0;0.0;0.0
1667481320;0.0;0.0;0.0
1667481380;0.0;0.0;0.0
1667481440;0.0;0.0;0.0
1667481500;0.0;0.0;0.0
1667481560;0.0;0.0;0.0
1667481620;0.0;0.0;0.0
1667481680;0.0;0.0;0.0
1667481740;0.0;0.0;0.0
1667481800;0.0;0.0;0.0
1667481860;0.0;0.0;0.0
1667481920;0.0;0.0;0.0
1667481980;0.0;0.0;0.0
1667482040;0.0;0.0;0.0
1667482100;0.0;0.0;0.0
1667482160;0.0;0.0;0.0
1667482220;0.0;0.0;0.0
1667482280;3534.6390177726744;0.0035291233280315957;0.0035291233280315957
1667482340;6072.0;0.006062524840601988;0.006062524840601988
1667482400;6072.0;0.006062524840601988;0.006062524840601988
1667482460;3039.7320637226107;0.49226643531182274;0.0527726288398885
1667482520;6081.0;0.12437540287859854;0.02763897841746634
1667482580;4648.301831392447;0.1998093603704555;0.0315073372173172
1667482640;6084.0;0.22099416256132604;0.03683236042688767
1667482700;373.50504369735717;0.013567132535228293;0.0022611887558713823
1667482760;2835.072170476119;0.7333333333333334;0.11666666666666667
1667482820;0.0;0.0;0.0
1667482880;0.0;0.0;0.0
1667482940;0.0;0.0;0.0
1667483000;0.0;0.0;0.0
1667483060;0.0;0.0;0.0
1667483120;0.0;0.0;0.0
1667483180;0.0;0.0;0.0
1667483240;0.0;0.0;0.0
1667483300;0.0;0.0;0.0
1667483360;0.0;0.0;0.0
1667483420;0.0;0.0;0.0
1667483480;0.0;0.0;0.0
1667483540;0.0;0.0;0.0
1667483600;0.0;0.0;0.0
1667483660;0.0;0.0;0.0
1667483720;0.0;0.0;0.0
1667483780;0.0;0.0;0.0
1667483840;0.0;0.0;0.0
1667483900;0.0;0.0;0.0
1667483960;0.0;0.0;0.0
1667484020;0.0;0.0;0.0
1667484080;0.0;0.0;0.0
1667484140;0.0;0.0;0.0
1667484200;0.0;0.0;0.0
1667484260;0.0;0.0;0.0
1667484320;0.0;0.0;0.0
1667484380;0.0;0.0;0.0
1667484440;415.60271711349486;0.016666666666666666;0.016666666666666666
1667484500;0.0;0.0;0.0
1667484560;0.0;0.0;0.0
1667484620;0.0;0.0;0.0
1667484680;0.0;0.0;0.0
1667484740;0.0;0.0;0.0
1667484800;0.0;0.0;0.0
1667484860;0.0;0.0;0.0
1667484920;0.0;0.0;0.0
1667484980;0.0;0.0;0.0
1667485040;0.0;0.0;0.0
1667485100;0.0;0.0;0.0
1667485160;0.0;0.0;0.0
1667485220;0.0;0.0;0.0
1667485280;1405.2470403313637;0.05;0.016666666666666666
1667485340;0.0;0.0;0.0
1667485400;0.0;0.0;0.0
1667485460;491.9565565665563;0.31666666666666665;0.016666666666666666
1667485520;0.0;0.0;0.0
1667485580;0.0;0.0;0.0
1667485640;0.0;0.0;0.0
1667485700;0.0;0.0;0.0
1667485760;0.0;0.0;0.0
1667485820;0.0;0.0;0.0
1667485880;0.0;0.0;0.0
1667485940;0.0;0.0;0.0
1667486000;0.0;0.0;0.0
1667486060;0.0;0.0;0.0
1667486120;0.0;0.0;0.0
1667486180;0.0;0.0;0.0
1667486240;482.3985909938812;0.03333333333333333;0.016666666666666666
1667486300;0.0;0.0;0.0
1667486360;0.0;0.0;0.0
1667486420;0.0;0.0;0.0
1667486480;0.0;0.0;0.0
1667486540;0.0;0.0;0.0
1667486600;0.0;0.0;0.0
1667486660;0.0;0.0;0.0
1667486720;0.0;0.0;0.0
1667486780;0.0;0.0;0.0
1667486840;0.0;0.0;0.0
1667486900;0.0;0.0;0.0
1667486960;0.0;0.0;0.0
1667487020;0.0;0.0;0.0
1667487080;0.0;0.0;0.0
1667487140;0.0;0.0;0.0
1667487200;0.0;0.0;0.0
1667487260;0.0;0.0;0.0
1667487320;0.0;0.0;0.0
1667487380;0.0;0.0;0.0
1667487440;0.0;0.0;0.0
1667487500;0.0;0.0;0.0
1667487560;0.0;0.0;0.0
1667487620;0.0;0.0;0.0
1667487680;0.0;0.0;0.0
1667487740;0.0;0.0;0.0
1667487800;0.0;0.0;0.0
1667487860;0.0;0.0;0.0
1667487920;0.0;0.0;0.0
1667487980;0.0;0.0;0.0
1667488040;0.0;0.0;0.0
1667488100;0.0;0.0;0.0
1667488160;0.0;0.0;0.0
1667488220;0.0;0.0;0.0
1667488280;0.0;0.0;0.0
1667488340;0.0;0.0;0.0
1667488400;0.0;0.0;0.0
1667488460;0.0;0.0;0.0
1667488520;0.0;0.0;0.0
1667488580;0.0;0.0;0.0
1667488640;0.0;0.0;0.0
1667488700;0.0;0.0;0.0
1667488760;0.0;0.0;0.0
1667488820;0.0;0.0;0.0
1667488880;0.0;0.0;0.0
1667488940;0.0;0.0;0.0
1667489000;0.0;0.0;0.0
1667489060;0.0;0.0;0.0
1667489120;0.0;0.0;0.0
1667489180;0.0;0.0;0.0
1667489240;0.0;0.0;0.0
1667489300;0.0;0.0;0.0
1667489360;0.0;0.0;0.0
1667489420;0.0;0.0;0.0
1667489480;0.0;0.0;0.0
1667489540;0.0;0.0;0.0
1667489600;0.0;0.0;0.0
1667489660;0.0;0.0;0.0
1667489720;0.0;0.0;0.0
1667489780;0.0;0.0;0.0
1667489840;0.0;0.0;0.0
1667489900;0.0;0.0;0.0
1667489960;0.0;0.0;0.0
1667490020;0.0;0.0;0.0
1667490080;0.0;0.0;0.0
1667490140;0.0;0.0;0.0
1667490200;0.0;0.0;0.0
1667490260;0.0;0.0;0.0
1667490320;0.0;0.0;0.0
1667490380;0.0;0.0;0.0
1667490440;0.0;0.0;0.0
1667490500;0.0;0.0;0.0
1667490560;0.0;0.0;0.0
1667490620;0.0;0.0;0.0
1667490680;0.0;0.0;0.0
1667490740;0.0;0.0;0.0
1667490800;0.0;0.0;0.0
1667490860;0.0;0.0;0.0
1667490920;0.0;0.0;0.0
1667490980;0.0;0.0;0.0
1667491040;0.0;0.0;0.0
1667491100;0.0;0.0;0.0
1667491160;0.0;0.0;0.0
1667491220;0.0;0.0;0.0
1667491280;0.0;0.0;0.0
1667491340;0.0;0.0;0.0
1667491400;0.0;0.0;0.0
1667491460;0.0;0.0;0.0
1667491520;0.0;0.0;0.0
1667491580;0.0;0.0;0.0
1667491640;0.0;0.0;0.0
1667491700;0.0;0.0;0.0
1667491760;0.0;0.0;0.0
1667491820;0.0;0.0;0.0
1667491880;0.0;0.0;0.0
1667491940;0.0;0.0;0.0
1667492000;0.0;0.0;0.0
1667492060;0.0;0.0;0.0
1667492120;0.0;0.0;0.0
1667492180;0.0;0.0;0.0
1667492240;0.0;0.0;0.0
1667492300;0.0;0.0;0.0
1667492360;0.0;0.0;0.0
1667492420;0.0;0.0;0.0
1667492480;0.0;0.0;0.0
1667492540;0.0;0.0;0.0
1667492600;0.0;0.0;0.0
1667492660;0.0;0.0;0.0
1667492720;0.0;0.0;0.0
1667492780;0.0;0.0;0.0
1667492840;0.0;0.0;0.0
1667492900;0.0;0.0;0.0
1667492960;0.0;0.0;0.0
1667493020;0.0;0.0;0.0
1667493080;0.0;0.0;0.0
1667493140;0.0;0.0;0.0
1667493200;0.0;0.0;0.0
1667493260;0.0;0.0;0.0
1667493320;0.0;0.0;0.0
1667493380;0.0;0.0;0.0
1667493440;0.0;0.0;0.0
1667493500;0.0;0.0;0.0
1667493560;0.0;0.0;0.0
1667493620;0.0;0.0;0.0
1667493680;0.0;0.0;0.0
1667493740;0.0;0.0;0.0
1667493800;0.0;0.0;0.0
1667493860;0.0;0.0;0.0
1667493920;0.0;0.0;0.0
1667493980;0.0;0.0;0.0
1667494040;0.0;0.0;0.0
1667494100;0.0;0.0;0.0
1667494160;0.0;0.0;0.0
1667494220;0.0;0.0;0.0
1667494280;0.0;0.0;0.0
1667494340;0.0;0.0;0.0
1667494400;0.0;0.0;0.0
1667494460;0.0;0.0;0.0
1667494520;0.0;0.0;0.0
1667494580;0.0;0.0;0.0
1667494640;0.0;0.0;0.0
1667494700;0.0;0.0;0.0
1667494760;0.0;0.0;0.0
1667494820;0.0;0.0;0.0
1667494880;0.0;0.0;0.0
1667494940;0.0;0.0;0.0
1667495000;0.0;0.0;0.0
1667495060;0.0;0.0;0.0
1667495120;0.0;0.0;0.0
1667495180;0.0;0.0;0.0
1667495240;0.0;0.0;0.0
1667495300;0.0;0.0;0.0
1667495360;0.0;0.0;0.0
1667495420;0.0;0.0;0.0
1667495480;0.0;0.0;0.0
1667495540;0.0;0.0;0.0
1667495600;0.0;0.0;0.0
1667495660;0.0;0.0;0.0
1667495720;0.0;0.0;0.0
1667495780;0.0;0.0;0.0
1667495840;0.0;0.0;0.0
1667495900;0.0;0.0;0.0
1667495960;0.0;0.0;0.0
1667496020;0.0;0.0;0.0
1667496080;0.0;0.0;0.0
1667496140;0.0;0.0;0.0
1667496200;0.0;0.0;0.0
1667496260;0.0;0.0;0.0
1667496320;0.0;0.0;0.0
1667496380;668.9935829162597;0.016666666666666663;0.016666666666666663
1667496440;0.0;0.0;0.0
1667496500;0.0;0.0;0.0
1667496560;0.0;0.0;0.0
1667496620;0.0;0.0;0.0
1667496680;0.0;0.0;0.0
1667496740;0.0;0.0;0.0
1667496800;0.0;0.0;0.0
1667496860;4015.329146003723;0.0018311523641933226;0.0018311523641933226
1667496920;6192.0;0.002823802240563454;0.002823802240563454
1667496980;6192.0;0.002823802240563454;0.002823802240563454
1667497040;6192.0;0.002823802240563454;0.002823802240563454
1667497100;6192.0;0.002823802240563454;0.002823802240563454
1667497160;6192.0;0.002823802240563454;0.002823802240563454
1667497220;1571.1394832611086;0.0007165030996560765;0.0007165030996560765
1667497280;0.0;0.0;0.0
1667497340;3487.2689998825394;0.04329013884538173;0.0
1667497400;818.0788574576377;0.006709861154618274;0.0
1667497460;0.0;0.0;0.0
1667497520;0.0;0.0;0.0
1667497580;0.0;0.0;0.0
1667497640;0.0;0.0;0.0
1667497700;1895.7161083221436;0.001570962645536411;0.0
1667497760;6240.0;0.005171031076390152;0.0
1667497820;6240.0;0.005171031076390152;0.0
1667497880;5736.327014923096;0.0047536418683499495;0.0
1667497940;0.0;0.0;0.0
1667498000;0.0;0.0;0.0
1667498060;0.0;0.0;0.0
1667498120;0.0;0.0;0.0
1667498180;0.0;0.0;0.0
1667498240;78.95878263314566;0.016666666666666666;0.016666666666666666
